🔥 Rspress v2.0.3

(node:122442) [MODULE_TYPELESS_PACKAGE_JSON] Warning: Module type of file:///home/dev/rspress-yarn/rspress.config.ts?t=1771953081405 is not specified and it doesn't parse as CommonJS.
Reparsing as ES module because module syntax was detected. This incurs a performance overhead.
To eliminate this warning, add "type": "module" to /home/dev/rspress-yarn/package.json.
(Use `node --trace-warnings ...` to show where the warning was created)
warn    react not found:
    Error: Cannot find module 'react'
info    [Rspress v2] Rspress support React 18 and 19, please confirm that both react and react-dom are installed in package.json with the same version.
warn    react/jsx-runtime not found:
    Error: Cannot find module 'react/jsx-runtime'
info    [Rspress v2] Rspress support React 18 and 19, please confirm that both react and react-dom are installed in package.json with the same version.
warn    react/jsx-dev-runtime not found:
    Error: Cannot find module 'react/jsx-dev-runtime'
info    [Rspress v2] Rspress support React 18 and 19, please confirm that both react and react-dom are installed in package.json with the same version.
warn    react/package.json not found:
    Error: Cannot find module 'react/package.json'
info    [Rspress v2] Rspress support React 18 and 19, please confirm that both react and react-dom are installed in package.json with the same version.
warn    react-dom not found:
    Error: Cannot find module 'react-dom'
info    [Rspress v2] Rspress support React 18 and 19, please confirm that both react and react-dom are installed in package.json with the same version.
warn    react-dom/client not found:
    Error: Cannot find module 'react-dom/client'
info    [Rspress v2] Rspress support React 18 and 19, please confirm that both react and react-dom are installed in package.json with the same version.
warn    react-dom/server not found:
    Error: Cannot find module 'react-dom/server'
info    [Rspress v2] Rspress support React 18 and 19, please confirm that both react and react-dom are installed in package.json with the same version.
warn    react-dom/package.json not found:
    Error: Cannot find module 'react-dom/package.json'
info    [Rspress v2] Rspress support React 18 and 19, please confirm that both react and react-dom are installed in package.json with the same version.
warn    react not found:
    Error: Cannot find module 'react'
info    [Rspress v2] Rspress support React 18 and 19, please confirm that both react and react-dom are installed in package.json with the same version.
warn    react/jsx-runtime not found:
    Error: Cannot find module 'react/jsx-runtime'
info    [Rspress v2] Rspress support React 18 and 19, please confirm that both react and react-dom are installed in package.json with the same version.
warn    react/jsx-dev-runtime not found:
    Error: Cannot find module 'react/jsx-dev-runtime'
info    [Rspress v2] Rspress support React 18 and 19, please confirm that both react and react-dom are installed in package.json with the same version.
warn    react/package.json not found:
    Error: Cannot find module 'react/package.json'
info    [Rspress v2] Rspress support React 18 and 19, please confirm that both react and react-dom are installed in package.json with the same version.
warn    react-dom not found:
    Error: Cannot find module 'react-dom'
info    [Rspress v2] Rspress support React 18 and 19, please confirm that both react and react-dom are installed in package.json with the same version.
warn    react-dom/client not found:
    Error: Cannot find module 'react-dom/client'
info    [Rspress v2] Rspress support React 18 and 19, please confirm that both react and react-dom are installed in package.json with the same version.
warn    react-dom/server not found:
    Error: Cannot find module 'react-dom/server'
info    [Rspress v2] Rspress support React 18 and 19, please confirm that both react and react-dom are installed in package.json with the same version.
warn    react-dom/package.json not found:
    Error: Cannot find module 'react-dom/package.json'
info    [Rspress v2] Rspress support React 18 and 19, please confirm that both react and react-dom are installed in package.json with the same version.
warn    react-router-dom not found:
 Error: Cannot find module 'react-router-dom/package.json'
    at resolveReactRouterDomAlias (file:///home/dev/.yarn/berry/cache/@rspress-core-npm-2.0.3-c87d0adf5b-10c0.zip/node_modules/@rspress/core/dist/node/utils/reactAlias.js:33:35)
    at async Promise.all (index 2)
    at async createInternalBuildConfig (file:///home/dev/.yarn/berry/cache/@rspress-core-npm-2.0.3-c87d0adf5b-10c0.zip/node_modules/@rspress/core/dist/node/initRsbuild.js:46:65)
    at async initRsbuild (file:///home/dev/.yarn/berry/cache/@rspress-core-npm-2.0.3-c87d0adf5b-10c0.zip/node_modules/@rspress/core/dist/node/initRsbuild.js:352:35)
    at async build (file:///home/dev/.yarn/berry/cache/@rspress-core-npm-2.0.3-c87d0adf5b-10c0.zip/node_modules/@rspress/core/dist/node/build.js:23:25)
    at async CAC.<anonymous> (file:///home/dev/.yarn/berry/cache/@rspress-core-npm-2.0.3-c87d0adf5b-10c0.zip/node_modules/@rspress/core/dist/cli/index.js:89:9)
info    build started...
error   build failed in 0.44 s (node)
error   Build errors:
File: ../../.yarn/berry/cache/react-lazy-with-preload-npm-2.2.1-34daf03779-10c0.zip/node_modules/react-lazy-with-preload/lib/index.js:4:23-30
  × Module not found: Can't resolve 'react' in '/home/dev/.yarn/berry/cache/react-lazy-with-preload-npm-2.2.1-34daf03779-10c0.zip/node_modules/react-lazy-with-preload/lib'
   ╭─[4:14]
 2 │ Object.defineProperty(exports, "__esModule", { value: true });
 3 │ exports.lazyWithPreload = void 0;
 4 │ var react_1 = require("react");
   ·               ────────────────
 5 │ function lazyWithPreload(factory) {
 6 │     var ReactLazyComponent = (0, react_1.lazy)(factory);
   ╰────
Import traces (entry → error):
  ../../.yarn/berry/cache/@rspress-core-npm-2.0.3-c87d0adf5b-10c0.zip/node_modules/@rspress/core/dist/runtime/ssrClientEntry.js
  ../../.yarn/berry/cache/@rspress-core-npm-2.0.3-c87d0adf5b-10c0.zip/node_modules/@rspress/core/dist/runtime/index.js
  … (1 hidden)
  ./.rspress/runtime/virtual-routes.js
  ../../.yarn/berry/cache/react-lazy-with-preload-npm-2.2.1-34daf03779-10c0.zip/node_modules/react-lazy-with-preload/lib/index.js ×

File: ../../.yarn/berry/cache/@rspress-core-npm-2.0.3-c87d0adf5b-10c0.zip/node_modules/@rspress/core/dist/runtime/App.js:1:1-57
  × Module not found: Can't resolve 'react/jsx-runtime' in '/home/dev/.yarn/berry/cache/@rspress-core-npm-2.0.3-c87d0adf5b-10c0.zip/node_modules/@rspress/core/dist/runtime'
   ╭─[1:0]
 1 │ import { Fragment, jsx, jsxs } from "react/jsx-runtime";
   · ────────────────────────────────────────────────────────
 2 │ import { PageContext, useLocation } from "@rspress/core/runtime";
 3 │ import { Layout, Root } from "@theme";
   ╰────
Import traces (entry → error):
  ../../.yarn/berry/cache/@rspress-core-npm-2.0.3-c87d0adf5b-10c0.zip/node_modules/@rspress/core/dist/runtime/ssrClientEntry.js
  ../../.yarn/berry/cache/@rspress-core-npm-2.0.3-c87d0adf5b-10c0.zip/node_modules/@rspress/core/dist/runtime/ClientApp.js
  ../../.yarn/berry/cache/@rspress-core-npm-2.0.3-c87d0adf5b-10c0.zip/node_modules/@rspress/core/dist/runtime/App.js ×

File: ../../.yarn/berry/cache/@rspress-core-npm-2.0.3-c87d0adf5b-10c0.zip/node_modules/@rspress/core/dist/runtime/App.js:4:1-60
  × Module not found: Can't resolve 'react' in '/home/dev/.yarn/berry/cache/@rspress-core-npm-2.0.3-c87d0adf5b-10c0.zip/node_modules/@rspress/core/dist/runtime'
   ╭─[4:0]
 2 │ import { PageContext, useLocation } from "@rspress/core/runtime";
 3 │ import { Layout, Root } from "@theme";
 4 │ import react, { useContext, useLayoutEffect } from "react";
   · ───────────────────────────────────────────────────────────
 5 │ import virtual_global_components from "virtual-global-components";
 6 │ import { initPageData } from "./initPageData.js";
   ╰────
Import traces (entry → error):
  ../../.yarn/berry/cache/@rspress-core-npm-2.0.3-c87d0adf5b-10c0.zip/node_modules/@rspress/core/dist/runtime/ssrClientEntry.js
  ../../.yarn/berry/cache/@rspress-core-npm-2.0.3-c87d0adf5b-10c0.zip/node_modules/@rspress/core/dist/runtime/ClientApp.js
  ../../.yarn/berry/cache/@rspress-core-npm-2.0.3-c87d0adf5b-10c0.zip/node_modules/@rspress/core/dist/runtime/App.js ×

File: ../../.yarn/berry/cache/@rspress-core-npm-2.0.3-c87d0adf5b-10c0.zip/node_modules/@rspress/core/dist/runtime/App.js:9:34-45
  × ESModulesLinkingError: export 'useLocation' (imported as 'useLocation') was not found in '@rspress/core/runtime' (possible exports: Content, NoSSR, PageContext, ThemeContext, addLeadingSlash, addTrailingSlash, cleanUrlByConfig, getSidebarDataGroup, isActive, isEqualPath, isProduction, normalizeHrefInRuntime, normalizeImagePath, pathnameToRouteService, preloadLink, removeBase, removeTrailingSlash, routePathToMdPath, useActiveMatcher, useDark, useFrontmatter, useI18n, useLang, useLocaleSiteData, useNav, usePage, usePageData, useSidebar, useSidebarDynamic, useSite, useVersion, useWindowSize, withBase)
    ╭─[9:33]
  7 │ function App() {
  8 │     const { setData: setPageData, data } = useContext(PageContext);
  9 │     const { pathname, search } = useLocation();
    ·                                  ───────────
 10 │     useLayoutEffect(()=>{
 11 │         async function refetchData() {
    ╰────
Import traces (entry → error):
  ../../.yarn/berry/cache/@rspress-core-npm-2.0.3-c87d0adf5b-10c0.zip/node_modules/@rspress/core/dist/runtime/ssrClientEntry.js
  ../../.yarn/berry/cache/@rspress-core-npm-2.0.3-c87d0adf5b-10c0.zip/node_modules/@rspress/core/dist/runtime/ClientApp.js
  ../../.yarn/berry/cache/@rspress-core-npm-2.0.3-c87d0adf5b-10c0.zip/node_modules/@rspress/core/dist/runtime/App.js ×

File: ../../.yarn/berry/cache/@rspress-core-npm-2.0.3-c87d0adf5b-10c0.zip/node_modules/@rspress/core/dist/runtime/ClientApp.js:1:1-41
  × Module not found: Can't resolve 'react/jsx-runtime' in '/home/dev/.yarn/berry/cache/@rspress-core-npm-2.0.3-c87d0adf5b-10c0.zip/node_modules/@rspress/core/dist/runtime'
   ╭─[1:0]
 1 │ import { jsx } from "react/jsx-runtime";
   · ────────────────────────────────────────
 2 │ import { BrowserRouter, PageContext, ThemeContext, removeTrailingSlash, withBase } from "@rspress/core/runtime";
 3 │ import { useThemeState } from "@theme";
   ╰────
Import traces (entry → error):
  ../../.yarn/berry/cache/@rspress-core-npm-2.0.3-c87d0adf5b-10c0.zip/node_modules/@rspress/core/dist/runtime/ssrClientEntry.js
  ../../.yarn/berry/cache/@rspress-core-npm-2.0.3-c87d0adf5b-10c0.zip/node_modules/@rspress/core/dist/runtime/ClientApp.js ×

File: ../../.yarn/berry/cache/@rspress-core-npm-2.0.3-c87d0adf5b-10c0.zip/node_modules/@rspress/core/dist/runtime/ClientApp.js:4:1-67
  × Module not found: Can't resolve '@unhead/react/client' in '/home/dev/.yarn/berry/cache/@rspress-core-npm-2.0.3-c87d0adf5b-10c0.zip/node_modules/@rspress/core/dist/runtime'
   ╭─[4:0]
 2 │ import { BrowserRouter, PageContext, ThemeContext, removeTrailingSlash, withBase } from "@rspress/core/runtime";
 3 │ import { useThemeState } from "@theme";
 4 │ import { UnheadProvider, createHead } from "@unhead/react/client";
   · ──────────────────────────────────────────────────────────────────
 5 │ import { useMemo, useState } from "react";
 6 │ import { App } from "./App.js";
   ╰────
Import traces (entry → error):
  ../../.yarn/berry/cache/@rspress-core-npm-2.0.3-c87d0adf5b-10c0.zip/node_modules/@rspress/core/dist/runtime/ssrClientEntry.js
  ../../.yarn/berry/cache/@rspress-core-npm-2.0.3-c87d0adf5b-10c0.zip/node_modules/@rspress/core/dist/runtime/ClientApp.js ×

File: ../../.yarn/berry/cache/@rspress-core-npm-2.0.3-c87d0adf5b-10c0.zip/node_modules/@rspress/core/dist/runtime/ClientApp.js:5:1-43
  × Module not found: Can't resolve 'react' in '/home/dev/.yarn/berry/cache/@rspress-core-npm-2.0.3-c87d0adf5b-10c0.zip/node_modules/@rspress/core/dist/runtime'
   ╭─[5:0]
 3 │ import { useThemeState } from "@theme";
 4 │ import { UnheadProvider, createHead } from "@unhead/react/client";
 5 │ import { useMemo, useState } from "react";
   · ──────────────────────────────────────────
 6 │ import { App } from "./App.js";
 7 │ const head = createHead();
   ╰────
Import traces (entry → error):
  ../../.yarn/berry/cache/@rspress-core-npm-2.0.3-c87d0adf5b-10c0.zip/node_modules/@rspress/core/dist/runtime/ssrClientEntry.js
  ../../.yarn/berry/cache/@rspress-core-npm-2.0.3-c87d0adf5b-10c0.zip/node_modules/@rspress/core/dist/runtime/ClientApp.js ×

File: ../../.yarn/berry/cache/@rspress-core-npm-2.0.3-c87d0adf5b-10c0.zip/node_modules/@rspress/core/dist/runtime/ClientApp.js:28:41-54
  × ESModulesLinkingError: export 'BrowserRouter' (imported as 'BrowserRouter') was not found in '@rspress/core/runtime' (possible exports: Content, NoSSR, PageContext, ThemeContext, addLeadingSlash, addTrailingSlash, cleanUrlByConfig, getSidebarDataGroup, isActive, isEqualPath, isProduction, normalizeHrefInRuntime, normalizeImagePath, pathnameToRouteService, preloadLink, removeBase, removeTrailingSlash, routePathToMdPath, useActiveMatcher, useDark, useFrontmatter, useI18n, useLang, useLocaleSiteData, useNav, usePage, usePageData, useSidebar, useSidebarDynamic, useSite, useVersion, useWindowSize, withBase)
    ╭─[28:40]
 26 │                 setData
 27 │             ]),
 28 │             children: /*#__PURE__*/ jsx(BrowserRouter, {
    ·                                         ─────────────
 29 │                 basename: removeTrailingSlash(withBase('/')),
 30 │                 children: /*#__PURE__*/ jsx(UnheadProvider, {
    ╰────
Import traces (entry → error):
  ../../.yarn/berry/cache/@rspress-core-npm-2.0.3-c87d0adf5b-10c0.zip/node_modules/@rspress/core/dist/runtime/ssrClientEntry.js
  ../../.yarn/berry/cache/@rspress-core-npm-2.0.3-c87d0adf5b-10c0.zip/node_modules/@rspress/core/dist/runtime/ClientApp.js ×

File: ../../.yarn/berry/cache/@rspress-core-npm-2.0.3-c87d0adf5b-10c0.zip/node_modules/@rspress/core/dist/runtime/Content.js:1:1-51
  × Module not found: Can't resolve 'react/jsx-runtime' in '/home/dev/.yarn/berry/cache/@rspress-core-npm-2.0.3-c87d0adf5b-10c0.zip/node_modules/@rspress/core/dist/runtime'
   ╭─[1:0]
 1 │ import { Fragment, jsx } from "react/jsx-runtime";
   · ──────────────────────────────────────────────────
 2 │ import { Suspense, useMemo } from "react";
 3 │ import { useLocation } from "react-router-dom";
   ╰────
Import traces (entry → error):
  ../../.yarn/berry/cache/@rspress-core-npm-2.0.3-c87d0adf5b-10c0.zip/node_modules/@rspress/core/dist/runtime/ssrClientEntry.js
  ../../.yarn/berry/cache/@rspress-core-npm-2.0.3-c87d0adf5b-10c0.zip/node_modules/@rspress/core/dist/runtime/index.js
  ../../.yarn/berry/cache/@rspress-core-npm-2.0.3-c87d0adf5b-10c0.zip/node_modules/@rspress/core/dist/runtime/Content.js ×

File: ../../.yarn/berry/cache/@rspress-core-npm-2.0.3-c87d0adf5b-10c0.zip/node_modules/@rspress/core/dist/runtime/Content.js:2:1-43
  × Module not found: Can't resolve 'react' in '/home/dev/.yarn/berry/cache/@rspress-core-npm-2.0.3-c87d0adf5b-10c0.zip/node_modules/@rspress/core/dist/runtime'
   ╭─[2:0]
 1 │ import { Fragment, jsx } from "react/jsx-runtime";
 2 │ import { Suspense, useMemo } from "react";
   · ──────────────────────────────────────────
 3 │ import { useLocation } from "react-router-dom";
 4 │ import { pathnameToRouteService } from "./route.js";
   ╰────
Import traces (entry → error):
  ../../.yarn/berry/cache/@rspress-core-npm-2.0.3-c87d0adf5b-10c0.zip/node_modules/@rspress/core/dist/runtime/ssrClientEntry.js
  ../../.yarn/berry/cache/@rspress-core-npm-2.0.3-c87d0adf5b-10c0.zip/node_modules/@rspress/core/dist/runtime/index.js
  ../../.yarn/berry/cache/@rspress-core-npm-2.0.3-c87d0adf5b-10c0.zip/node_modules/@rspress/core/dist/runtime/Content.js ×

File: ../../.yarn/berry/cache/@rspress-core-npm-2.0.3-c87d0adf5b-10c0.zip/node_modules/@rspress/core/dist/runtime/Content.js:3:1-48
  × Module not found: Can't resolve 'react-router-dom' in '/home/dev/.yarn/berry/cache/@rspress-core-npm-2.0.3-c87d0adf5b-10c0.zip/node_modules/@rspress/core/dist/runtime'
   ╭─[3:0]
 1 │ import { Fragment, jsx } from "react/jsx-runtime";
 2 │ import { Suspense, useMemo } from "react";
 3 │ import { useLocation } from "react-router-dom";
   · ───────────────────────────────────────────────
 4 │ import { pathnameToRouteService } from "./route.js";
 5 │ const Content = (param)=>{
   ╰────
Import traces (entry → error):
  ../../.yarn/berry/cache/@rspress-core-npm-2.0.3-c87d0adf5b-10c0.zip/node_modules/@rspress/core/dist/runtime/ssrClientEntry.js
  ../../.yarn/berry/cache/@rspress-core-npm-2.0.3-c87d0adf5b-10c0.zip/node_modules/@rspress/core/dist/runtime/index.js
  ../../.yarn/berry/cache/@rspress-core-npm-2.0.3-c87d0adf5b-10c0.zip/node_modules/@rspress/core/dist/runtime/Content.js ×

File: ../../.yarn/berry/cache/@rspress-core-npm-2.0.3-c87d0adf5b-10c0.zip/node_modules/@rspress/core/dist/runtime/NoSSR.js:1:1-51
  × Module not found: Can't resolve 'react/jsx-runtime' in '/home/dev/.yarn/berry/cache/@rspress-core-npm-2.0.3-c87d0adf5b-10c0.zip/node_modules/@rspress/core/dist/runtime'
   ╭─[1:0]
 1 │ import { Fragment, jsx } from "react/jsx-runtime";
   · ──────────────────────────────────────────────────
 2 │ import { useEffect, useState } from "react";
 3 │ function NoSSR(props) {
   ╰────
Import traces (entry → error):
  ../../.yarn/berry/cache/@rspress-core-npm-2.0.3-c87d0adf5b-10c0.zip/node_modules/@rspress/core/dist/runtime/ssrClientEntry.js
  ../../.yarn/berry/cache/@rspress-core-npm-2.0.3-c87d0adf5b-10c0.zip/node_modules/@rspress/core/dist/runtime/index.js
  ../../.yarn/berry/cache/@rspress-core-npm-2.0.3-c87d0adf5b-10c0.zip/node_modules/@rspress/core/dist/runtime/NoSSR.js ×

File: ../../.yarn/berry/cache/@rspress-core-npm-2.0.3-c87d0adf5b-10c0.zip/node_modules/@rspress/core/dist/runtime/NoSSR.js:2:1-45
  × Module not found: Can't resolve 'react' in '/home/dev/.yarn/berry/cache/@rspress-core-npm-2.0.3-c87d0adf5b-10c0.zip/node_modules/@rspress/core/dist/runtime'
   ╭─[2:0]
 1 │ import { Fragment, jsx } from "react/jsx-runtime";
 2 │ import { useEffect, useState } from "react";
   · ────────────────────────────────────────────
 3 │ function NoSSR(props) {
 4 │     const { children } = props;
   ╰────
Import traces (entry → error):
  ../../.yarn/berry/cache/@rspress-core-npm-2.0.3-c87d0adf5b-10c0.zip/node_modules/@rspress/core/dist/runtime/ssrClientEntry.js
  ../../.yarn/berry/cache/@rspress-core-npm-2.0.3-c87d0adf5b-10c0.zip/node_modules/@rspress/core/dist/runtime/index.js
  ../../.yarn/berry/cache/@rspress-core-npm-2.0.3-c87d0adf5b-10c0.zip/node_modules/@rspress/core/dist/runtime/NoSSR.js ×

File: ../../.yarn/berry/cache/@rspress-core-npm-2.0.3-c87d0adf5b-10c0.zip/node_modules/@rspress/core/dist/runtime/hooks/useActiveMatcher.js:1:1-37
  × Module not found: Can't resolve 'react' in '/home/dev/.yarn/berry/cache/@rspress-core-npm-2.0.3-c87d0adf5b-10c0.zip/node_modules/@rspress/core/dist/runtime/hooks'
   ╭─[1:0]
 1 │ import { useCallback } from "react";
   · ────────────────────────────────────
 2 │ import { useLocation } from "react-router-dom";
 3 │ import { isActive } from "../route.js";
   ╰────
Import traces (entry → error):
  ../../.yarn/berry/cache/@rspress-core-npm-2.0.3-c87d0adf5b-10c0.zip/node_modules/@rspress/core/dist/runtime/ssrClientEntry.js
  ../../.yarn/berry/cache/@rspress-core-npm-2.0.3-c87d0adf5b-10c0.zip/node_modules/@rspress/core/dist/runtime/index.js
  ../../.yarn/berry/cache/@rspress-core-npm-2.0.3-c87d0adf5b-10c0.zip/node_modules/@rspress/core/dist/runtime/hooks/useActiveMatcher.js ×

File: ../../.yarn/berry/cache/@rspress-core-npm-2.0.3-c87d0adf5b-10c0.zip/node_modules/@rspress/core/dist/runtime/hooks/useActiveMatcher.js:2:1-48
  × Module not found: Can't resolve 'react-router-dom' in '/home/dev/.yarn/berry/cache/@rspress-core-npm-2.0.3-c87d0adf5b-10c0.zip/node_modules/@rspress/core/dist/runtime/hooks'
   ╭─[2:0]
 1 │ import { useCallback } from "react";
 2 │ import { useLocation } from "react-router-dom";
   · ───────────────────────────────────────────────
 3 │ import { isActive } from "../route.js";
 4 │ const useActiveMatcher = ()=>{
   ╰────
Import traces (entry → error):
  ../../.yarn/berry/cache/@rspress-core-npm-2.0.3-c87d0adf5b-10c0.zip/node_modules/@rspress/core/dist/runtime/ssrClientEntry.js
  ../../.yarn/berry/cache/@rspress-core-npm-2.0.3-c87d0adf5b-10c0.zip/node_modules/@rspress/core/dist/runtime/index.js
  ../../.yarn/berry/cache/@rspress-core-npm-2.0.3-c87d0adf5b-10c0.zip/node_modules/@rspress/core/dist/runtime/hooks/useActiveMatcher.js ×

File: ../../.yarn/berry/cache/@rspress-core-npm-2.0.3-c87d0adf5b-10c0.zip/node_modules/@rspress/core/dist/runtime/hooks/useDark.js:1:1-51
  × Module not found: Can't resolve 'react' in '/home/dev/.yarn/berry/cache/@rspress-core-npm-2.0.3-c87d0adf5b-10c0.zip/node_modules/@rspress/core/dist/runtime/hooks'
   ╭─[1:0]
 1 │ import { createContext, useContext } from "react";
   · ──────────────────────────────────────────────────
 2 │ const ThemeContext = /*#__PURE__*/ createContext({});
 3 │ function useDark() {
   ╰────
Import traces (entry → error):
  ../../.yarn/berry/cache/@rspress-core-npm-2.0.3-c87d0adf5b-10c0.zip/node_modules/@rspress/core/dist/runtime/ssrClientEntry.js
  ../../.yarn/berry/cache/@rspress-core-npm-2.0.3-c87d0adf5b-10c0.zip/node_modules/@rspress/core/dist/runtime/index.js
  ../../.yarn/berry/cache/@rspress-core-npm-2.0.3-c87d0adf5b-10c0.zip/node_modules/@rspress/core/dist/runtime/hooks/useDark.js ×

File: ../../.yarn/berry/cache/@rspress-core-npm-2.0.3-c87d0adf5b-10c0.zip/node_modules/@rspress/core/dist/runtime/hooks/useI18n.js:1:1-37
  × Module not found: Can't resolve 'react' in '/home/dev/.yarn/berry/cache/@rspress-core-npm-2.0.3-c87d0adf5b-10c0.zip/node_modules/@rspress/core/dist/runtime/hooks'
   ╭─[1:0]
 1 │ import { useCallback } from "react";
   · ────────────────────────────────────
 2 │ import virtual_i18n_text from "virtual-i18n-text";
 3 │ import { useLang } from "./useLang.js";
   ╰────
Import traces (entry → error):
  ../../.yarn/berry/cache/@rspress-core-npm-2.0.3-c87d0adf5b-10c0.zip/node_modules/@rspress/core/dist/runtime/ssrClientEntry.js
  ../../.yarn/berry/cache/@rspress-core-npm-2.0.3-c87d0adf5b-10c0.zip/node_modules/@rspress/core/dist/runtime/index.js
  ../../.yarn/berry/cache/@rspress-core-npm-2.0.3-c87d0adf5b-10c0.zip/node_modules/@rspress/core/dist/runtime/hooks/useI18n.js ×

File: ../../.yarn/berry/cache/@rspress-core-npm-2.0.3-c87d0adf5b-10c0.zip/node_modules/@rspress/core/dist/runtime/hooks/useLocaleSiteData.js:1:1-52
  × Module not found: Can't resolve '@rspress/shared' in '/home/dev/.yarn/berry/cache/@rspress-core-npm-2.0.3-c87d0adf5b-10c0.zip/node_modules/@rspress/core/dist/runtime/hooks'
   ╭─[1:0]
 1 │ import { addTrailingSlash } from "@rspress/shared";
   · ───────────────────────────────────────────────────
 2 │ import { useLang } from "./useLang.js";
 3 │ import { useSite } from "./useSite.js";
   ╰────
Import traces (entry → error):
  ../../.yarn/berry/cache/@rspress-core-npm-2.0.3-c87d0adf5b-10c0.zip/node_modules/@rspress/core/dist/runtime/ssrClientEntry.js
  ../../.yarn/berry/cache/@rspress-core-npm-2.0.3-c87d0adf5b-10c0.zip/node_modules/@rspress/core/dist/runtime/index.js
  ../../.yarn/berry/cache/@rspress-core-npm-2.0.3-c87d0adf5b-10c0.zip/node_modules/@rspress/core/dist/runtime/hooks/useLocaleSiteData.js ×

File: ../../.yarn/berry/cache/@rspress-core-npm-2.0.3-c87d0adf5b-10c0.zip/node_modules/@rspress/core/dist/runtime/hooks/usePage.js:1:1-51
  × Module not found: Can't resolve 'react' in '/home/dev/.yarn/berry/cache/@rspress-core-npm-2.0.3-c87d0adf5b-10c0.zip/node_modules/@rspress/core/dist/runtime/hooks'
   ╭─[1:0]
 1 │ import { createContext, useContext } from "react";
   · ──────────────────────────────────────────────────
 2 │ const PageContext = /*#__PURE__*/ createContext({});
 3 │ function usePage() {
   ╰────
Import traces (entry → error):
  ../../.yarn/berry/cache/@rspress-core-npm-2.0.3-c87d0adf5b-10c0.zip/node_modules/@rspress/core/dist/runtime/ssrClientEntry.js
  ../../.yarn/berry/cache/@rspress-core-npm-2.0.3-c87d0adf5b-10c0.zip/node_modules/@rspress/core/dist/runtime/index.js
  ../../.yarn/berry/cache/@rspress-core-npm-2.0.3-c87d0adf5b-10c0.zip/node_modules/@rspress/core/dist/runtime/hooks/usePage.js ×

File: ../../.yarn/berry/cache/@rspress-core-npm-2.0.3-c87d0adf5b-10c0.zip/node_modules/@rspress/core/dist/runtime/hooks/useSidebar.js:1:1-48
  × Module not found: Can't resolve '@rspress/shared' in '/home/dev/.yarn/berry/cache/@rspress-core-npm-2.0.3-c87d0adf5b-10c0.zip/node_modules/@rspress/core/dist/runtime/hooks'
   ╭─[1:0]
 1 │ import { matchSidebar } from "@rspress/shared";
   · ───────────────────────────────────────────────
 2 │ import { useLayoutEffect, useMemo, useState } from "react";
 3 │ import { useLocation } from "react-router-dom";
   ╰────
Import traces (entry → error):
  ../../.yarn/berry/cache/@rspress-core-npm-2.0.3-c87d0adf5b-10c0.zip/node_modules/@rspress/core/dist/runtime/ssrClientEntry.js
  ../../.yarn/berry/cache/@rspress-core-npm-2.0.3-c87d0adf5b-10c0.zip/node_modules/@rspress/core/dist/runtime/index.js
  ../../.yarn/berry/cache/@rspress-core-npm-2.0.3-c87d0adf5b-10c0.zip/node_modules/@rspress/core/dist/runtime/hooks/useSidebar.js ×

File: ../../.yarn/berry/cache/@rspress-core-npm-2.0.3-c87d0adf5b-10c0.zip/node_modules/@rspress/core/dist/runtime/hooks/useSidebar.js:2:1-60
  × Module not found: Can't resolve 'react' in '/home/dev/.yarn/berry/cache/@rspress-core-npm-2.0.3-c87d0adf5b-10c0.zip/node_modules/@rspress/core/dist/runtime/hooks'
   ╭─[2:0]
 1 │ import { matchSidebar } from "@rspress/shared";
 2 │ import { useLayoutEffect, useMemo, useState } from "react";
   · ───────────────────────────────────────────────────────────
 3 │ import { useLocation } from "react-router-dom";
 4 │ import { useActiveMatcher } from "./useActiveMatcher.js";
   ╰────
Import traces (entry → error):
  ../../.yarn/berry/cache/@rspress-core-npm-2.0.3-c87d0adf5b-10c0.zip/node_modules/@rspress/core/dist/runtime/ssrClientEntry.js
  ../../.yarn/berry/cache/@rspress-core-npm-2.0.3-c87d0adf5b-10c0.zip/node_modules/@rspress/core/dist/runtime/index.js
  ../../.yarn/berry/cache/@rspress-core-npm-2.0.3-c87d0adf5b-10c0.zip/node_modules/@rspress/core/dist/runtime/hooks/useSidebar.js ×

File: ../../.yarn/berry/cache/@rspress-core-npm-2.0.3-c87d0adf5b-10c0.zip/node_modules/@rspress/core/dist/runtime/hooks/useSidebar.js:3:1-48
  × Module not found: Can't resolve 'react-router-dom' in '/home/dev/.yarn/berry/cache/@rspress-core-npm-2.0.3-c87d0adf5b-10c0.zip/node_modules/@rspress/core/dist/runtime/hooks'
   ╭─[3:0]
 1 │ import { matchSidebar } from "@rspress/shared";
 2 │ import { useLayoutEffect, useMemo, useState } from "react";
 3 │ import { useLocation } from "react-router-dom";
   · ───────────────────────────────────────────────
 4 │ import { useActiveMatcher } from "./useActiveMatcher.js";
 5 │ import { useLocaleSiteData } from "./useLocaleSiteData.js";
   ╰────
Import traces (entry → error):
  ../../.yarn/berry/cache/@rspress-core-npm-2.0.3-c87d0adf5b-10c0.zip/node_modules/@rspress/core/dist/runtime/ssrClientEntry.js
  ../../.yarn/berry/cache/@rspress-core-npm-2.0.3-c87d0adf5b-10c0.zip/node_modules/@rspress/core/dist/runtime/index.js
  ../../.yarn/berry/cache/@rspress-core-npm-2.0.3-c87d0adf5b-10c0.zip/node_modules/@rspress/core/dist/runtime/hooks/useSidebar.js ×

File: ../../.yarn/berry/cache/@rspress-core-npm-2.0.3-c87d0adf5b-10c0.zip/node_modules/@rspress/core/dist/runtime/hooks/useWindowSize.js:1:1-51
  × Module not found: Can't resolve 'react' in '/home/dev/.yarn/berry/cache/@rspress-core-npm-2.0.3-c87d0adf5b-10c0.zip/node_modules/@rspress/core/dist/runtime/hooks'
   ╭─[1:0]
 1 │ import { useLayoutEffect, useState } from "react";
   · ──────────────────────────────────────────────────
 2 │ const RESIZE_DEBOUNCE_MS = 150;
 3 │ function useWindowSize(initialWidth, initialHeight) {
   ╰────
Import traces (entry → error):
  ../../.yarn/berry/cache/@rspress-core-npm-2.0.3-c87d0adf5b-10c0.zip/node_modules/@rspress/core/dist/runtime/ssrClientEntry.js
  ../../.yarn/berry/cache/@rspress-core-npm-2.0.3-c87d0adf5b-10c0.zip/node_modules/@rspress/core/dist/runtime/index.js
  ../../.yarn/berry/cache/@rspress-core-npm-2.0.3-c87d0adf5b-10c0.zip/node_modules/@rspress/core/dist/runtime/hooks/useWindowSize.js ×

File: ../../.yarn/berry/cache/@rspress-core-npm-2.0.3-c87d0adf5b-10c0.zip/node_modules/@rspress/core/dist/runtime/index.js:1:1-102
  × Module not found: Can't resolve '@rspress/shared' in '/home/dev/.yarn/berry/cache/@rspress-core-npm-2.0.3-c87d0adf5b-10c0.zip/node_modules/@rspress/core/dist/runtime'
   ╭─[1:0]
 1 │ import { isDataUrl, isExternalUrl, matchNavbar, matchSidebar, normalizeHref } from "@rspress/shared";
   · ─────────────────────────────────────────────────────────────────────────────────────────────────────
 2 │ import { Head } from "@unhead/react";
 3 │ import { Content } from "./Content.js";
   ╰────
Import traces (entry → error):
  ../../.yarn/berry/cache/@rspress-core-npm-2.0.3-c87d0adf5b-10c0.zip/node_modules/@rspress/core/dist/runtime/ssrClientEntry.js
  ../../.yarn/berry/cache/@rspress-core-npm-2.0.3-c87d0adf5b-10c0.zip/node_modules/@rspress/core/dist/runtime/index.js ×

File: ../../.yarn/berry/cache/@rspress-core-npm-2.0.3-c87d0adf5b-10c0.zip/node_modules/@rspress/core/dist/runtime/index.js:2:1-38
  × Module not found: Can't resolve '@unhead/react' in '/home/dev/.yarn/berry/cache/@rspress-core-npm-2.0.3-c87d0adf5b-10c0.zip/node_modules/@rspress/core/dist/runtime'
   ╭─[2:0]
 1 │ import { isDataUrl, isExternalUrl, matchNavbar, matchSidebar, normalizeHref } from "@rspress/shared";
 2 │ import { Head } from "@unhead/react";
   · ─────────────────────────────────────
 3 │ import { Content } from "./Content.js";
 4 │ import { useActiveMatcher } from "./hooks/useActiveMatcher.js";
   ╰────
Import traces (entry → error):
  ../../.yarn/berry/cache/@rspress-core-npm-2.0.3-c87d0adf5b-10c0.zip/node_modules/@rspress/core/dist/runtime/ssrClientEntry.js
  ../../.yarn/berry/cache/@rspress-core-npm-2.0.3-c87d0adf5b-10c0.zip/node_modules/@rspress/core/dist/runtime/index.js ×

File: ../../.yarn/berry/cache/@rspress-core-npm-2.0.3-c87d0adf5b-10c0.zip/node_modules/@rspress/core/dist/runtime/index.js:21:1-34
  × Module not found: Can't resolve 'react-router-dom' in '/home/dev/.yarn/berry/cache/@rspress-core-npm-2.0.3-c87d0adf5b-10c0.zip/node_modules/@rspress/core/dist/runtime'
    ╭─[21:0]
 19 │ import { isActive, pathnameToRouteService, preloadLink } from "./route.js";
 20 │ import { addLeadingSlash, addTrailingSlash, cleanUrlByConfig, isEqualPath, isProduction, normalizeHrefInRuntime, normalizeImagePath, removeBase, removeTrailingSlash, routePathToMdPath, withBase } from "./utils.js";
 21 │ export * from "react-router-dom";
    · ─────────────────────────────────
 22 │ export { Content, Head, NoSSR, PageContext, ThemeContext, addLeadingSlash, addTrailingSlash, cleanUrlByConfig, getSidebarDataGroup, isActive, isDataUrl, isEqualPath, isExternalUrl, isProduction, matchNavbar, matchSidebar, normalizeHref, normalizeHrefInRuntime, normalizeImagePath, pathnameToRouteService, preloadLink, removeBase, removeTrailingSlash, routePathToMdPath, useActiveMatcher, useDark, useFrontmatter, useI18n, useLang, useLocaleSiteData, useNav, usePage, usePageData, usePages, useSidebar, useSidebarDynamic, useSite, useVersion, useWindowSize, withBase };
    ╰────
Import traces (entry → error):
  ../../.yarn/berry/cache/@rspress-core-npm-2.0.3-c87d0adf5b-10c0.zip/node_modules/@rspress/core/dist/runtime/ssrClientEntry.js
  ../../.yarn/berry/cache/@rspress-core-npm-2.0.3-c87d0adf5b-10c0.zip/node_modules/@rspress/core/dist/runtime/index.js ×

File: ../../.yarn/berry/cache/@rspress-core-npm-2.0.3-c87d0adf5b-10c0.zip/node_modules/@rspress/core/dist/runtime/index.js:22:1-569
  × ESModulesLinkingError: export 'addLeadingSlash' (reexported as 'addLeadingSlash') was not found in './utils.js' (possible exports: cleanUrlByConfig, isEqualPath, normalizeHrefInRuntime, normalizeImagePath, removeBase, routePathToMdPath, withBase)
    ╭─[22:0]
 20 │ import { addLeadingSlash, addTrailingSlash, cleanUrlByConfig, isEqualPath, isProduction, normalizeHrefInRuntime, normalizeImagePath, removeBase, removeTrailingSlash, routePathToMdPath, withBase } from "./utils.js";
 21 │ export * from "react-router-dom";
 22 │ export { Content, Head, NoSSR, PageContext, ThemeContext, addLeadingSlash, addTrailingSlash, cleanUrlByConfig, getSidebarDataGroup, isActive, isDataUrl, isEqualPath, isExternalUrl, isProduction, matchNavbar, matchSidebar, normalizeHref, normalizeHrefInRuntime, normalizeImagePath, pathnameToRouteService, preloadLink, removeBase, removeTrailingSlash, routePathToMdPath, useActiveMatcher, useDark, useFrontmatter, useI18n, useLang, useLocaleSiteData, useNav, usePage, usePageData, usePages, useSidebar, useSidebarDynamic, useSite, useVersion, useWindowSize, withBase };
    · ────────────────────────────────────────────────────────────────────────────────────────────────────────────────────────────────────────────────────────────────────────────────────────────────────────────────────────────────────────────────────────────────────────────────────────────────────────────────────────────────────────────────────────────────────────────────────────────────────────────────────────────────────────────────────────────────────────────────────────────────────────────────────────────────────────────────────────────────────────────────────────
    ╰────
Import traces (entry → error):
  ../../.yarn/berry/cache/@rspress-core-npm-2.0.3-c87d0adf5b-10c0.zip/node_modules/@rspress/core/dist/runtime/ssrClientEntry.js
  ../../.yarn/berry/cache/@rspress-core-npm-2.0.3-c87d0adf5b-10c0.zip/node_modules/@rspress/core/dist/runtime/index.js ×

File: ../../.yarn/berry/cache/@rspress-core-npm-2.0.3-c87d0adf5b-10c0.zip/node_modules/@rspress/core/dist/runtime/index.js:22:1-569
  × ESModulesLinkingError: export 'addTrailingSlash' (reexported as 'addTrailingSlash') was not found in './utils.js' (possible exports: cleanUrlByConfig, isEqualPath, normalizeHrefInRuntime, normalizeImagePath, removeBase, routePathToMdPath, withBase)
    ╭─[22:0]
 20 │ import { addLeadingSlash, addTrailingSlash, cleanUrlByConfig, isEqualPath, isProduction, normalizeHrefInRuntime, normalizeImagePath, removeBase, removeTrailingSlash, routePathToMdPath, withBase } from "./utils.js";
 21 │ export * from "react-router-dom";
 22 │ export { Content, Head, NoSSR, PageContext, ThemeContext, addLeadingSlash, addTrailingSlash, cleanUrlByConfig, getSidebarDataGroup, isActive, isDataUrl, isEqualPath, isExternalUrl, isProduction, matchNavbar, matchSidebar, normalizeHref, normalizeHrefInRuntime, normalizeImagePath, pathnameToRouteService, preloadLink, removeBase, removeTrailingSlash, routePathToMdPath, useActiveMatcher, useDark, useFrontmatter, useI18n, useLang, useLocaleSiteData, useNav, usePage, usePageData, usePages, useSidebar, useSidebarDynamic, useSite, useVersion, useWindowSize, withBase };
    · ────────────────────────────────────────────────────────────────────────────────────────────────────────────────────────────────────────────────────────────────────────────────────────────────────────────────────────────────────────────────────────────────────────────────────────────────────────────────────────────────────────────────────────────────────────────────────────────────────────────────────────────────────────────────────────────────────────────────────────────────────────────────────────────────────────────────────────────────────────────────────────
    ╰────
Import traces (entry → error):
  ../../.yarn/berry/cache/@rspress-core-npm-2.0.3-c87d0adf5b-10c0.zip/node_modules/@rspress/core/dist/runtime/ssrClientEntry.js
  ../../.yarn/berry/cache/@rspress-core-npm-2.0.3-c87d0adf5b-10c0.zip/node_modules/@rspress/core/dist/runtime/index.js ×

File: ../../.yarn/berry/cache/@rspress-core-npm-2.0.3-c87d0adf5b-10c0.zip/node_modules/@rspress/core/dist/runtime/index.js:22:1-569
  × ESModulesLinkingError: export 'isProduction' (reexported as 'isProduction') was not found in './utils.js' (possible exports: cleanUrlByConfig, isEqualPath, normalizeHrefInRuntime, normalizeImagePath, removeBase, routePathToMdPath, withBase)
    ╭─[22:0]
 20 │ import { addLeadingSlash, addTrailingSlash, cleanUrlByConfig, isEqualPath, isProduction, normalizeHrefInRuntime, normalizeImagePath, removeBase, removeTrailingSlash, routePathToMdPath, withBase } from "./utils.js";
 21 │ export * from "react-router-dom";
 22 │ export { Content, Head, NoSSR, PageContext, ThemeContext, addLeadingSlash, addTrailingSlash, cleanUrlByConfig, getSidebarDataGroup, isActive, isDataUrl, isEqualPath, isExternalUrl, isProduction, matchNavbar, matchSidebar, normalizeHref, normalizeHrefInRuntime, normalizeImagePath, pathnameToRouteService, preloadLink, removeBase, removeTrailingSlash, routePathToMdPath, useActiveMatcher, useDark, useFrontmatter, useI18n, useLang, useLocaleSiteData, useNav, usePage, usePageData, usePages, useSidebar, useSidebarDynamic, useSite, useVersion, useWindowSize, withBase };
    · ────────────────────────────────────────────────────────────────────────────────────────────────────────────────────────────────────────────────────────────────────────────────────────────────────────────────────────────────────────────────────────────────────────────────────────────────────────────────────────────────────────────────────────────────────────────────────────────────────────────────────────────────────────────────────────────────────────────────────────────────────────────────────────────────────────────────────────────────────────────────────────
    ╰────
Import traces (entry → error):
  ../../.yarn/berry/cache/@rspress-core-npm-2.0.3-c87d0adf5b-10c0.zip/node_modules/@rspress/core/dist/runtime/ssrClientEntry.js
  ../../.yarn/berry/cache/@rspress-core-npm-2.0.3-c87d0adf5b-10c0.zip/node_modules/@rspress/core/dist/runtime/index.js ×

File: ../../.yarn/berry/cache/@rspress-core-npm-2.0.3-c87d0adf5b-10c0.zip/node_modules/@rspress/core/dist/runtime/index.js:22:1-569
  × ESModulesLinkingError: export 'removeTrailingSlash' (reexported as 'removeTrailingSlash') was not found in './utils.js' (possible exports: cleanUrlByConfig, isEqualPath, normalizeHrefInRuntime, normalizeImagePath, removeBase, routePathToMdPath, withBase)
    ╭─[22:0]
 20 │ import { addLeadingSlash, addTrailingSlash, cleanUrlByConfig, isEqualPath, isProduction, normalizeHrefInRuntime, normalizeImagePath, removeBase, removeTrailingSlash, routePathToMdPath, withBase } from "./utils.js";
 21 │ export * from "react-router-dom";
 22 │ export { Content, Head, NoSSR, PageContext, ThemeContext, addLeadingSlash, addTrailingSlash, cleanUrlByConfig, getSidebarDataGroup, isActive, isDataUrl, isEqualPath, isExternalUrl, isProduction, matchNavbar, matchSidebar, normalizeHref, normalizeHrefInRuntime, normalizeImagePath, pathnameToRouteService, preloadLink, removeBase, removeTrailingSlash, routePathToMdPath, useActiveMatcher, useDark, useFrontmatter, useI18n, useLang, useLocaleSiteData, useNav, usePage, usePageData, usePages, useSidebar, useSidebarDynamic, useSite, useVersion, useWindowSize, withBase };
    · ────────────────────────────────────────────────────────────────────────────────────────────────────────────────────────────────────────────────────────────────────────────────────────────────────────────────────────────────────────────────────────────────────────────────────────────────────────────────────────────────────────────────────────────────────────────────────────────────────────────────────────────────────────────────────────────────────────────────────────────────────────────────────────────────────────────────────────────────────────────────────────
    ╰────
Import traces (entry → error):
  ../../.yarn/berry/cache/@rspress-core-npm-2.0.3-c87d0adf5b-10c0.zip/node_modules/@rspress/core/dist/runtime/ssrClientEntry.js
  ../../.yarn/berry/cache/@rspress-core-npm-2.0.3-c87d0adf5b-10c0.zip/node_modules/@rspress/core/dist/runtime/index.js ×

File: ../../.yarn/berry/cache/@rspress-core-npm-2.0.3-c87d0adf5b-10c0.zip/node_modules/@rspress/core/dist/runtime/index.js:22:1-569
  × Module not found: Can't resolve '@rspress/shared' in '/home/dev/.yarn/berry/cache/@rspress-core-npm-2.0.3-c87d0adf5b-10c0.zip/node_modules/@rspress/core/dist/runtime'
    ╭─[22:0]
 20 │ import { addLeadingSlash, addTrailingSlash, cleanUrlByConfig, isEqualPath, isProduction, normalizeHrefInRuntime, normalizeImagePath, removeBase, removeTrailingSlash, routePathToMdPath, withBase } from "./utils.js";
 21 │ export * from "react-router-dom";
 22 │ export { Content, Head, NoSSR, PageContext, ThemeContext, addLeadingSlash, addTrailingSlash, cleanUrlByConfig, getSidebarDataGroup, isActive, isDataUrl, isEqualPath, isExternalUrl, isProduction, matchNavbar, matchSidebar, normalizeHref, normalizeHrefInRuntime, normalizeImagePath, pathnameToRouteService, preloadLink, removeBase, removeTrailingSlash, routePathToMdPath, useActiveMatcher, useDark, useFrontmatter, useI18n, useLang, useLocaleSiteData, useNav, usePage, usePageData, usePages, useSidebar, useSidebarDynamic, useSite, useVersion, useWindowSize, withBase };
    · ────────────────────────────────────────────────────────────────────────────────────────────────────────────────────────────────────────────────────────────────────────────────────────────────────────────────────────────────────────────────────────────────────────────────────────────────────────────────────────────────────────────────────────────────────────────────────────────────────────────────────────────────────────────────────────────────────────────────────────────────────────────────────────────────────────────────────────────────────────────────────────
    ╰────
Import traces (entry → error):
  ../../.yarn/berry/cache/@rspress-core-npm-2.0.3-c87d0adf5b-10c0.zip/node_modules/@rspress/core/dist/runtime/ssrClientEntry.js
  ../../.yarn/berry/cache/@rspress-core-npm-2.0.3-c87d0adf5b-10c0.zip/node_modules/@rspress/core/dist/runtime/index.js ×

File: ../../.yarn/berry/cache/@rspress-core-npm-2.0.3-c87d0adf5b-10c0.zip/node_modules/@rspress/core/dist/runtime/initPageData.js:2:1-62
  × Module not found: Can't resolve '@rspress/shared' in '/home/dev/.yarn/berry/cache/@rspress-core-npm-2.0.3-c87d0adf5b-10c0.zip/node_modules/@rspress/core/dist/runtime'
   ╭─[2:0]
 1 │ import { isEqualPath, pathnameToRouteService } from "@rspress/core/runtime";
 2 │ import { MDX_OR_MD_REGEXP, cleanUrl } from "@rspress/shared";
   · ─────────────────────────────────────────────────────────────
 3 │ import { pageData } from "virtual-page-data";
 4 │ import virtual_site_data from "virtual-site-data";
   ╰────
Import traces (entry → error):
  ../../.yarn/berry/cache/@rspress-core-npm-2.0.3-c87d0adf5b-10c0.zip/node_modules/@rspress/core/dist/runtime/ssrClientEntry.js
  ../../.yarn/berry/cache/@rspress-core-npm-2.0.3-c87d0adf5b-10c0.zip/node_modules/@rspress/core/dist/runtime/initPageData.js ×

File: ../../.yarn/berry/cache/@rspress-core-npm-2.0.3-c87d0adf5b-10c0.zip/node_modules/@rspress/core/dist/runtime/route.js:1:1-44
  × Module not found: Can't resolve '@rspress/shared' in '/home/dev/.yarn/berry/cache/@rspress-core-npm-2.0.3-c87d0adf5b-10c0.zip/node_modules/@rspress/core/dist/runtime'
   ╭─[1:0]
 1 │ import { cleanUrl } from "@rspress/shared";
   · ───────────────────────────────────────────
 2 │ import { routes } from "virtual-routes";
 3 │ function normalizeRoutePath(routePath) {
   ╰────
Import traces (entry → error):
  ../../.yarn/berry/cache/@rspress-core-npm-2.0.3-c87d0adf5b-10c0.zip/node_modules/@rspress/core/dist/runtime/ssrClientEntry.js
  ../../.yarn/berry/cache/@rspress-core-npm-2.0.3-c87d0adf5b-10c0.zip/node_modules/@rspress/core/dist/runtime/index.js
  ../../.yarn/berry/cache/@rspress-core-npm-2.0.3-c87d0adf5b-10c0.zip/node_modules/@rspress/core/dist/runtime/route.js ×

File: ../../.yarn/berry/cache/@rspress-core-npm-2.0.3-c87d0adf5b-10c0.zip/node_modules/@rspress/core/dist/runtime/ssrClientEntry.js:1:1-41
  × Module not found: Can't resolve 'react/jsx-runtime' in '/home/dev/.yarn/berry/cache/@rspress-core-npm-2.0.3-c87d0adf5b-10c0.zip/node_modules/@rspress/core/dist/runtime'
   ╭─[1:0]
 1 │ import { jsx } from "react/jsx-runtime";
   · ────────────────────────────────────────
 2 │ import { removeBase } from "@rspress/core/runtime";
 3 │ import { startTransition } from "react";
   ╰────

File: ../../.yarn/berry/cache/@rspress-core-npm-2.0.3-c87d0adf5b-10c0.zip/node_modules/@rspress/core/dist/runtime/ssrClientEntry.js:3:1-41
  × Module not found: Can't resolve 'react' in '/home/dev/.yarn/berry/cache/@rspress-core-npm-2.0.3-c87d0adf5b-10c0.zip/node_modules/@rspress/core/dist/runtime'
   ╭─[3:0]
 1 │ import { jsx } from "react/jsx-runtime";
 2 │ import { removeBase } from "@rspress/core/runtime";
 3 │ import { startTransition } from "react";
   · ────────────────────────────────────────
 4 │ import { hydrateRoot } from "react-dom/client";
 5 │ import { ClientApp } from "./ClientApp.js";
   ╰────

File: ../../.yarn/berry/cache/@rspress-core-npm-2.0.3-c87d0adf5b-10c0.zip/node_modules/@rspress/core/dist/runtime/ssrClientEntry.js:4:1-48
  × Module not found: Can't resolve 'react-dom/client' in '/home/dev/.yarn/berry/cache/@rspress-core-npm-2.0.3-c87d0adf5b-10c0.zip/node_modules/@rspress/core/dist/runtime'
   ╭─[4:0]
 2 │ import { removeBase } from "@rspress/core/runtime";
 3 │ import { startTransition } from "react";
 4 │ import { hydrateRoot } from "react-dom/client";
   · ───────────────────────────────────────────────
 5 │ import { ClientApp } from "./ClientApp.js";
 6 │ import { initPageData } from "./initPageData.js";
   ╰────

File: ../../.yarn/berry/cache/@rspress-core-npm-2.0.3-c87d0adf5b-10c0.zip/node_modules/@rspress/core/dist/runtime/utils.js:1:1-179
  × Module not found: Can't resolve '@rspress/shared' in '/home/dev/.yarn/berry/cache/@rspress-core-npm-2.0.3-c87d0adf5b-10c0.zip/node_modules/@rspress/core/dist/runtime'
   ╭─[1:0]
 1 │ import { addLeadingSlash, addTrailingSlash, isDataUrl, isExternalUrl, isProduction, normalizeHref, removeBase, removeHash, removeTrailingSlash, withBase } from "@rspress/shared";
   · ──────────────────────────────────────────────────────────────────────────────────────────────────────────────────────────────────────────────────────────────────────────────────
 2 │ import virtual_site_data from "virtual-site-data";
 3 │ function utils_withBase() {
   ╰────
Import traces (entry → error):
  ../../.yarn/berry/cache/@rspress-core-npm-2.0.3-c87d0adf5b-10c0.zip/node_modules/@rspress/core/dist/runtime/ssrClientEntry.js
  ../../.yarn/berry/cache/@rspress-core-npm-2.0.3-c87d0adf5b-10c0.zip/node_modules/@rspress/core/dist/runtime/index.js
  ../../.yarn/berry/cache/@rspress-core-npm-2.0.3-c87d0adf5b-10c0.zip/node_modules/@rspress/core/dist/runtime/utils.js ×

File: ../../.yarn/berry/cache/@rspress-core-npm-2.0.3-c87d0adf5b-10c0.zip/node_modules/@rspress/core/dist/runtime/utils.js:35:1-235
  × Module not found: Can't resolve '@rspress/shared' in '/home/dev/.yarn/berry/cache/@rspress-core-npm-2.0.3-c87d0adf5b-10c0.zip/node_modules/@rspress/core/dist/runtime'
    ╭─[35:0]
 33 │     return isExternalUrl(path) || isDataUrl(path) || path.startsWith('//');
 34 │ }
 35 │ export { addLeadingSlash, addTrailingSlash, cleanUrlByConfig, isEqualPath, isProduction, normalizeHrefInRuntime, normalizeImagePath, utils_removeBase as removeBase, removeTrailingSlash, routePathToMdPath, utils_withBase as withBase };
    · ──────────────────────────────────────────────────────────────────────────────────────────────────────────────────────────────────────────────────────────────────────────────────────────────────────────────────────────────────────────
    ╰────
Import traces (entry → error):
  ../../.yarn/berry/cache/@rspress-core-npm-2.0.3-c87d0adf5b-10c0.zip/node_modules/@rspress/core/dist/runtime/ssrClientEntry.js
  ../../.yarn/berry/cache/@rspress-core-npm-2.0.3-c87d0adf5b-10c0.zip/node_modules/@rspress/core/dist/runtime/index.js
  ../../.yarn/berry/cache/@rspress-core-npm-2.0.3-c87d0adf5b-10c0.zip/node_modules/@rspress/core/dist/runtime/utils.js ×

File: ../../.yarn/berry/cache/@rspress-core-npm-2.0.3-c87d0adf5b-10c0.zip/node_modules/@rspress/core/dist/theme/assets/arrow-down.js:1:1-41
  × Module not found: Can't resolve 'react/jsx-runtime' in '/home/dev/.yarn/berry/cache/@rspress-core-npm-2.0.3-c87d0adf5b-10c0.zip/node_modules/@rspress/core/dist/theme/assets'
   ╭─[1:0]
 1 │ import { jsx } from "react/jsx-runtime";
   · ────────────────────────────────────────
 2 │ import "react";
 3 │ const SvgArrowDown = (props)=>/*#__PURE__*/ jsx("svg", {
   ╰────
Import traces (entry → error):
  ../../.yarn/berry/cache/@rspress-core-npm-2.0.3-c87d0adf5b-10c0.zip/node_modules/@rspress/core/dist/theme/index.js
  ../../.yarn/berry/cache/@rspress-core-npm-2.0.3-c87d0adf5b-10c0.zip/node_modules/@rspress/core/dist/theme/icons.js
  ../../.yarn/berry/cache/@rspress-core-npm-2.0.3-c87d0adf5b-10c0.zip/node_modules/@rspress/core/dist/theme/assets/arrow-down.js ×

File: ../../.yarn/berry/cache/@rspress-core-npm-2.0.3-c87d0adf5b-10c0.zip/node_modules/@rspress/core/dist/theme/assets/arrow-down.js:2:1-16
  × Module not found: Can't resolve 'react' in '/home/dev/.yarn/berry/cache/@rspress-core-npm-2.0.3-c87d0adf5b-10c0.zip/node_modules/@rspress/core/dist/theme/assets'
   ╭─[2:0]
 1 │ import { jsx } from "react/jsx-runtime";
 2 │ import "react";
   · ───────────────
 3 │ const SvgArrowDown = (props)=>/*#__PURE__*/ jsx("svg", {
 4 │         width: "1em",
   ╰────
Import traces (entry → error):
  ../../.yarn/berry/cache/@rspress-core-npm-2.0.3-c87d0adf5b-10c0.zip/node_modules/@rspress/core/dist/theme/index.js
  ../../.yarn/berry/cache/@rspress-core-npm-2.0.3-c87d0adf5b-10c0.zip/node_modules/@rspress/core/dist/theme/icons.js
  ../../.yarn/berry/cache/@rspress-core-npm-2.0.3-c87d0adf5b-10c0.zip/node_modules/@rspress/core/dist/theme/assets/arrow-down.js ×

File: ../../.yarn/berry/cache/@rspress-core-npm-2.0.3-c87d0adf5b-10c0.zip/node_modules/@rspress/core/dist/theme/assets/arrow-right.js:1:1-41
  × Module not found: Can't resolve 'react/jsx-runtime' in '/home/dev/.yarn/berry/cache/@rspress-core-npm-2.0.3-c87d0adf5b-10c0.zip/node_modules/@rspress/core/dist/theme/assets'
   ╭─[1:0]
 1 │ import { jsx } from "react/jsx-runtime";
   · ────────────────────────────────────────
 2 │ import "react";
 3 │ const SvgArrowRight = (props)=>/*#__PURE__*/ jsx("svg", {
   ╰────
Import traces (entry → error):
  ../../.yarn/berry/cache/@rspress-core-npm-2.0.3-c87d0adf5b-10c0.zip/node_modules/@rspress/core/dist/theme/index.js
  ../../.yarn/berry/cache/@rspress-core-npm-2.0.3-c87d0adf5b-10c0.zip/node_modules/@rspress/core/dist/theme/icons.js
  ../../.yarn/berry/cache/@rspress-core-npm-2.0.3-c87d0adf5b-10c0.zip/node_modules/@rspress/core/dist/theme/assets/arrow-right.js ×

File: ../../.yarn/berry/cache/@rspress-core-npm-2.0.3-c87d0adf5b-10c0.zip/node_modules/@rspress/core/dist/theme/assets/arrow-right.js:2:1-16
  × Module not found: Can't resolve 'react' in '/home/dev/.yarn/berry/cache/@rspress-core-npm-2.0.3-c87d0adf5b-10c0.zip/node_modules/@rspress/core/dist/theme/assets'
   ╭─[2:0]
 1 │ import { jsx } from "react/jsx-runtime";
 2 │ import "react";
   · ───────────────
 3 │ const SvgArrowRight = (props)=>/*#__PURE__*/ jsx("svg", {
 4 │         width: "1em",
   ╰────
Import traces (entry → error):
  ../../.yarn/berry/cache/@rspress-core-npm-2.0.3-c87d0adf5b-10c0.zip/node_modules/@rspress/core/dist/theme/index.js
  ../../.yarn/berry/cache/@rspress-core-npm-2.0.3-c87d0adf5b-10c0.zip/node_modules/@rspress/core/dist/theme/icons.js
  ../../.yarn/berry/cache/@rspress-core-npm-2.0.3-c87d0adf5b-10c0.zip/node_modules/@rspress/core/dist/theme/assets/arrow-right.js ×

File: ../../.yarn/berry/cache/@rspress-core-npm-2.0.3-c87d0adf5b-10c0.zip/node_modules/@rspress/core/dist/theme/assets/close.js:1:1-41
  × Module not found: Can't resolve 'react/jsx-runtime' in '/home/dev/.yarn/berry/cache/@rspress-core-npm-2.0.3-c87d0adf5b-10c0.zip/node_modules/@rspress/core/dist/theme/assets'
   ╭─[1:0]
 1 │ import { jsx } from "react/jsx-runtime";
   · ────────────────────────────────────────
 2 │ import "react";
 3 │ const SvgClose = (props)=>/*#__PURE__*/ jsx("svg", {
   ╰────
Import traces (entry → error):
  ../../.yarn/berry/cache/@rspress-core-npm-2.0.3-c87d0adf5b-10c0.zip/node_modules/@rspress/core/dist/theme/index.js
  ../../.yarn/berry/cache/@rspress-core-npm-2.0.3-c87d0adf5b-10c0.zip/node_modules/@rspress/core/dist/theme/icons.js
  ../../.yarn/berry/cache/@rspress-core-npm-2.0.3-c87d0adf5b-10c0.zip/node_modules/@rspress/core/dist/theme/assets/close.js ×

File: ../../.yarn/berry/cache/@rspress-core-npm-2.0.3-c87d0adf5b-10c0.zip/node_modules/@rspress/core/dist/theme/assets/close.js:2:1-16
  × Module not found: Can't resolve 'react' in '/home/dev/.yarn/berry/cache/@rspress-core-npm-2.0.3-c87d0adf5b-10c0.zip/node_modules/@rspress/core/dist/theme/assets'
   ╭─[2:0]
 1 │ import { jsx } from "react/jsx-runtime";
 2 │ import "react";
   · ───────────────
 3 │ const SvgClose = (props)=>/*#__PURE__*/ jsx("svg", {
 4 │         xmlns: "http://www.w3.org/2000/svg",
   ╰────
Import traces (entry → error):
  ../../.yarn/berry/cache/@rspress-core-npm-2.0.3-c87d0adf5b-10c0.zip/node_modules/@rspress/core/dist/theme/index.js
  ../../.yarn/berry/cache/@rspress-core-npm-2.0.3-c87d0adf5b-10c0.zip/node_modules/@rspress/core/dist/theme/icons.js
  ../../.yarn/berry/cache/@rspress-core-npm-2.0.3-c87d0adf5b-10c0.zip/node_modules/@rspress/core/dist/theme/assets/close.js ×

File: ../../.yarn/berry/cache/@rspress-core-npm-2.0.3-c87d0adf5b-10c0.zip/node_modules/@rspress/core/dist/theme/assets/copy.js:1:1-47
  × Module not found: Can't resolve 'react/jsx-runtime' in '/home/dev/.yarn/berry/cache/@rspress-core-npm-2.0.3-c87d0adf5b-10c0.zip/node_modules/@rspress/core/dist/theme/assets'
   ╭─[1:0]
 1 │ import { jsx, jsxs } from "react/jsx-runtime";
   · ──────────────────────────────────────────────
 2 │ import "react";
 3 │ const SvgCopy = (props)=>/*#__PURE__*/ jsxs("svg", {
   ╰────
Import traces (entry → error):
  ../../.yarn/berry/cache/@rspress-core-npm-2.0.3-c87d0adf5b-10c0.zip/node_modules/@rspress/core/dist/theme/index.js
  ../../.yarn/berry/cache/@rspress-core-npm-2.0.3-c87d0adf5b-10c0.zip/node_modules/@rspress/core/dist/theme/icons.js
  ../../.yarn/berry/cache/@rspress-core-npm-2.0.3-c87d0adf5b-10c0.zip/node_modules/@rspress/core/dist/theme/assets/copy.js ×

File: ../../.yarn/berry/cache/@rspress-core-npm-2.0.3-c87d0adf5b-10c0.zip/node_modules/@rspress/core/dist/theme/assets/copy.js:2:1-16
  × Module not found: Can't resolve 'react' in '/home/dev/.yarn/berry/cache/@rspress-core-npm-2.0.3-c87d0adf5b-10c0.zip/node_modules/@rspress/core/dist/theme/assets'
   ╭─[2:0]
 1 │ import { jsx, jsxs } from "react/jsx-runtime";
 2 │ import "react";
   · ───────────────
 3 │ const SvgCopy = (props)=>/*#__PURE__*/ jsxs("svg", {
 4 │         xmlns: "http://www.w3.org/2000/svg",
   ╰────
Import traces (entry → error):
  ../../.yarn/berry/cache/@rspress-core-npm-2.0.3-c87d0adf5b-10c0.zip/node_modules/@rspress/core/dist/theme/index.js
  ../../.yarn/berry/cache/@rspress-core-npm-2.0.3-c87d0adf5b-10c0.zip/node_modules/@rspress/core/dist/theme/icons.js
  ../../.yarn/berry/cache/@rspress-core-npm-2.0.3-c87d0adf5b-10c0.zip/node_modules/@rspress/core/dist/theme/assets/copy.js ×

File: ../../.yarn/berry/cache/@rspress-core-npm-2.0.3-c87d0adf5b-10c0.zip/node_modules/@rspress/core/dist/theme/assets/deprecated.js:1:1-41
  × Module not found: Can't resolve 'react/jsx-runtime' in '/home/dev/.yarn/berry/cache/@rspress-core-npm-2.0.3-c87d0adf5b-10c0.zip/node_modules/@rspress/core/dist/theme/assets'
   ╭─[1:0]
 1 │ import { jsx } from "react/jsx-runtime";
   · ────────────────────────────────────────
 2 │ import "react";
 3 │ const SvgDeprecated = (props)=>/*#__PURE__*/ jsx("svg", {
   ╰────
Import traces (entry → error):
  ../../.yarn/berry/cache/@rspress-core-npm-2.0.3-c87d0adf5b-10c0.zip/node_modules/@rspress/core/dist/theme/index.js
  ../../.yarn/berry/cache/@rspress-core-npm-2.0.3-c87d0adf5b-10c0.zip/node_modules/@rspress/core/dist/theme/icons.js
  ../../.yarn/berry/cache/@rspress-core-npm-2.0.3-c87d0adf5b-10c0.zip/node_modules/@rspress/core/dist/theme/assets/deprecated.js ×

File: ../../.yarn/berry/cache/@rspress-core-npm-2.0.3-c87d0adf5b-10c0.zip/node_modules/@rspress/core/dist/theme/assets/deprecated.js:2:1-16
  × Module not found: Can't resolve 'react' in '/home/dev/.yarn/berry/cache/@rspress-core-npm-2.0.3-c87d0adf5b-10c0.zip/node_modules/@rspress/core/dist/theme/assets'
   ╭─[2:0]
 1 │ import { jsx } from "react/jsx-runtime";
 2 │ import "react";
   · ───────────────
 3 │ const SvgDeprecated = (props)=>/*#__PURE__*/ jsx("svg", {
 4 │         width: "1em",
   ╰────
Import traces (entry → error):
  ../../.yarn/berry/cache/@rspress-core-npm-2.0.3-c87d0adf5b-10c0.zip/node_modules/@rspress/core/dist/theme/index.js
  ../../.yarn/berry/cache/@rspress-core-npm-2.0.3-c87d0adf5b-10c0.zip/node_modules/@rspress/core/dist/theme/icons.js
  ../../.yarn/berry/cache/@rspress-core-npm-2.0.3-c87d0adf5b-10c0.zip/node_modules/@rspress/core/dist/theme/assets/deprecated.js ×

File: ../../.yarn/berry/cache/@rspress-core-npm-2.0.3-c87d0adf5b-10c0.zip/node_modules/@rspress/core/dist/theme/assets/down.js:1:1-41
  × Module not found: Can't resolve 'react/jsx-runtime' in '/home/dev/.yarn/berry/cache/@rspress-core-npm-2.0.3-c87d0adf5b-10c0.zip/node_modules/@rspress/core/dist/theme/assets'
   ╭─[1:0]
 1 │ import { jsx } from "react/jsx-runtime";
   · ────────────────────────────────────────
 2 │ import "react";
 3 │ const SvgDown = (props)=>/*#__PURE__*/ jsx("svg", {
   ╰────
Import traces (entry → error):
  ../../.yarn/berry/cache/@rspress-core-npm-2.0.3-c87d0adf5b-10c0.zip/node_modules/@rspress/core/dist/theme/index.js
  ../../.yarn/berry/cache/@rspress-core-npm-2.0.3-c87d0adf5b-10c0.zip/node_modules/@rspress/core/dist/theme/icons.js
  ../../.yarn/berry/cache/@rspress-core-npm-2.0.3-c87d0adf5b-10c0.zip/node_modules/@rspress/core/dist/theme/assets/down.js ×

File: ../../.yarn/berry/cache/@rspress-core-npm-2.0.3-c87d0adf5b-10c0.zip/node_modules/@rspress/core/dist/theme/assets/down.js:2:1-16
  × Module not found: Can't resolve 'react' in '/home/dev/.yarn/berry/cache/@rspress-core-npm-2.0.3-c87d0adf5b-10c0.zip/node_modules/@rspress/core/dist/theme/assets'
   ╭─[2:0]
 1 │ import { jsx } from "react/jsx-runtime";
 2 │ import "react";
   · ───────────────
 3 │ const SvgDown = (props)=>/*#__PURE__*/ jsx("svg", {
 4 │         width: "1em",
   ╰────
Import traces (entry → error):
  ../../.yarn/berry/cache/@rspress-core-npm-2.0.3-c87d0adf5b-10c0.zip/node_modules/@rspress/core/dist/theme/index.js
  ../../.yarn/berry/cache/@rspress-core-npm-2.0.3-c87d0adf5b-10c0.zip/node_modules/@rspress/core/dist/theme/icons.js
  ../../.yarn/berry/cache/@rspress-core-npm-2.0.3-c87d0adf5b-10c0.zip/node_modules/@rspress/core/dist/theme/assets/down.js ×

File: ../../.yarn/berry/cache/@rspress-core-npm-2.0.3-c87d0adf5b-10c0.zip/node_modules/@rspress/core/dist/theme/assets/empty.js:1:1-47
  × Module not found: Can't resolve 'react/jsx-runtime' in '/home/dev/.yarn/berry/cache/@rspress-core-npm-2.0.3-c87d0adf5b-10c0.zip/node_modules/@rspress/core/dist/theme/assets'
   ╭─[1:0]
 1 │ import { jsx, jsxs } from "react/jsx-runtime";
   · ──────────────────────────────────────────────
 2 │ import "react";
 3 │ const SvgEmpty = (props)=>/*#__PURE__*/ jsxs("svg", {
   ╰────
Import traces (entry → error):
  ../../.yarn/berry/cache/@rspress-core-npm-2.0.3-c87d0adf5b-10c0.zip/node_modules/@rspress/core/dist/theme/index.js
  ../../.yarn/berry/cache/@rspress-core-npm-2.0.3-c87d0adf5b-10c0.zip/node_modules/@rspress/core/dist/theme/icons.js
  ../../.yarn/berry/cache/@rspress-core-npm-2.0.3-c87d0adf5b-10c0.zip/node_modules/@rspress/core/dist/theme/assets/empty.js ×

File: ../../.yarn/berry/cache/@rspress-core-npm-2.0.3-c87d0adf5b-10c0.zip/node_modules/@rspress/core/dist/theme/assets/empty.js:2:1-16
  × Module not found: Can't resolve 'react' in '/home/dev/.yarn/berry/cache/@rspress-core-npm-2.0.3-c87d0adf5b-10c0.zip/node_modules/@rspress/core/dist/theme/assets'
   ╭─[2:0]
 1 │ import { jsx, jsxs } from "react/jsx-runtime";
 2 │ import "react";
   · ───────────────
 3 │ const SvgEmpty = (props)=>/*#__PURE__*/ jsxs("svg", {
 4 │         xmlns: "http://www.w3.org/2000/svg",
   ╰────
Import traces (entry → error):
  ../../.yarn/berry/cache/@rspress-core-npm-2.0.3-c87d0adf5b-10c0.zip/node_modules/@rspress/core/dist/theme/index.js
  ../../.yarn/berry/cache/@rspress-core-npm-2.0.3-c87d0adf5b-10c0.zip/node_modules/@rspress/core/dist/theme/icons.js
  ../../.yarn/berry/cache/@rspress-core-npm-2.0.3-c87d0adf5b-10c0.zip/node_modules/@rspress/core/dist/theme/assets/empty.js ×

File: ../../.yarn/berry/cache/@rspress-core-npm-2.0.3-c87d0adf5b-10c0.zip/node_modules/@rspress/core/dist/theme/assets/experimental.js:1:1-41
  × Module not found: Can't resolve 'react/jsx-runtime' in '/home/dev/.yarn/berry/cache/@rspress-core-npm-2.0.3-c87d0adf5b-10c0.zip/node_modules/@rspress/core/dist/theme/assets'
   ╭─[1:0]
 1 │ import { jsx } from "react/jsx-runtime";
   · ────────────────────────────────────────
 2 │ import "react";
 3 │ const SvgExperimental = (props)=>/*#__PURE__*/ jsx("svg", {
   ╰────
Import traces (entry → error):
  ../../.yarn/berry/cache/@rspress-core-npm-2.0.3-c87d0adf5b-10c0.zip/node_modules/@rspress/core/dist/theme/index.js
  ../../.yarn/berry/cache/@rspress-core-npm-2.0.3-c87d0adf5b-10c0.zip/node_modules/@rspress/core/dist/theme/icons.js
  ../../.yarn/berry/cache/@rspress-core-npm-2.0.3-c87d0adf5b-10c0.zip/node_modules/@rspress/core/dist/theme/assets/experimental.js ×

File: ../../.yarn/berry/cache/@rspress-core-npm-2.0.3-c87d0adf5b-10c0.zip/node_modules/@rspress/core/dist/theme/assets/experimental.js:2:1-16
  × Module not found: Can't resolve 'react' in '/home/dev/.yarn/berry/cache/@rspress-core-npm-2.0.3-c87d0adf5b-10c0.zip/node_modules/@rspress/core/dist/theme/assets'
   ╭─[2:0]
 1 │ import { jsx } from "react/jsx-runtime";
 2 │ import "react";
   · ───────────────
 3 │ const SvgExperimental = (props)=>/*#__PURE__*/ jsx("svg", {
 4 │         width: "1em",
   ╰────
Import traces (entry → error):
  ../../.yarn/berry/cache/@rspress-core-npm-2.0.3-c87d0adf5b-10c0.zip/node_modules/@rspress/core/dist/theme/index.js
  ../../.yarn/berry/cache/@rspress-core-npm-2.0.3-c87d0adf5b-10c0.zip/node_modules/@rspress/core/dist/theme/icons.js
  ../../.yarn/berry/cache/@rspress-core-npm-2.0.3-c87d0adf5b-10c0.zip/node_modules/@rspress/core/dist/theme/assets/experimental.js ×

File: ../../.yarn/berry/cache/@rspress-core-npm-2.0.3-c87d0adf5b-10c0.zip/node_modules/@rspress/core/dist/theme/assets/external-link.js:1:1-41
  × Module not found: Can't resolve 'react/jsx-runtime' in '/home/dev/.yarn/berry/cache/@rspress-core-npm-2.0.3-c87d0adf5b-10c0.zip/node_modules/@rspress/core/dist/theme/assets'
   ╭─[1:0]
 1 │ import { jsx } from "react/jsx-runtime";
   · ────────────────────────────────────────
 2 │ import "react";
 3 │ const SvgExternalLink = (props)=>/*#__PURE__*/ jsx("svg", {
   ╰────
Import traces (entry → error):
  ../../.yarn/berry/cache/@rspress-core-npm-2.0.3-c87d0adf5b-10c0.zip/node_modules/@rspress/core/dist/theme/index.js
  ../../.yarn/berry/cache/@rspress-core-npm-2.0.3-c87d0adf5b-10c0.zip/node_modules/@rspress/core/dist/theme/icons.js
  ../../.yarn/berry/cache/@rspress-core-npm-2.0.3-c87d0adf5b-10c0.zip/node_modules/@rspress/core/dist/theme/assets/external-link.js ×

File: ../../.yarn/berry/cache/@rspress-core-npm-2.0.3-c87d0adf5b-10c0.zip/node_modules/@rspress/core/dist/theme/assets/external-link.js:2:1-16
  × Module not found: Can't resolve 'react' in '/home/dev/.yarn/berry/cache/@rspress-core-npm-2.0.3-c87d0adf5b-10c0.zip/node_modules/@rspress/core/dist/theme/assets'
   ╭─[2:0]
 1 │ import { jsx } from "react/jsx-runtime";
 2 │ import "react";
   · ───────────────
 3 │ const SvgExternalLink = (props)=>/*#__PURE__*/ jsx("svg", {
 4 │         xmlns: "http://www.w3.org/2000/svg",
   ╰────
Import traces (entry → error):
  ../../.yarn/berry/cache/@rspress-core-npm-2.0.3-c87d0adf5b-10c0.zip/node_modules/@rspress/core/dist/theme/index.js
  ../../.yarn/berry/cache/@rspress-core-npm-2.0.3-c87d0adf5b-10c0.zip/node_modules/@rspress/core/dist/theme/icons.js
  ../../.yarn/berry/cache/@rspress-core-npm-2.0.3-c87d0adf5b-10c0.zip/node_modules/@rspress/core/dist/theme/assets/external-link.js ×

File: ../../.yarn/berry/cache/@rspress-core-npm-2.0.3-c87d0adf5b-10c0.zip/node_modules/@rspress/core/dist/theme/assets/file.js:1:1-47
  × Module not found: Can't resolve 'react/jsx-runtime' in '/home/dev/.yarn/berry/cache/@rspress-core-npm-2.0.3-c87d0adf5b-10c0.zip/node_modules/@rspress/core/dist/theme/assets'
   ╭─[1:0]
 1 │ import { jsx, jsxs } from "react/jsx-runtime";
   · ──────────────────────────────────────────────
 2 │ import "react";
 3 │ const SvgFile = (props)=>/*#__PURE__*/ jsxs("svg", {
   ╰────
Import traces (entry → error):
  ../../.yarn/berry/cache/@rspress-core-npm-2.0.3-c87d0adf5b-10c0.zip/node_modules/@rspress/core/dist/theme/index.js
  ../../.yarn/berry/cache/@rspress-core-npm-2.0.3-c87d0adf5b-10c0.zip/node_modules/@rspress/core/dist/theme/icons.js
  ../../.yarn/berry/cache/@rspress-core-npm-2.0.3-c87d0adf5b-10c0.zip/node_modules/@rspress/core/dist/theme/assets/file.js ×

File: ../../.yarn/berry/cache/@rspress-core-npm-2.0.3-c87d0adf5b-10c0.zip/node_modules/@rspress/core/dist/theme/assets/file.js:2:1-16
  × Module not found: Can't resolve 'react' in '/home/dev/.yarn/berry/cache/@rspress-core-npm-2.0.3-c87d0adf5b-10c0.zip/node_modules/@rspress/core/dist/theme/assets'
   ╭─[2:0]
 1 │ import { jsx, jsxs } from "react/jsx-runtime";
 2 │ import "react";
   · ───────────────
 3 │ const SvgFile = (props)=>/*#__PURE__*/ jsxs("svg", {
 4 │         xmlns: "http://www.w3.org/2000/svg",
   ╰────
Import traces (entry → error):
  ../../.yarn/berry/cache/@rspress-core-npm-2.0.3-c87d0adf5b-10c0.zip/node_modules/@rspress/core/dist/theme/index.js
  ../../.yarn/berry/cache/@rspress-core-npm-2.0.3-c87d0adf5b-10c0.zip/node_modules/@rspress/core/dist/theme/icons.js
  ../../.yarn/berry/cache/@rspress-core-npm-2.0.3-c87d0adf5b-10c0.zip/node_modules/@rspress/core/dist/theme/assets/file.js ×

File: ../../.yarn/berry/cache/@rspress-core-npm-2.0.3-c87d0adf5b-10c0.zip/node_modules/@rspress/core/dist/theme/assets/github.js:1:1-41
  × Module not found: Can't resolve 'react/jsx-runtime' in '/home/dev/.yarn/berry/cache/@rspress-core-npm-2.0.3-c87d0adf5b-10c0.zip/node_modules/@rspress/core/dist/theme/assets'
   ╭─[1:0]
 1 │ import { jsx } from "react/jsx-runtime";
   · ────────────────────────────────────────
 2 │ import "react";
 3 │ const SvgGithub = (props)=>/*#__PURE__*/ jsx("svg", {
   ╰────
Import traces (entry → error):
  ../../.yarn/berry/cache/@rspress-core-npm-2.0.3-c87d0adf5b-10c0.zip/node_modules/@rspress/core/dist/theme/index.js
  ../../.yarn/berry/cache/@rspress-core-npm-2.0.3-c87d0adf5b-10c0.zip/node_modules/@rspress/core/dist/theme/icons.js
  ../../.yarn/berry/cache/@rspress-core-npm-2.0.3-c87d0adf5b-10c0.zip/node_modules/@rspress/core/dist/theme/assets/github.js ×

File: ../../.yarn/berry/cache/@rspress-core-npm-2.0.3-c87d0adf5b-10c0.zip/node_modules/@rspress/core/dist/theme/assets/github.js:2:1-16
  × Module not found: Can't resolve 'react' in '/home/dev/.yarn/berry/cache/@rspress-core-npm-2.0.3-c87d0adf5b-10c0.zip/node_modules/@rspress/core/dist/theme/assets'
   ╭─[2:0]
 1 │ import { jsx } from "react/jsx-runtime";
 2 │ import "react";
   · ───────────────
 3 │ const SvgGithub = (props)=>/*#__PURE__*/ jsx("svg", {
 4 │         xmlns: "http://www.w3.org/2000/svg",
   ╰────
Import traces (entry → error):
  ../../.yarn/berry/cache/@rspress-core-npm-2.0.3-c87d0adf5b-10c0.zip/node_modules/@rspress/core/dist/theme/index.js
  ../../.yarn/berry/cache/@rspress-core-npm-2.0.3-c87d0adf5b-10c0.zip/node_modules/@rspress/core/dist/theme/icons.js
  ../../.yarn/berry/cache/@rspress-core-npm-2.0.3-c87d0adf5b-10c0.zip/node_modules/@rspress/core/dist/theme/assets/github.js ×

File: ../../.yarn/berry/cache/@rspress-core-npm-2.0.3-c87d0adf5b-10c0.zip/node_modules/@rspress/core/dist/theme/assets/gitlab.js:1:1-41
  × Module not found: Can't resolve 'react/jsx-runtime' in '/home/dev/.yarn/berry/cache/@rspress-core-npm-2.0.3-c87d0adf5b-10c0.zip/node_modules/@rspress/core/dist/theme/assets'
   ╭─[1:0]
 1 │ import { jsx } from "react/jsx-runtime";
   · ────────────────────────────────────────
 2 │ import "react";
 3 │ const SvgGitlab = (props)=>/*#__PURE__*/ jsx("svg", {
   ╰────
Import traces (entry → error):
  ../../.yarn/berry/cache/@rspress-core-npm-2.0.3-c87d0adf5b-10c0.zip/node_modules/@rspress/core/dist/theme/index.js
  ../../.yarn/berry/cache/@rspress-core-npm-2.0.3-c87d0adf5b-10c0.zip/node_modules/@rspress/core/dist/theme/icons.js
  ../../.yarn/berry/cache/@rspress-core-npm-2.0.3-c87d0adf5b-10c0.zip/node_modules/@rspress/core/dist/theme/assets/gitlab.js ×

File: ../../.yarn/berry/cache/@rspress-core-npm-2.0.3-c87d0adf5b-10c0.zip/node_modules/@rspress/core/dist/theme/assets/gitlab.js:2:1-16
  × Module not found: Can't resolve 'react' in '/home/dev/.yarn/berry/cache/@rspress-core-npm-2.0.3-c87d0adf5b-10c0.zip/node_modules/@rspress/core/dist/theme/assets'
   ╭─[2:0]
 1 │ import { jsx } from "react/jsx-runtime";
 2 │ import "react";
   · ───────────────
 3 │ const SvgGitlab = (props)=>/*#__PURE__*/ jsx("svg", {
 4 │         xmlns: "http://www.w3.org/2000/svg",
   ╰────
Import traces (entry → error):
  ../../.yarn/berry/cache/@rspress-core-npm-2.0.3-c87d0adf5b-10c0.zip/node_modules/@rspress/core/dist/theme/index.js
  ../../.yarn/berry/cache/@rspress-core-npm-2.0.3-c87d0adf5b-10c0.zip/node_modules/@rspress/core/dist/theme/icons.js
  ../../.yarn/berry/cache/@rspress-core-npm-2.0.3-c87d0adf5b-10c0.zip/node_modules/@rspress/core/dist/theme/assets/gitlab.js ×

File: ../../.yarn/berry/cache/@rspress-core-npm-2.0.3-c87d0adf5b-10c0.zip/node_modules/@rspress/core/dist/theme/assets/header.js:1:1-41
  × Module not found: Can't resolve 'react/jsx-runtime' in '/home/dev/.yarn/berry/cache/@rspress-core-npm-2.0.3-c87d0adf5b-10c0.zip/node_modules/@rspress/core/dist/theme/assets'
   ╭─[1:0]
 1 │ import { jsx } from "react/jsx-runtime";
   · ────────────────────────────────────────
 2 │ import "react";
 3 │ const SvgHeader = (props)=>/*#__PURE__*/ jsx("svg", {
   ╰────
Import traces (entry → error):
  ../../.yarn/berry/cache/@rspress-core-npm-2.0.3-c87d0adf5b-10c0.zip/node_modules/@rspress/core/dist/theme/index.js
  ../../.yarn/berry/cache/@rspress-core-npm-2.0.3-c87d0adf5b-10c0.zip/node_modules/@rspress/core/dist/theme/icons.js
  ../../.yarn/berry/cache/@rspress-core-npm-2.0.3-c87d0adf5b-10c0.zip/node_modules/@rspress/core/dist/theme/assets/header.js ×

File: ../../.yarn/berry/cache/@rspress-core-npm-2.0.3-c87d0adf5b-10c0.zip/node_modules/@rspress/core/dist/theme/assets/header.js:2:1-16
  × Module not found: Can't resolve 'react' in '/home/dev/.yarn/berry/cache/@rspress-core-npm-2.0.3-c87d0adf5b-10c0.zip/node_modules/@rspress/core/dist/theme/assets'
   ╭─[2:0]
 1 │ import { jsx } from "react/jsx-runtime";
 2 │ import "react";
   · ───────────────
 3 │ const SvgHeader = (props)=>/*#__PURE__*/ jsx("svg", {
 4 │         xmlns: "http://www.w3.org/2000/svg",
   ╰────
Import traces (entry → error):
  ../../.yarn/berry/cache/@rspress-core-npm-2.0.3-c87d0adf5b-10c0.zip/node_modules/@rspress/core/dist/theme/index.js
  ../../.yarn/berry/cache/@rspress-core-npm-2.0.3-c87d0adf5b-10c0.zip/node_modules/@rspress/core/dist/theme/icons.js
  ../../.yarn/berry/cache/@rspress-core-npm-2.0.3-c87d0adf5b-10c0.zip/node_modules/@rspress/core/dist/theme/assets/header.js ×

File: ../../.yarn/berry/cache/@rspress-core-npm-2.0.3-c87d0adf5b-10c0.zip/node_modules/@rspress/core/dist/theme/assets/jump.js:1:1-41
  × Module not found: Can't resolve 'react/jsx-runtime' in '/home/dev/.yarn/berry/cache/@rspress-core-npm-2.0.3-c87d0adf5b-10c0.zip/node_modules/@rspress/core/dist/theme/assets'
   ╭─[1:0]
 1 │ import { jsx } from "react/jsx-runtime";
   · ────────────────────────────────────────
 2 │ import "react";
 3 │ const SvgJump = (props)=>/*#__PURE__*/ jsx("svg", {
   ╰────
Import traces (entry → error):
  ../../.yarn/berry/cache/@rspress-core-npm-2.0.3-c87d0adf5b-10c0.zip/node_modules/@rspress/core/dist/theme/index.js
  ../../.yarn/berry/cache/@rspress-core-npm-2.0.3-c87d0adf5b-10c0.zip/node_modules/@rspress/core/dist/theme/icons.js
  ../../.yarn/berry/cache/@rspress-core-npm-2.0.3-c87d0adf5b-10c0.zip/node_modules/@rspress/core/dist/theme/assets/jump.js ×

File: ../../.yarn/berry/cache/@rspress-core-npm-2.0.3-c87d0adf5b-10c0.zip/node_modules/@rspress/core/dist/theme/assets/jump.js:2:1-16
  × Module not found: Can't resolve 'react' in '/home/dev/.yarn/berry/cache/@rspress-core-npm-2.0.3-c87d0adf5b-10c0.zip/node_modules/@rspress/core/dist/theme/assets'
   ╭─[2:0]
 1 │ import { jsx } from "react/jsx-runtime";
 2 │ import "react";
   · ───────────────
 3 │ const SvgJump = (props)=>/*#__PURE__*/ jsx("svg", {
 4 │         xmlns: "http://www.w3.org/2000/svg",
   ╰────
Import traces (entry → error):
  ../../.yarn/berry/cache/@rspress-core-npm-2.0.3-c87d0adf5b-10c0.zip/node_modules/@rspress/core/dist/theme/index.js
  ../../.yarn/berry/cache/@rspress-core-npm-2.0.3-c87d0adf5b-10c0.zip/node_modules/@rspress/core/dist/theme/icons.js
  ../../.yarn/berry/cache/@rspress-core-npm-2.0.3-c87d0adf5b-10c0.zip/node_modules/@rspress/core/dist/theme/assets/jump.js ×

File: ../../.yarn/berry/cache/@rspress-core-npm-2.0.3-c87d0adf5b-10c0.zip/node_modules/@rspress/core/dist/theme/assets/link.js:1:1-47
  × Module not found: Can't resolve 'react/jsx-runtime' in '/home/dev/.yarn/berry/cache/@rspress-core-npm-2.0.3-c87d0adf5b-10c0.zip/node_modules/@rspress/core/dist/theme/assets'
   ╭─[1:0]
 1 │ import { jsx, jsxs } from "react/jsx-runtime";
   · ──────────────────────────────────────────────
 2 │ import "react";
 3 │ const SvgLink = (props)=>/*#__PURE__*/ jsx("svg", {
   ╰────
Import traces (entry → error):
  ../../.yarn/berry/cache/@rspress-core-npm-2.0.3-c87d0adf5b-10c0.zip/node_modules/@rspress/core/dist/theme/index.js
  ../../.yarn/berry/cache/@rspress-core-npm-2.0.3-c87d0adf5b-10c0.zip/node_modules/@rspress/core/dist/theme/icons.js
  ../../.yarn/berry/cache/@rspress-core-npm-2.0.3-c87d0adf5b-10c0.zip/node_modules/@rspress/core/dist/theme/assets/link.js ×

File: ../../.yarn/berry/cache/@rspress-core-npm-2.0.3-c87d0adf5b-10c0.zip/node_modules/@rspress/core/dist/theme/assets/link.js:2:1-16
  × Module not found: Can't resolve 'react' in '/home/dev/.yarn/berry/cache/@rspress-core-npm-2.0.3-c87d0adf5b-10c0.zip/node_modules/@rspress/core/dist/theme/assets'
   ╭─[2:0]
 1 │ import { jsx, jsxs } from "react/jsx-runtime";
 2 │ import "react";
   · ───────────────
 3 │ const SvgLink = (props)=>/*#__PURE__*/ jsx("svg", {
 4 │         xmlns: "http://www.w3.org/2000/svg",
   ╰────
Import traces (entry → error):
  ../../.yarn/berry/cache/@rspress-core-npm-2.0.3-c87d0adf5b-10c0.zip/node_modules/@rspress/core/dist/theme/index.js
  ../../.yarn/berry/cache/@rspress-core-npm-2.0.3-c87d0adf5b-10c0.zip/node_modules/@rspress/core/dist/theme/icons.js
  ../../.yarn/berry/cache/@rspress-core-npm-2.0.3-c87d0adf5b-10c0.zip/node_modules/@rspress/core/dist/theme/assets/link.js ×

File: ../../.yarn/berry/cache/@rspress-core-npm-2.0.3-c87d0adf5b-10c0.zip/node_modules/@rspress/core/dist/theme/assets/loading.js:1:1-47
  × Module not found: Can't resolve 'react/jsx-runtime' in '/home/dev/.yarn/berry/cache/@rspress-core-npm-2.0.3-c87d0adf5b-10c0.zip/node_modules/@rspress/core/dist/theme/assets'
   ╭─[1:0]
 1 │ import { jsx, jsxs } from "react/jsx-runtime";
   · ──────────────────────────────────────────────
 2 │ import "react";
 3 │ const SvgLoading = (props)=>/*#__PURE__*/ jsx("svg", {
   ╰────
Import traces (entry → error):
  ../../.yarn/berry/cache/@rspress-core-npm-2.0.3-c87d0adf5b-10c0.zip/node_modules/@rspress/core/dist/theme/index.js
  ../../.yarn/berry/cache/@rspress-core-npm-2.0.3-c87d0adf5b-10c0.zip/node_modules/@rspress/core/dist/theme/icons.js
  ../../.yarn/berry/cache/@rspress-core-npm-2.0.3-c87d0adf5b-10c0.zip/node_modules/@rspress/core/dist/theme/assets/loading.js ×

File: ../../.yarn/berry/cache/@rspress-core-npm-2.0.3-c87d0adf5b-10c0.zip/node_modules/@rspress/core/dist/theme/assets/loading.js:2:1-16
  × Module not found: Can't resolve 'react' in '/home/dev/.yarn/berry/cache/@rspress-core-npm-2.0.3-c87d0adf5b-10c0.zip/node_modules/@rspress/core/dist/theme/assets'
   ╭─[2:0]
 1 │ import { jsx, jsxs } from "react/jsx-runtime";
 2 │ import "react";
   · ───────────────
 3 │ const SvgLoading = (props)=>/*#__PURE__*/ jsx("svg", {
 4 │         width: 32,
   ╰────
Import traces (entry → error):
  ../../.yarn/berry/cache/@rspress-core-npm-2.0.3-c87d0adf5b-10c0.zip/node_modules/@rspress/core/dist/theme/index.js
  ../../.yarn/berry/cache/@rspress-core-npm-2.0.3-c87d0adf5b-10c0.zip/node_modules/@rspress/core/dist/theme/icons.js
  ../../.yarn/berry/cache/@rspress-core-npm-2.0.3-c87d0adf5b-10c0.zip/node_modules/@rspress/core/dist/theme/assets/loading.js ×

File: ../../.yarn/berry/cache/@rspress-core-npm-2.0.3-c87d0adf5b-10c0.zip/node_modules/@rspress/core/dist/theme/assets/menu.js:1:1-41
  × Module not found: Can't resolve 'react/jsx-runtime' in '/home/dev/.yarn/berry/cache/@rspress-core-npm-2.0.3-c87d0adf5b-10c0.zip/node_modules/@rspress/core/dist/theme/assets'
   ╭─[1:0]
 1 │ import { jsx } from "react/jsx-runtime";
   · ────────────────────────────────────────
 2 │ import "react";
 3 │ const SvgMenu = (props)=>/*#__PURE__*/ jsx("svg", {
   ╰────
Import traces (entry → error):
  ../../.yarn/berry/cache/@rspress-core-npm-2.0.3-c87d0adf5b-10c0.zip/node_modules/@rspress/core/dist/theme/index.js
  ../../.yarn/berry/cache/@rspress-core-npm-2.0.3-c87d0adf5b-10c0.zip/node_modules/@rspress/core/dist/theme/icons.js
  ../../.yarn/berry/cache/@rspress-core-npm-2.0.3-c87d0adf5b-10c0.zip/node_modules/@rspress/core/dist/theme/assets/menu.js ×

File: ../../.yarn/berry/cache/@rspress-core-npm-2.0.3-c87d0adf5b-10c0.zip/node_modules/@rspress/core/dist/theme/assets/menu.js:2:1-16
  × Module not found: Can't resolve 'react' in '/home/dev/.yarn/berry/cache/@rspress-core-npm-2.0.3-c87d0adf5b-10c0.zip/node_modules/@rspress/core/dist/theme/assets'
   ╭─[2:0]
 1 │ import { jsx } from "react/jsx-runtime";
 2 │ import "react";
   · ───────────────
 3 │ const SvgMenu = (props)=>/*#__PURE__*/ jsx("svg", {
 4 │         width: "1em",
   ╰────
Import traces (entry → error):
  ../../.yarn/berry/cache/@rspress-core-npm-2.0.3-c87d0adf5b-10c0.zip/node_modules/@rspress/core/dist/theme/index.js
  ../../.yarn/berry/cache/@rspress-core-npm-2.0.3-c87d0adf5b-10c0.zip/node_modules/@rspress/core/dist/theme/icons.js
  ../../.yarn/berry/cache/@rspress-core-npm-2.0.3-c87d0adf5b-10c0.zip/node_modules/@rspress/core/dist/theme/assets/menu.js ×

File: ../../.yarn/berry/cache/@rspress-core-npm-2.0.3-c87d0adf5b-10c0.zip/node_modules/@rspress/core/dist/theme/assets/moon.js:1:1-41
  × Module not found: Can't resolve 'react/jsx-runtime' in '/home/dev/.yarn/berry/cache/@rspress-core-npm-2.0.3-c87d0adf5b-10c0.zip/node_modules/@rspress/core/dist/theme/assets'
   ╭─[1:0]
 1 │ import { jsx } from "react/jsx-runtime";
   · ────────────────────────────────────────
 2 │ import "react";
 3 │ const SvgMoon = (props)=>/*#__PURE__*/ jsx("svg", {
   ╰────
Import traces (entry → error):
  ../../.yarn/berry/cache/@rspress-core-npm-2.0.3-c87d0adf5b-10c0.zip/node_modules/@rspress/core/dist/theme/index.js
  ../../.yarn/berry/cache/@rspress-core-npm-2.0.3-c87d0adf5b-10c0.zip/node_modules/@rspress/core/dist/theme/icons.js
  ../../.yarn/berry/cache/@rspress-core-npm-2.0.3-c87d0adf5b-10c0.zip/node_modules/@rspress/core/dist/theme/assets/moon.js ×

File: ../../.yarn/berry/cache/@rspress-core-npm-2.0.3-c87d0adf5b-10c0.zip/node_modules/@rspress/core/dist/theme/assets/moon.js:2:1-16
  × Module not found: Can't resolve 'react' in '/home/dev/.yarn/berry/cache/@rspress-core-npm-2.0.3-c87d0adf5b-10c0.zip/node_modules/@rspress/core/dist/theme/assets'
   ╭─[2:0]
 1 │ import { jsx } from "react/jsx-runtime";
 2 │ import "react";
   · ───────────────
 3 │ const SvgMoon = (props)=>/*#__PURE__*/ jsx("svg", {
 4 │         xmlns: "http://www.w3.org/2000/svg",
   ╰────
Import traces (entry → error):
  ../../.yarn/berry/cache/@rspress-core-npm-2.0.3-c87d0adf5b-10c0.zip/node_modules/@rspress/core/dist/theme/index.js
  ../../.yarn/berry/cache/@rspress-core-npm-2.0.3-c87d0adf5b-10c0.zip/node_modules/@rspress/core/dist/theme/icons.js
  ../../.yarn/berry/cache/@rspress-core-npm-2.0.3-c87d0adf5b-10c0.zip/node_modules/@rspress/core/dist/theme/assets/moon.js ×

File: ../../.yarn/berry/cache/@rspress-core-npm-2.0.3-c87d0adf5b-10c0.zip/node_modules/@rspress/core/dist/theme/assets/search.js:1:1-41
  × Module not found: Can't resolve 'react/jsx-runtime' in '/home/dev/.yarn/berry/cache/@rspress-core-npm-2.0.3-c87d0adf5b-10c0.zip/node_modules/@rspress/core/dist/theme/assets'
   ╭─[1:0]
 1 │ import { jsx } from "react/jsx-runtime";
   · ────────────────────────────────────────
 2 │ import "react";
 3 │ const SvgSearch = (props)=>/*#__PURE__*/ jsx("svg", {
   ╰────
Import traces (entry → error):
  ../../.yarn/berry/cache/@rspress-core-npm-2.0.3-c87d0adf5b-10c0.zip/node_modules/@rspress/core/dist/theme/index.js
  ../../.yarn/berry/cache/@rspress-core-npm-2.0.3-c87d0adf5b-10c0.zip/node_modules/@rspress/core/dist/theme/icons.js
  ../../.yarn/berry/cache/@rspress-core-npm-2.0.3-c87d0adf5b-10c0.zip/node_modules/@rspress/core/dist/theme/assets/search.js ×

File: ../../.yarn/berry/cache/@rspress-core-npm-2.0.3-c87d0adf5b-10c0.zip/node_modules/@rspress/core/dist/theme/assets/search.js:2:1-16
  × Module not found: Can't resolve 'react' in '/home/dev/.yarn/berry/cache/@rspress-core-npm-2.0.3-c87d0adf5b-10c0.zip/node_modules/@rspress/core/dist/theme/assets'
   ╭─[2:0]
 1 │ import { jsx } from "react/jsx-runtime";
 2 │ import "react";
   · ───────────────
 3 │ const SvgSearch = (props)=>/*#__PURE__*/ jsx("svg", {
 4 │         xmlns: "http://www.w3.org/2000/svg",
   ╰────
Import traces (entry → error):
  ../../.yarn/berry/cache/@rspress-core-npm-2.0.3-c87d0adf5b-10c0.zip/node_modules/@rspress/core/dist/theme/index.js
  ../../.yarn/berry/cache/@rspress-core-npm-2.0.3-c87d0adf5b-10c0.zip/node_modules/@rspress/core/dist/theme/icons.js
  ../../.yarn/berry/cache/@rspress-core-npm-2.0.3-c87d0adf5b-10c0.zip/node_modules/@rspress/core/dist/theme/assets/search.js ×

File: ../../.yarn/berry/cache/@rspress-core-npm-2.0.3-c87d0adf5b-10c0.zip/node_modules/@rspress/core/dist/theme/assets/small-menu.js:1:1-41
  × Module not found: Can't resolve 'react/jsx-runtime' in '/home/dev/.yarn/berry/cache/@rspress-core-npm-2.0.3-c87d0adf5b-10c0.zip/node_modules/@rspress/core/dist/theme/assets'
   ╭─[1:0]
 1 │ import { jsx } from "react/jsx-runtime";
   · ────────────────────────────────────────
 2 │ import "react";
 3 │ const SvgSmallMenu = (props)=>/*#__PURE__*/ jsx("svg", {
   ╰────
Import traces (entry → error):
  ../../.yarn/berry/cache/@rspress-core-npm-2.0.3-c87d0adf5b-10c0.zip/node_modules/@rspress/core/dist/theme/index.js
  ../../.yarn/berry/cache/@rspress-core-npm-2.0.3-c87d0adf5b-10c0.zip/node_modules/@rspress/core/dist/theme/icons.js
  ../../.yarn/berry/cache/@rspress-core-npm-2.0.3-c87d0adf5b-10c0.zip/node_modules/@rspress/core/dist/theme/assets/small-menu.js ×

File: ../../.yarn/berry/cache/@rspress-core-npm-2.0.3-c87d0adf5b-10c0.zip/node_modules/@rspress/core/dist/theme/assets/small-menu.js:2:1-16
  × Module not found: Can't resolve 'react' in '/home/dev/.yarn/berry/cache/@rspress-core-npm-2.0.3-c87d0adf5b-10c0.zip/node_modules/@rspress/core/dist/theme/assets'
   ╭─[2:0]
 1 │ import { jsx } from "react/jsx-runtime";
 2 │ import "react";
   · ───────────────
 3 │ const SvgSmallMenu = (props)=>/*#__PURE__*/ jsx("svg", {
 4 │         xmlns: "http://www.w3.org/2000/svg",
   ╰────
Import traces (entry → error):
  ../../.yarn/berry/cache/@rspress-core-npm-2.0.3-c87d0adf5b-10c0.zip/node_modules/@rspress/core/dist/theme/index.js
  ../../.yarn/berry/cache/@rspress-core-npm-2.0.3-c87d0adf5b-10c0.zip/node_modules/@rspress/core/dist/theme/icons.js
  ../../.yarn/berry/cache/@rspress-core-npm-2.0.3-c87d0adf5b-10c0.zip/node_modules/@rspress/core/dist/theme/assets/small-menu.js ×

File: ../../.yarn/berry/cache/@rspress-core-npm-2.0.3-c87d0adf5b-10c0.zip/node_modules/@rspress/core/dist/theme/assets/success.js:1:1-41
  × Module not found: Can't resolve 'react/jsx-runtime' in '/home/dev/.yarn/berry/cache/@rspress-core-npm-2.0.3-c87d0adf5b-10c0.zip/node_modules/@rspress/core/dist/theme/assets'
   ╭─[1:0]
 1 │ import { jsx } from "react/jsx-runtime";
   · ────────────────────────────────────────
 2 │ import "react";
 3 │ const SvgSuccess = (props)=>/*#__PURE__*/ jsx("svg", {
   ╰────
Import traces (entry → error):
  ../../.yarn/berry/cache/@rspress-core-npm-2.0.3-c87d0adf5b-10c0.zip/node_modules/@rspress/core/dist/theme/index.js
  ../../.yarn/berry/cache/@rspress-core-npm-2.0.3-c87d0adf5b-10c0.zip/node_modules/@rspress/core/dist/theme/icons.js
  ../../.yarn/berry/cache/@rspress-core-npm-2.0.3-c87d0adf5b-10c0.zip/node_modules/@rspress/core/dist/theme/assets/success.js ×

File: ../../.yarn/berry/cache/@rspress-core-npm-2.0.3-c87d0adf5b-10c0.zip/node_modules/@rspress/core/dist/theme/assets/success.js:2:1-16
  × Module not found: Can't resolve 'react' in '/home/dev/.yarn/berry/cache/@rspress-core-npm-2.0.3-c87d0adf5b-10c0.zip/node_modules/@rspress/core/dist/theme/assets'
   ╭─[2:0]
 1 │ import { jsx } from "react/jsx-runtime";
 2 │ import "react";
   · ───────────────
 3 │ const SvgSuccess = (props)=>/*#__PURE__*/ jsx("svg", {
 4 │         width: 32,
   ╰────
Import traces (entry → error):
  ../../.yarn/berry/cache/@rspress-core-npm-2.0.3-c87d0adf5b-10c0.zip/node_modules/@rspress/core/dist/theme/index.js
  ../../.yarn/berry/cache/@rspress-core-npm-2.0.3-c87d0adf5b-10c0.zip/node_modules/@rspress/core/dist/theme/icons.js
  ../../.yarn/berry/cache/@rspress-core-npm-2.0.3-c87d0adf5b-10c0.zip/node_modules/@rspress/core/dist/theme/assets/success.js ×

File: ../../.yarn/berry/cache/@rspress-core-npm-2.0.3-c87d0adf5b-10c0.zip/node_modules/@rspress/core/dist/theme/assets/sun.js:1:1-41
  × Module not found: Can't resolve 'react/jsx-runtime' in '/home/dev/.yarn/berry/cache/@rspress-core-npm-2.0.3-c87d0adf5b-10c0.zip/node_modules/@rspress/core/dist/theme/assets'
   ╭─[1:0]
 1 │ import { jsx } from "react/jsx-runtime";
   · ────────────────────────────────────────
 2 │ import "react";
 3 │ const SvgSun = (props)=>/*#__PURE__*/ jsx("svg", {
   ╰────
Import traces (entry → error):
  ../../.yarn/berry/cache/@rspress-core-npm-2.0.3-c87d0adf5b-10c0.zip/node_modules/@rspress/core/dist/theme/index.js
  ../../.yarn/berry/cache/@rspress-core-npm-2.0.3-c87d0adf5b-10c0.zip/node_modules/@rspress/core/dist/theme/icons.js
  ../../.yarn/berry/cache/@rspress-core-npm-2.0.3-c87d0adf5b-10c0.zip/node_modules/@rspress/core/dist/theme/assets/sun.js ×

File: ../../.yarn/berry/cache/@rspress-core-npm-2.0.3-c87d0adf5b-10c0.zip/node_modules/@rspress/core/dist/theme/assets/sun.js:2:1-16
  × Module not found: Can't resolve 'react' in '/home/dev/.yarn/berry/cache/@rspress-core-npm-2.0.3-c87d0adf5b-10c0.zip/node_modules/@rspress/core/dist/theme/assets'
   ╭─[2:0]
 1 │ import { jsx } from "react/jsx-runtime";
 2 │ import "react";
   · ───────────────
 3 │ const SvgSun = (props)=>/*#__PURE__*/ jsx("svg", {
 4 │         xmlns: "http://www.w3.org/2000/svg",
   ╰────
Import traces (entry → error):
  ../../.yarn/berry/cache/@rspress-core-npm-2.0.3-c87d0adf5b-10c0.zip/node_modules/@rspress/core/dist/theme/index.js
  ../../.yarn/berry/cache/@rspress-core-npm-2.0.3-c87d0adf5b-10c0.zip/node_modules/@rspress/core/dist/theme/icons.js
  ../../.yarn/berry/cache/@rspress-core-npm-2.0.3-c87d0adf5b-10c0.zip/node_modules/@rspress/core/dist/theme/assets/sun.js ×

File: ../../.yarn/berry/cache/@rspress-core-npm-2.0.3-c87d0adf5b-10c0.zip/node_modules/@rspress/core/dist/theme/assets/title.js:1:1-41
  × Module not found: Can't resolve 'react/jsx-runtime' in '/home/dev/.yarn/berry/cache/@rspress-core-npm-2.0.3-c87d0adf5b-10c0.zip/node_modules/@rspress/core/dist/theme/assets'
   ╭─[1:0]
 1 │ import { jsx } from "react/jsx-runtime";
   · ────────────────────────────────────────
 2 │ import "react";
 3 │ const SvgTitle = (props)=>/*#__PURE__*/ jsx("svg", {
   ╰────
Import traces (entry → error):
  ../../.yarn/berry/cache/@rspress-core-npm-2.0.3-c87d0adf5b-10c0.zip/node_modules/@rspress/core/dist/theme/index.js
  ../../.yarn/berry/cache/@rspress-core-npm-2.0.3-c87d0adf5b-10c0.zip/node_modules/@rspress/core/dist/theme/icons.js
  ../../.yarn/berry/cache/@rspress-core-npm-2.0.3-c87d0adf5b-10c0.zip/node_modules/@rspress/core/dist/theme/assets/title.js ×

File: ../../.yarn/berry/cache/@rspress-core-npm-2.0.3-c87d0adf5b-10c0.zip/node_modules/@rspress/core/dist/theme/assets/title.js:2:1-16
  × Module not found: Can't resolve 'react' in '/home/dev/.yarn/berry/cache/@rspress-core-npm-2.0.3-c87d0adf5b-10c0.zip/node_modules/@rspress/core/dist/theme/assets'
   ╭─[2:0]
 1 │ import { jsx } from "react/jsx-runtime";
 2 │ import "react";
   · ───────────────
 3 │ const SvgTitle = (props)=>/*#__PURE__*/ jsx("svg", {
 4 │         xmlns: "http://www.w3.org/2000/svg",
   ╰────
Import traces (entry → error):
  ../../.yarn/berry/cache/@rspress-core-npm-2.0.3-c87d0adf5b-10c0.zip/node_modules/@rspress/core/dist/theme/index.js
  ../../.yarn/berry/cache/@rspress-core-npm-2.0.3-c87d0adf5b-10c0.zip/node_modules/@rspress/core/dist/theme/icons.js
  ../../.yarn/berry/cache/@rspress-core-npm-2.0.3-c87d0adf5b-10c0.zip/node_modules/@rspress/core/dist/theme/assets/title.js ×

File: ../../.yarn/berry/cache/@rspress-core-npm-2.0.3-c87d0adf5b-10c0.zip/node_modules/@rspress/core/dist/theme/assets/wrap.js:1:1-41
  × Module not found: Can't resolve 'react/jsx-runtime' in '/home/dev/.yarn/berry/cache/@rspress-core-npm-2.0.3-c87d0adf5b-10c0.zip/node_modules/@rspress/core/dist/theme/assets'
   ╭─[1:0]
 1 │ import { jsx } from "react/jsx-runtime";
   · ────────────────────────────────────────
 2 │ import "react";
 3 │ const SvgWrap = (props)=>/*#__PURE__*/ jsx("svg", {
   ╰────
Import traces (entry → error):
  ../../.yarn/berry/cache/@rspress-core-npm-2.0.3-c87d0adf5b-10c0.zip/node_modules/@rspress/core/dist/theme/index.js
  ../../.yarn/berry/cache/@rspress-core-npm-2.0.3-c87d0adf5b-10c0.zip/node_modules/@rspress/core/dist/theme/icons.js
  ../../.yarn/berry/cache/@rspress-core-npm-2.0.3-c87d0adf5b-10c0.zip/node_modules/@rspress/core/dist/theme/assets/wrap.js ×

File: ../../.yarn/berry/cache/@rspress-core-npm-2.0.3-c87d0adf5b-10c0.zip/node_modules/@rspress/core/dist/theme/assets/wrap.js:2:1-16
  × Module not found: Can't resolve 'react' in '/home/dev/.yarn/berry/cache/@rspress-core-npm-2.0.3-c87d0adf5b-10c0.zip/node_modules/@rspress/core/dist/theme/assets'
   ╭─[2:0]
 1 │ import { jsx } from "react/jsx-runtime";
 2 │ import "react";
   · ───────────────
 3 │ const SvgWrap = (props)=>/*#__PURE__*/ jsx("svg", {
 4 │         xmlns: "http://www.w3.org/2000/svg",
   ╰────
Import traces (entry → error):
  ../../.yarn/berry/cache/@rspress-core-npm-2.0.3-c87d0adf5b-10c0.zip/node_modules/@rspress/core/dist/theme/index.js
  ../../.yarn/berry/cache/@rspress-core-npm-2.0.3-c87d0adf5b-10c0.zip/node_modules/@rspress/core/dist/theme/icons.js
  ../../.yarn/berry/cache/@rspress-core-npm-2.0.3-c87d0adf5b-10c0.zip/node_modules/@rspress/core/dist/theme/assets/wrap.js ×

File: ../../.yarn/berry/cache/@rspress-core-npm-2.0.3-c87d0adf5b-10c0.zip/node_modules/@rspress/core/dist/theme/assets/wrapped.js:1:1-41
  × Module not found: Can't resolve 'react/jsx-runtime' in '/home/dev/.yarn/berry/cache/@rspress-core-npm-2.0.3-c87d0adf5b-10c0.zip/node_modules/@rspress/core/dist/theme/assets'
   ╭─[1:0]
 1 │ import { jsx } from "react/jsx-runtime";
   · ────────────────────────────────────────
 2 │ import "react";
 3 │ const SvgWrapped = (props)=>/*#__PURE__*/ jsx("svg", {
   ╰────
Import traces (entry → error):
  ../../.yarn/berry/cache/@rspress-core-npm-2.0.3-c87d0adf5b-10c0.zip/node_modules/@rspress/core/dist/theme/index.js
  ../../.yarn/berry/cache/@rspress-core-npm-2.0.3-c87d0adf5b-10c0.zip/node_modules/@rspress/core/dist/theme/icons.js
  ../../.yarn/berry/cache/@rspress-core-npm-2.0.3-c87d0adf5b-10c0.zip/node_modules/@rspress/core/dist/theme/assets/wrapped.js ×

File: ../../.yarn/berry/cache/@rspress-core-npm-2.0.3-c87d0adf5b-10c0.zip/node_modules/@rspress/core/dist/theme/assets/wrapped.js:2:1-16
  × Module not found: Can't resolve 'react' in '/home/dev/.yarn/berry/cache/@rspress-core-npm-2.0.3-c87d0adf5b-10c0.zip/node_modules/@rspress/core/dist/theme/assets'
   ╭─[2:0]
 1 │ import { jsx } from "react/jsx-runtime";
 2 │ import "react";
   · ───────────────
 3 │ const SvgWrapped = (props)=>/*#__PURE__*/ jsx("svg", {
 4 │         xmlns: "http://www.w3.org/2000/svg",
   ╰────
Import traces (entry → error):
  ../../.yarn/berry/cache/@rspress-core-npm-2.0.3-c87d0adf5b-10c0.zip/node_modules/@rspress/core/dist/theme/index.js
  ../../.yarn/berry/cache/@rspress-core-npm-2.0.3-c87d0adf5b-10c0.zip/node_modules/@rspress/core/dist/theme/icons.js
  ../../.yarn/berry/cache/@rspress-core-npm-2.0.3-c87d0adf5b-10c0.zip/node_modules/@rspress/core/dist/theme/assets/wrapped.js ×

File: ../../.yarn/berry/cache/@rspress-core-npm-2.0.3-c87d0adf5b-10c0.zip/node_modules/@rspress/core/dist/theme/components/Badge/index.js:1:1-41
  × Module not found: Can't resolve 'react/jsx-runtime' in '/home/dev/.yarn/berry/cache/@rspress-core-npm-2.0.3-c87d0adf5b-10c0.zip/node_modules/@rspress/core/dist/theme/components/Badge'
   ╭─[1:0]
 1 │ import { jsx } from "react/jsx-runtime";
   · ────────────────────────────────────────
 2 │ import clsx from "clsx";
 3 │ import "./index.css";
   ╰────
Import traces (entry → error):
  ../../.yarn/berry/cache/@rspress-core-npm-2.0.3-c87d0adf5b-10c0.zip/node_modules/@rspress/core/dist/theme/index.js
  ../../.yarn/berry/cache/@rspress-core-npm-2.0.3-c87d0adf5b-10c0.zip/node_modules/@rspress/core/dist/theme/components/Badge/index.js ×

File: ../../.yarn/berry/cache/@rspress-core-npm-2.0.3-c87d0adf5b-10c0.zip/node_modules/@rspress/core/dist/theme/components/Badge/index.js:2:1-25
  × Module not found: Can't resolve 'clsx' in '/home/dev/.yarn/berry/cache/@rspress-core-npm-2.0.3-c87d0adf5b-10c0.zip/node_modules/@rspress/core/dist/theme/components/Badge'
   ╭─[2:0]
 1 │ import { jsx } from "react/jsx-runtime";
 2 │ import clsx from "clsx";
   · ────────────────────────
 3 │ import "./index.css";
 4 │ function Badge(param) {
   ╰────
Import traces (entry → error):
  ../../.yarn/berry/cache/@rspress-core-npm-2.0.3-c87d0adf5b-10c0.zip/node_modules/@rspress/core/dist/theme/index.js
  ../../.yarn/berry/cache/@rspress-core-npm-2.0.3-c87d0adf5b-10c0.zip/node_modules/@rspress/core/dist/theme/components/Badge/index.js ×

File: ../../.yarn/berry/cache/@rspress-core-npm-2.0.3-c87d0adf5b-10c0.zip/node_modules/@rspress/core/dist/theme/components/Banner/index.js:1:1-57
  × Module not found: Can't resolve 'react/jsx-runtime' in '/home/dev/.yarn/berry/cache/@rspress-core-npm-2.0.3-c87d0adf5b-10c0.zip/node_modules/@rspress/core/dist/theme/components/Banner'
   ╭─[1:0]
 1 │ import { Fragment, jsx, jsxs } from "react/jsx-runtime";
   · ────────────────────────────────────────────────────────
 2 │ import { IconClose, Link, SvgWrapper, mergeRefs } from "@theme";
 3 │ import clsx from "clsx";
   ╰────
Import traces (entry → error):
  ../../.yarn/berry/cache/@rspress-core-npm-2.0.3-c87d0adf5b-10c0.zip/node_modules/@rspress/core/dist/theme/index.js
  ../../.yarn/berry/cache/@rspress-core-npm-2.0.3-c87d0adf5b-10c0.zip/node_modules/@rspress/core/dist/theme/components/Banner/index.js ×

File: ../../.yarn/berry/cache/@rspress-core-npm-2.0.3-c87d0adf5b-10c0.zip/node_modules/@rspress/core/dist/theme/components/Banner/index.js:3:1-25
  × Module not found: Can't resolve 'clsx' in '/home/dev/.yarn/berry/cache/@rspress-core-npm-2.0.3-c87d0adf5b-10c0.zip/node_modules/@rspress/core/dist/theme/components/Banner'
   ╭─[3:0]
 1 │ import { Fragment, jsx, jsxs } from "react/jsx-runtime";
 2 │ import { IconClose, Link, SvgWrapper, mergeRefs } from "@theme";
 3 │ import clsx from "clsx";
   · ────────────────────────
 4 │ import { forwardRef, useEffect, useState } from "react";
 5 │ import "./index.css";
   ╰────
Import traces (entry → error):
  ../../.yarn/berry/cache/@rspress-core-npm-2.0.3-c87d0adf5b-10c0.zip/node_modules/@rspress/core/dist/theme/index.js
  ../../.yarn/berry/cache/@rspress-core-npm-2.0.3-c87d0adf5b-10c0.zip/node_modules/@rspress/core/dist/theme/components/Banner/index.js ×

File: ../../.yarn/berry/cache/@rspress-core-npm-2.0.3-c87d0adf5b-10c0.zip/node_modules/@rspress/core/dist/theme/components/Banner/index.js:4:1-57
  × Module not found: Can't resolve 'react' in '/home/dev/.yarn/berry/cache/@rspress-core-npm-2.0.3-c87d0adf5b-10c0.zip/node_modules/@rspress/core/dist/theme/components/Banner'
   ╭─[4:0]
 2 │ import { IconClose, Link, SvgWrapper, mergeRefs } from "@theme";
 3 │ import clsx from "clsx";
 4 │ import { forwardRef, useEffect, useState } from "react";
   · ────────────────────────────────────────────────────────
 5 │ import "./index.css";
 6 │ const Banner = /*#__PURE__*/ forwardRef((props, forwardedRef)=>{
   ╰────
Import traces (entry → error):
  ../../.yarn/berry/cache/@rspress-core-npm-2.0.3-c87d0adf5b-10c0.zip/node_modules/@rspress/core/dist/theme/index.js
  ../../.yarn/berry/cache/@rspress-core-npm-2.0.3-c87d0adf5b-10c0.zip/node_modules/@rspress/core/dist/theme/components/Banner/index.js ×

File: ../../.yarn/berry/cache/@rspress-core-npm-2.0.3-c87d0adf5b-10c0.zip/node_modules/@rspress/core/dist/theme/components/Button/index.js:2:1-25
  × Module not found: Can't resolve 'clsx' in '/home/dev/.yarn/berry/cache/@rspress-core-npm-2.0.3-c87d0adf5b-10c0.zip/node_modules/@rspress/core/dist/theme/components/Button'
   ╭─[2:0]
 1 │ import { Link } from "@theme";
 2 │ import clsx from "clsx";
   · ────────────────────────
 3 │ import react from "react";
 4 │ import "./index.css";
   ╰────
Import traces (entry → error):
  ../../.yarn/berry/cache/@rspress-core-npm-2.0.3-c87d0adf5b-10c0.zip/node_modules/@rspress/core/dist/theme/index.js
  ../../.yarn/berry/cache/@rspress-core-npm-2.0.3-c87d0adf5b-10c0.zip/node_modules/@rspress/core/dist/theme/components/Button/index.js ×

File: ../../.yarn/berry/cache/@rspress-core-npm-2.0.3-c87d0adf5b-10c0.zip/node_modules/@rspress/core/dist/theme/components/Button/index.js:3:1-27
  × Module not found: Can't resolve 'react' in '/home/dev/.yarn/berry/cache/@rspress-core-npm-2.0.3-c87d0adf5b-10c0.zip/node_modules/@rspress/core/dist/theme/components/Button'
   ╭─[3:0]
 1 │ import { Link } from "@theme";
 2 │ import clsx from "clsx";
 3 │ import react from "react";
   · ──────────────────────────
 4 │ import "./index.css";
 5 │ function Button(props) {
   ╰────
Import traces (entry → error):
  ../../.yarn/berry/cache/@rspress-core-npm-2.0.3-c87d0adf5b-10c0.zip/node_modules/@rspress/core/dist/theme/index.js
  ../../.yarn/berry/cache/@rspress-core-npm-2.0.3-c87d0adf5b-10c0.zip/node_modules/@rspress/core/dist/theme/components/Button/index.js ×

File: ../../.yarn/berry/cache/@rspress-core-npm-2.0.3-c87d0adf5b-10c0.zip/node_modules/@rspress/core/dist/theme/components/Callout/index.js:1:1-47
  × Module not found: Can't resolve 'react/jsx-runtime' in '/home/dev/.yarn/berry/cache/@rspress-core-npm-2.0.3-c87d0adf5b-10c0.zip/node_modules/@rspress/core/dist/theme/components/Callout'
   ╭─[1:0]
 1 │ import { jsx, jsxs } from "react/jsx-runtime";
   · ──────────────────────────────────────────────
 2 │ import "./index.css";
 3 │ function capitalize(type) {
   ╰────
Import traces (entry → error):
  ../../.yarn/berry/cache/@rspress-core-npm-2.0.3-c87d0adf5b-10c0.zip/node_modules/@rspress/core/dist/theme/index.js
  ../../.yarn/berry/cache/@rspress-core-npm-2.0.3-c87d0adf5b-10c0.zip/node_modules/@rspress/core/dist/theme/components/Callout/index.js ×

File: ../../.yarn/berry/cache/@rspress-core-npm-2.0.3-c87d0adf5b-10c0.zip/node_modules/@rspress/core/dist/theme/components/CodeBlock/index.js:1:1-57
  × Module not found: Can't resolve 'react/jsx-runtime' in '/home/dev/.yarn/berry/cache/@rspress-core-npm-2.0.3-c87d0adf5b-10c0.zip/node_modules/@rspress/core/dist/theme/components/CodeBlock'
   ╭─[1:0]
 1 │ import { Fragment, jsx, jsxs } from "react/jsx-runtime";
   · ────────────────────────────────────────────────────────
 2 │ import { CodeButtonGroup, useCodeButtonGroup } from "@theme";
 3 │ import clsx from "clsx";
   ╰────
Import traces (entry → error):
  ../../.yarn/berry/cache/@rspress-core-npm-2.0.3-c87d0adf5b-10c0.zip/node_modules/@rspress/core/dist/theme/index.js
  ../../.yarn/berry/cache/@rspress-core-npm-2.0.3-c87d0adf5b-10c0.zip/node_modules/@rspress/core/dist/theme/components/CodeBlock/index.js ×

File: ../../.yarn/berry/cache/@rspress-core-npm-2.0.3-c87d0adf5b-10c0.zip/node_modules/@rspress/core/dist/theme/components/CodeBlock/index.js:3:1-25
  × Module not found: Can't resolve 'clsx' in '/home/dev/.yarn/berry/cache/@rspress-core-npm-2.0.3-c87d0adf5b-10c0.zip/node_modules/@rspress/core/dist/theme/components/CodeBlock'
   ╭─[3:0]
 1 │ import { Fragment, jsx, jsxs } from "react/jsx-runtime";
 2 │ import { CodeButtonGroup, useCodeButtonGroup } from "@theme";
 3 │ import clsx from "clsx";
   · ────────────────────────
 4 │ import "./index.css";
 5 │ function CodeBlock(param) {
   ╰────
Import traces (entry → error):
  ../../.yarn/berry/cache/@rspress-core-npm-2.0.3-c87d0adf5b-10c0.zip/node_modules/@rspress/core/dist/theme/index.js
  ../../.yarn/berry/cache/@rspress-core-npm-2.0.3-c87d0adf5b-10c0.zip/node_modules/@rspress/core/dist/theme/components/CodeBlock/index.js ×

File: ../../.yarn/berry/cache/@rspress-core-npm-2.0.3-c87d0adf5b-10c0.zip/node_modules/@rspress/core/dist/theme/components/CodeBlockRuntime/index.js:1:1-47
  × Module not found: Can't resolve 'react/jsx-runtime' in '/home/dev/.yarn/berry/cache/@rspress-core-npm-2.0.3-c87d0adf5b-10c0.zip/node_modules/@rspress/core/dist/theme/components/CodeBlockRuntime'
   ╭─[1:0]
 1 │ import { jsx, jsxs } from "react/jsx-runtime";
   · ──────────────────────────────────────────────
 2 │ import { getCustomMDXComponent } from "@theme";
 3 │ import { toJsxRuntime } from "hast-util-to-jsx-runtime";
   ╰────
Import traces (entry → error):
  ../../.yarn/berry/cache/@rspress-core-npm-2.0.3-c87d0adf5b-10c0.zip/node_modules/@rspress/core/dist/theme/index.js
  ../../.yarn/berry/cache/@rspress-core-npm-2.0.3-c87d0adf5b-10c0.zip/node_modules/@rspress/core/dist/theme/components/CodeBlockRuntime/index.js ×

File: ../../.yarn/berry/cache/@rspress-core-npm-2.0.3-c87d0adf5b-10c0.zip/node_modules/@rspress/core/dist/theme/components/CodeBlockRuntime/index.js:3:1-57
  × Module not found: Can't resolve 'hast-util-to-jsx-runtime' in '/home/dev/.yarn/berry/cache/@rspress-core-npm-2.0.3-c87d0adf5b-10c0.zip/node_modules/@rspress/core/dist/theme/components/CodeBlockRuntime'
   ╭─[3:0]
 1 │ import { jsx, jsxs } from "react/jsx-runtime";
 2 │ import { getCustomMDXComponent } from "@theme";
 3 │ import { toJsxRuntime } from "hast-util-to-jsx-runtime";
   · ────────────────────────────────────────────────────────
 4 │ import { Fragment, useEffect, useMemo, useRef, useState } from "react";
 5 │ import { codeToHast, createCssVariablesTheme } from "shiki";
   ╰────
Import traces (entry → error):
  ../../.yarn/berry/cache/@rspress-core-npm-2.0.3-c87d0adf5b-10c0.zip/node_modules/@rspress/core/dist/theme/index.js
  ../../.yarn/berry/cache/@rspress-core-npm-2.0.3-c87d0adf5b-10c0.zip/node_modules/@rspress/core/dist/theme/components/CodeBlockRuntime/index.js ×

File: ../../.yarn/berry/cache/@rspress-core-npm-2.0.3-c87d0adf5b-10c0.zip/node_modules/@rspress/core/dist/theme/components/CodeBlockRuntime/index.js:4:1-72
  × Module not found: Can't resolve 'react' in '/home/dev/.yarn/berry/cache/@rspress-core-npm-2.0.3-c87d0adf5b-10c0.zip/node_modules/@rspress/core/dist/theme/components/CodeBlockRuntime'
   ╭─[4:0]
 2 │ import { getCustomMDXComponent } from "@theme";
 3 │ import { toJsxRuntime } from "hast-util-to-jsx-runtime";
 4 │ import { Fragment, useEffect, useMemo, useRef, useState } from "react";
   · ───────────────────────────────────────────────────────────────────────
 5 │ import { codeToHast, createCssVariablesTheme } from "shiki";
 6 │ const cssVariablesTheme = createCssVariablesTheme({
   ╰────
Import traces (entry → error):
  ../../.yarn/berry/cache/@rspress-core-npm-2.0.3-c87d0adf5b-10c0.zip/node_modules/@rspress/core/dist/theme/index.js
  ../../.yarn/berry/cache/@rspress-core-npm-2.0.3-c87d0adf5b-10c0.zip/node_modules/@rspress/core/dist/theme/components/CodeBlockRuntime/index.js ×

File: ../../.yarn/berry/cache/@rspress-core-npm-2.0.3-c87d0adf5b-10c0.zip/node_modules/@rspress/core/dist/theme/components/CodeBlockRuntime/index.js:5:1-61
  × Module not found: Can't resolve 'shiki' in '/home/dev/.yarn/berry/cache/@rspress-core-npm-2.0.3-c87d0adf5b-10c0.zip/node_modules/@rspress/core/dist/theme/components/CodeBlockRuntime'
   ╭─[5:0]
 3 │ import { toJsxRuntime } from "hast-util-to-jsx-runtime";
 4 │ import { Fragment, useEffect, useMemo, useRef, useState } from "react";
 5 │ import { codeToHast, createCssVariablesTheme } from "shiki";
   · ────────────────────────────────────────────────────────────
 6 │ const cssVariablesTheme = createCssVariablesTheme({
 7 │     name: 'css-variables',
   ╰────
Import traces (entry → error):
  ../../.yarn/berry/cache/@rspress-core-npm-2.0.3-c87d0adf5b-10c0.zip/node_modules/@rspress/core/dist/theme/index.js
  ../../.yarn/berry/cache/@rspress-core-npm-2.0.3-c87d0adf5b-10c0.zip/node_modules/@rspress/core/dist/theme/components/CodeBlockRuntime/index.js ×

File: ../../.yarn/berry/cache/@rspress-core-npm-2.0.3-c87d0adf5b-10c0.zip/node_modules/@rspress/core/dist/theme/components/CodeButtonGroup/CopyCodeButton.js:1:1-47
  × Module not found: Can't resolve 'react/jsx-runtime' in '/home/dev/.yarn/berry/cache/@rspress-core-npm-2.0.3-c87d0adf5b-10c0.zip/node_modules/@rspress/core/dist/theme/components/CodeButtonGroup'
   ╭─[1:0]
 1 │ import { jsx, jsxs } from "react/jsx-runtime";
   · ──────────────────────────────────────────────
 2 │ import { IconCopy, IconSuccess, SvgWrapper } from "@theme";
 3 │ import copy_to_clipboard from "copy-to-clipboard";
   ╰────
Import traces (entry → error):
  ../../.yarn/berry/cache/@rspress-core-npm-2.0.3-c87d0adf5b-10c0.zip/node_modules/@rspress/core/dist/theme/index.js
  ../../.yarn/berry/cache/@rspress-core-npm-2.0.3-c87d0adf5b-10c0.zip/node_modules/@rspress/core/dist/theme/components/CodeButtonGroup/index.js
  ../../.yarn/berry/cache/@rspress-core-npm-2.0.3-c87d0adf5b-10c0.zip/node_modules/@rspress/core/dist/theme/components/CodeButtonGroup/CopyCodeButton.js ×

File: ../../.yarn/berry/cache/@rspress-core-npm-2.0.3-c87d0adf5b-10c0.zip/node_modules/@rspress/core/dist/theme/components/CodeButtonGroup/CopyCodeButton.js:3:1-51
  × Module not found: Can't resolve 'copy-to-clipboard' in '/home/dev/.yarn/berry/cache/@rspress-core-npm-2.0.3-c87d0adf5b-10c0.zip/node_modules/@rspress/core/dist/theme/components/CodeButtonGroup'
   ╭─[3:0]
 1 │ import { jsx, jsxs } from "react/jsx-runtime";
 2 │ import { IconCopy, IconSuccess, SvgWrapper } from "@theme";
 3 │ import copy_to_clipboard from "copy-to-clipboard";
   · ──────────────────────────────────────────────────
 4 │ import { useRef } from "react";
 5 │ import "./CopyCodeButton.css";
   ╰────
Import traces (entry → error):
  ../../.yarn/berry/cache/@rspress-core-npm-2.0.3-c87d0adf5b-10c0.zip/node_modules/@rspress/core/dist/theme/index.js
  ../../.yarn/berry/cache/@rspress-core-npm-2.0.3-c87d0adf5b-10c0.zip/node_modules/@rspress/core/dist/theme/components/CodeButtonGroup/index.js
  ../../.yarn/berry/cache/@rspress-core-npm-2.0.3-c87d0adf5b-10c0.zip/node_modules/@rspress/core/dist/theme/components/CodeButtonGroup/CopyCodeButton.js ×

File: ../../.yarn/berry/cache/@rspress-core-npm-2.0.3-c87d0adf5b-10c0.zip/node_modules/@rspress/core/dist/theme/components/CodeButtonGroup/CopyCodeButton.js:4:1-32
  × Module not found: Can't resolve 'react' in '/home/dev/.yarn/berry/cache/@rspress-core-npm-2.0.3-c87d0adf5b-10c0.zip/node_modules/@rspress/core/dist/theme/components/CodeButtonGroup'
   ╭─[4:0]
 2 │ import { IconCopy, IconSuccess, SvgWrapper } from "@theme";
 3 │ import copy_to_clipboard from "copy-to-clipboard";
 4 │ import { useRef } from "react";
   · ───────────────────────────────
 5 │ import "./CopyCodeButton.css";
 6 │ import { useI18n } from "@rspress/core/runtime";
   ╰────
Import traces (entry → error):
  ../../.yarn/berry/cache/@rspress-core-npm-2.0.3-c87d0adf5b-10c0.zip/node_modules/@rspress/core/dist/theme/index.js
  ../../.yarn/berry/cache/@rspress-core-npm-2.0.3-c87d0adf5b-10c0.zip/node_modules/@rspress/core/dist/theme/components/CodeButtonGroup/index.js
  ../../.yarn/berry/cache/@rspress-core-npm-2.0.3-c87d0adf5b-10c0.zip/node_modules/@rspress/core/dist/theme/components/CodeButtonGroup/CopyCodeButton.js ×

File: ../../.yarn/berry/cache/@rspress-core-npm-2.0.3-c87d0adf5b-10c0.zip/node_modules/@rspress/core/dist/theme/components/CodeButtonGroup/index.js:1:1-57
  × Module not found: Can't resolve 'react/jsx-runtime' in '/home/dev/.yarn/berry/cache/@rspress-core-npm-2.0.3-c87d0adf5b-10c0.zip/node_modules/@rspress/core/dist/theme/components/CodeButtonGroup'
   ╭─[1:0]
 1 │ import { Fragment, jsx, jsxs } from "react/jsx-runtime";
   · ────────────────────────────────────────────────────────
 2 │ import { useSite } from "@rspress/core/runtime";
 3 │ import { IconWrap, IconWrapped, SvgWrapper } from "@theme";
   ╰────
Import traces (entry → error):
  ../../.yarn/berry/cache/@rspress-core-npm-2.0.3-c87d0adf5b-10c0.zip/node_modules/@rspress/core/dist/theme/index.js
  ../../.yarn/berry/cache/@rspress-core-npm-2.0.3-c87d0adf5b-10c0.zip/node_modules/@rspress/core/dist/theme/components/CodeButtonGroup/index.js ×

File: ../../.yarn/berry/cache/@rspress-core-npm-2.0.3-c87d0adf5b-10c0.zip/node_modules/@rspress/core/dist/theme/components/CodeButtonGroup/index.js:4:1-25
  × Module not found: Can't resolve 'clsx' in '/home/dev/.yarn/berry/cache/@rspress-core-npm-2.0.3-c87d0adf5b-10c0.zip/node_modules/@rspress/core/dist/theme/components/CodeButtonGroup'
   ╭─[4:0]
 2 │ import { useSite } from "@rspress/core/runtime";
 3 │ import { IconWrap, IconWrapped, SvgWrapper } from "@theme";
 4 │ import clsx from "clsx";
   · ────────────────────────
 5 │ import { useRef, useState } from "react";
 6 │ import "./index.css";
   ╰────
Import traces (entry → error):
  ../../.yarn/berry/cache/@rspress-core-npm-2.0.3-c87d0adf5b-10c0.zip/node_modules/@rspress/core/dist/theme/index.js
  ../../.yarn/berry/cache/@rspress-core-npm-2.0.3-c87d0adf5b-10c0.zip/node_modules/@rspress/core/dist/theme/components/CodeButtonGroup/index.js ×

File: ../../.yarn/berry/cache/@rspress-core-npm-2.0.3-c87d0adf5b-10c0.zip/node_modules/@rspress/core/dist/theme/components/CodeButtonGroup/index.js:5:1-42
  × Module not found: Can't resolve 'react' in '/home/dev/.yarn/berry/cache/@rspress-core-npm-2.0.3-c87d0adf5b-10c0.zip/node_modules/@rspress/core/dist/theme/components/CodeButtonGroup'
   ╭─[5:0]
 3 │ import { IconWrap, IconWrapped, SvgWrapper } from "@theme";
 4 │ import clsx from "clsx";
 5 │ import { useRef, useState } from "react";
   · ─────────────────────────────────────────
 6 │ import "./index.css";
 7 │ import { CopyCodeButton } from "./CopyCodeButton.js";
   ╰────
Import traces (entry → error):
  ../../.yarn/berry/cache/@rspress-core-npm-2.0.3-c87d0adf5b-10c0.zip/node_modules/@rspress/core/dist/theme/index.js
  ../../.yarn/berry/cache/@rspress-core-npm-2.0.3-c87d0adf5b-10c0.zip/node_modules/@rspress/core/dist/theme/components/CodeButtonGroup/index.js ×

File: ../../.yarn/berry/cache/@rspress-core-npm-2.0.3-c87d0adf5b-10c0.zip/node_modules/@rspress/core/dist/theme/components/DocContent/docComponents/a.js:1:1-41
  × Module not found: Can't resolve 'react/jsx-runtime' in '/home/dev/.yarn/berry/cache/@rspress-core-npm-2.0.3-c87d0adf5b-10c0.zip/node_modules/@rspress/core/dist/theme/components/DocContent/docComponents'
   ╭─[1:0]
 1 │ import { jsx } from "react/jsx-runtime";
   · ────────────────────────────────────────
 2 │ import { Link } from "@theme";
 3 │ const A = (props)=>/*#__PURE__*/ jsx(Link, {
   ╰────
Import traces (entry → error):
  ../../.yarn/berry/cache/@rspress-core-npm-2.0.3-c87d0adf5b-10c0.zip/node_modules/@rspress/core/dist/theme/index.js
  ../../.yarn/berry/cache/@rspress-core-npm-2.0.3-c87d0adf5b-10c0.zip/node_modules/@rspress/core/dist/theme/components/DocContent/docComponents/index.js
  ../../.yarn/berry/cache/@rspress-core-npm-2.0.3-c87d0adf5b-10c0.zip/node_modules/@rspress/core/dist/theme/components/DocContent/docComponents/a.js ×

File: ../../.yarn/berry/cache/@rspress-core-npm-2.0.3-c87d0adf5b-10c0.zip/node_modules/@rspress/core/dist/theme/components/DocContent/docComponents/code.js:1:1-41
  × Module not found: Can't resolve 'react/jsx-runtime' in '/home/dev/.yarn/berry/cache/@rspress-core-npm-2.0.3-c87d0adf5b-10c0.zip/node_modules/@rspress/core/dist/theme/components/DocContent/docComponents'
   ╭─[1:0]
 1 │ import { jsx } from "react/jsx-runtime";
   · ────────────────────────────────────────
 2 │ function Code(props) {
 3 │     return /*#__PURE__*/ jsx("code", {
   ╰────
Import traces (entry → error):
  ../../.yarn/berry/cache/@rspress-core-npm-2.0.3-c87d0adf5b-10c0.zip/node_modules/@rspress/core/dist/theme/index.js
  ../../.yarn/berry/cache/@rspress-core-npm-2.0.3-c87d0adf5b-10c0.zip/node_modules/@rspress/core/dist/theme/components/DocContent/docComponents/index.js
  ../../.yarn/berry/cache/@rspress-core-npm-2.0.3-c87d0adf5b-10c0.zip/node_modules/@rspress/core/dist/theme/components/DocContent/docComponents/code.js ×

File: ../../.yarn/berry/cache/@rspress-core-npm-2.0.3-c87d0adf5b-10c0.zip/node_modules/@rspress/core/dist/theme/components/DocContent/docComponents/hr.js:1:1-41
  × Module not found: Can't resolve 'react/jsx-runtime' in '/home/dev/.yarn/berry/cache/@rspress-core-npm-2.0.3-c87d0adf5b-10c0.zip/node_modules/@rspress/core/dist/theme/components/DocContent/docComponents'
   ╭─[1:0]
 1 │ import { jsx } from "react/jsx-runtime";
   · ────────────────────────────────────────
 2 │ const Hr = (props)=>/*#__PURE__*/ jsx("hr", {
 3 │         ...props
   ╰────
Import traces (entry → error):
  ../../.yarn/berry/cache/@rspress-core-npm-2.0.3-c87d0adf5b-10c0.zip/node_modules/@rspress/core/dist/theme/index.js
  ../../.yarn/berry/cache/@rspress-core-npm-2.0.3-c87d0adf5b-10c0.zip/node_modules/@rspress/core/dist/theme/components/DocContent/docComponents/index.js
  ../../.yarn/berry/cache/@rspress-core-npm-2.0.3-c87d0adf5b-10c0.zip/node_modules/@rspress/core/dist/theme/components/DocContent/docComponents/hr.js ×

File: ../../.yarn/berry/cache/@rspress-core-npm-2.0.3-c87d0adf5b-10c0.zip/node_modules/@rspress/core/dist/theme/components/DocContent/docComponents/img.js:1:1-41
  × Module not found: Can't resolve 'react/jsx-runtime' in '/home/dev/.yarn/berry/cache/@rspress-core-npm-2.0.3-c87d0adf5b-10c0.zip/node_modules/@rspress/core/dist/theme/components/DocContent/docComponents'
   ╭─[1:0]
 1 │ import { jsx } from "react/jsx-runtime";
   · ────────────────────────────────────────
 2 │ import { normalizeImagePath } from "@rspress/core/runtime";
 3 │ const Img = (props)=>/*#__PURE__*/ jsx("img", {
   ╰────
Import traces (entry → error):
  ../../.yarn/berry/cache/@rspress-core-npm-2.0.3-c87d0adf5b-10c0.zip/node_modules/@rspress/core/dist/theme/index.js
  ../../.yarn/berry/cache/@rspress-core-npm-2.0.3-c87d0adf5b-10c0.zip/node_modules/@rspress/core/dist/theme/components/DocContent/docComponents/index.js
  ../../.yarn/berry/cache/@rspress-core-npm-2.0.3-c87d0adf5b-10c0.zip/node_modules/@rspress/core/dist/theme/components/DocContent/docComponents/img.js ×

File: ../../.yarn/berry/cache/@rspress-core-npm-2.0.3-c87d0adf5b-10c0.zip/node_modules/@rspress/core/dist/theme/components/DocContent/docComponents/list.js:1:1-41
  × Module not found: Can't resolve 'react/jsx-runtime' in '/home/dev/.yarn/berry/cache/@rspress-core-npm-2.0.3-c87d0adf5b-10c0.zip/node_modules/@rspress/core/dist/theme/components/DocContent/docComponents'
   ╭─[1:0]
 1 │ import { jsx } from "react/jsx-runtime";
   · ────────────────────────────────────────
 2 │ const Ol = (props)=>/*#__PURE__*/ jsx("ol", {
 3 │         ...props
   ╰────
Import traces (entry → error):
  ../../.yarn/berry/cache/@rspress-core-npm-2.0.3-c87d0adf5b-10c0.zip/node_modules/@rspress/core/dist/theme/index.js
  ../../.yarn/berry/cache/@rspress-core-npm-2.0.3-c87d0adf5b-10c0.zip/node_modules/@rspress/core/dist/theme/components/DocContent/docComponents/index.js
  ../../.yarn/berry/cache/@rspress-core-npm-2.0.3-c87d0adf5b-10c0.zip/node_modules/@rspress/core/dist/theme/components/DocContent/docComponents/list.js ×

File: ../../.yarn/berry/cache/@rspress-core-npm-2.0.3-c87d0adf5b-10c0.zip/node_modules/@rspress/core/dist/theme/components/DocContent/docComponents/paragraph.js:1:1-41
  × Module not found: Can't resolve 'react/jsx-runtime' in '/home/dev/.yarn/berry/cache/@rspress-core-npm-2.0.3-c87d0adf5b-10c0.zip/node_modules/@rspress/core/dist/theme/components/DocContent/docComponents'
   ╭─[1:0]
 1 │ import { jsx } from "react/jsx-runtime";
   · ────────────────────────────────────────
 2 │ const P = (props)=>/*#__PURE__*/ jsx("p", {
 3 │         ...props
   ╰────
Import traces (entry → error):
  ../../.yarn/berry/cache/@rspress-core-npm-2.0.3-c87d0adf5b-10c0.zip/node_modules/@rspress/core/dist/theme/index.js
  ../../.yarn/berry/cache/@rspress-core-npm-2.0.3-c87d0adf5b-10c0.zip/node_modules/@rspress/core/dist/theme/components/DocContent/docComponents/index.js
  ../../.yarn/berry/cache/@rspress-core-npm-2.0.3-c87d0adf5b-10c0.zip/node_modules/@rspress/core/dist/theme/components/DocContent/docComponents/paragraph.js ×

File: ../../.yarn/berry/cache/@rspress-core-npm-2.0.3-c87d0adf5b-10c0.zip/node_modules/@rspress/core/dist/theme/components/DocContent/docComponents/pre.js:1:1-41
  × Module not found: Can't resolve 'react/jsx-runtime' in '/home/dev/.yarn/berry/cache/@rspress-core-npm-2.0.3-c87d0adf5b-10c0.zip/node_modules/@rspress/core/dist/theme/components/DocContent/docComponents'
   ╭─[1:0]
 1 │ import { jsx } from "react/jsx-runtime";
   · ────────────────────────────────────────
 2 │ import { CodeBlock } from "@theme";
 3 │ function ShikiPre(param) {
   ╰────
Import traces (entry → error):
  ../../.yarn/berry/cache/@rspress-core-npm-2.0.3-c87d0adf5b-10c0.zip/node_modules/@rspress/core/dist/theme/index.js
  ../../.yarn/berry/cache/@rspress-core-npm-2.0.3-c87d0adf5b-10c0.zip/node_modules/@rspress/core/dist/theme/components/DocContent/docComponents/index.js
  ../../.yarn/berry/cache/@rspress-core-npm-2.0.3-c87d0adf5b-10c0.zip/node_modules/@rspress/core/dist/theme/components/DocContent/docComponents/pre.js ×

File: ../../.yarn/berry/cache/@rspress-core-npm-2.0.3-c87d0adf5b-10c0.zip/node_modules/@rspress/core/dist/theme/components/DocContent/docComponents/table.js:1:1-41
  × Module not found: Can't resolve 'react/jsx-runtime' in '/home/dev/.yarn/berry/cache/@rspress-core-npm-2.0.3-c87d0adf5b-10c0.zip/node_modules/@rspress/core/dist/theme/components/DocContent/docComponents'
   ╭─[1:0]
 1 │ import { jsx } from "react/jsx-runtime";
   · ────────────────────────────────────────
 2 │ import { forwardRef } from "react";
 3 │ const Table = /*#__PURE__*/ forwardRef((props, ref)=>/*#__PURE__*/ jsx("div", {
   ╰────
Import traces (entry → error):
  ../../.yarn/berry/cache/@rspress-core-npm-2.0.3-c87d0adf5b-10c0.zip/node_modules/@rspress/core/dist/theme/index.js
  ../../.yarn/berry/cache/@rspress-core-npm-2.0.3-c87d0adf5b-10c0.zip/node_modules/@rspress/core/dist/theme/components/DocContent/docComponents/index.js
  ../../.yarn/berry/cache/@rspress-core-npm-2.0.3-c87d0adf5b-10c0.zip/node_modules/@rspress/core/dist/theme/components/DocContent/docComponents/table.js ×

File: ../../.yarn/berry/cache/@rspress-core-npm-2.0.3-c87d0adf5b-10c0.zip/node_modules/@rspress/core/dist/theme/components/DocContent/docComponents/table.js:2:1-36
  × Module not found: Can't resolve 'react' in '/home/dev/.yarn/berry/cache/@rspress-core-npm-2.0.3-c87d0adf5b-10c0.zip/node_modules/@rspress/core/dist/theme/components/DocContent/docComponents'
   ╭─[2:0]
 1 │ import { jsx } from "react/jsx-runtime";
 2 │ import { forwardRef } from "react";
   · ───────────────────────────────────
 3 │ const Table = /*#__PURE__*/ forwardRef((props, ref)=>/*#__PURE__*/ jsx("div", {
 4 │         className: "rp-table-scroll-container rp-scrollbar",
   ╰────
Import traces (entry → error):
  ../../.yarn/berry/cache/@rspress-core-npm-2.0.3-c87d0adf5b-10c0.zip/node_modules/@rspress/core/dist/theme/index.js
  ../../.yarn/berry/cache/@rspress-core-npm-2.0.3-c87d0adf5b-10c0.zip/node_modules/@rspress/core/dist/theme/components/DocContent/docComponents/index.js
  ../../.yarn/berry/cache/@rspress-core-npm-2.0.3-c87d0adf5b-10c0.zip/node_modules/@rspress/core/dist/theme/components/DocContent/docComponents/table.js ×

File: ../../.yarn/berry/cache/@rspress-core-npm-2.0.3-c87d0adf5b-10c0.zip/node_modules/@rspress/core/dist/theme/components/DocContent/docComponents/title.js:1:1-57
  × Module not found: Can't resolve 'react/jsx-runtime' in '/home/dev/.yarn/berry/cache/@rspress-core-npm-2.0.3-c87d0adf5b-10c0.zip/node_modules/@rspress/core/dist/theme/components/DocContent/docComponents'
   ╭─[1:0]
 1 │ import { Fragment, jsx, jsxs } from "react/jsx-runtime";
   · ────────────────────────────────────────────────────────
 2 │ import { useFrontmatter } from "@rspress/core/runtime";
 3 │ import { LlmsContainer, LlmsCopyButton, LlmsViewOptions, Tag } from "@theme";
   ╰────
Import traces (entry → error):
  ../../.yarn/berry/cache/@rspress-core-npm-2.0.3-c87d0adf5b-10c0.zip/node_modules/@rspress/core/dist/theme/index.js
  ../../.yarn/berry/cache/@rspress-core-npm-2.0.3-c87d0adf5b-10c0.zip/node_modules/@rspress/core/dist/theme/components/DocContent/docComponents/index.js
  ../../.yarn/berry/cache/@rspress-core-npm-2.0.3-c87d0adf5b-10c0.zip/node_modules/@rspress/core/dist/theme/components/DocContent/docComponents/title.js ×

File: ../../.yarn/berry/cache/@rspress-core-npm-2.0.3-c87d0adf5b-10c0.zip/node_modules/@rspress/core/dist/theme/components/DocContent/docComponents/title.js:4:1-25
  × Module not found: Can't resolve 'clsx' in '/home/dev/.yarn/berry/cache/@rspress-core-npm-2.0.3-c87d0adf5b-10c0.zip/node_modules/@rspress/core/dist/theme/components/DocContent/docComponents'
   ╭─[4:0]
 2 │ import { useFrontmatter } from "@rspress/core/runtime";
 3 │ import { LlmsContainer, LlmsCopyButton, LlmsViewOptions, Tag } from "@theme";
 4 │ import clsx from "clsx";
   · ────────────────────────
 5 │ const H1 = (props)=>{
 6 │     const { className, children, ...rest } = props;
   ╰────
Import traces (entry → error):
  ../../.yarn/berry/cache/@rspress-core-npm-2.0.3-c87d0adf5b-10c0.zip/node_modules/@rspress/core/dist/theme/index.js
  ../../.yarn/berry/cache/@rspress-core-npm-2.0.3-c87d0adf5b-10c0.zip/node_modules/@rspress/core/dist/theme/components/DocContent/docComponents/index.js
  ../../.yarn/berry/cache/@rspress-core-npm-2.0.3-c87d0adf5b-10c0.zip/node_modules/@rspress/core/dist/theme/components/DocContent/docComponents/title.js ×

File: ../../.yarn/berry/cache/@rspress-core-npm-2.0.3-c87d0adf5b-10c0.zip/node_modules/@rspress/core/dist/theme/components/DocContent/index.js:1:1-47
  × Module not found: Can't resolve 'react/jsx-runtime' in '/home/dev/.yarn/berry/cache/@rspress-core-npm-2.0.3-c87d0adf5b-10c0.zip/node_modules/@rspress/core/dist/theme/components/DocContent'
   ╭─[1:0]
 1 │ import { jsx, jsxs } from "react/jsx-runtime";
   · ──────────────────────────────────────────────
 2 │ import { MDXProvider } from "@mdx-js/react";
 3 │ import { Content, usePage, useSite } from "@rspress/core/runtime";
   ╰────
Import traces (entry → error):
  ../../.yarn/berry/cache/@rspress-core-npm-2.0.3-c87d0adf5b-10c0.zip/node_modules/@rspress/core/dist/theme/index.js
  ../../.yarn/berry/cache/@rspress-core-npm-2.0.3-c87d0adf5b-10c0.zip/node_modules/@rspress/core/dist/theme/components/DocContent/index.js ×

File: ../../.yarn/berry/cache/@rspress-core-npm-2.0.3-c87d0adf5b-10c0.zip/node_modules/@rspress/core/dist/theme/components/DocFooter/index.js:1:1-47
  × Module not found: Can't resolve 'react/jsx-runtime' in '/home/dev/.yarn/berry/cache/@rspress-core-npm-2.0.3-c87d0adf5b-10c0.zip/node_modules/@rspress/core/dist/theme/components/DocFooter'
   ╭─[1:0]
 1 │ import { jsx, jsxs } from "react/jsx-runtime";
   · ──────────────────────────────────────────────
 2 │ import { EditLink, LastUpdated, PrevNextPage } from "@theme";
 3 │ import "./index.css";
   ╰────
Import traces (entry → error):
  ../../.yarn/berry/cache/@rspress-core-npm-2.0.3-c87d0adf5b-10c0.zip/node_modules/@rspress/core/dist/theme/index.js
  ../../.yarn/berry/cache/@rspress-core-npm-2.0.3-c87d0adf5b-10c0.zip/node_modules/@rspress/core/dist/theme/components/DocFooter/index.js ×

File: ../../.yarn/berry/cache/@rspress-core-npm-2.0.3-c87d0adf5b-10c0.zip/node_modules/@rspress/core/dist/theme/components/EditLink/index.js:1:1-41
  × Module not found: Can't resolve 'react/jsx-runtime' in '/home/dev/.yarn/berry/cache/@rspress-core-npm-2.0.3-c87d0adf5b-10c0.zip/node_modules/@rspress/core/dist/theme/components/EditLink'
   ╭─[1:0]
 1 │ import { jsx } from "react/jsx-runtime";
   · ────────────────────────────────────────
 2 │ import "./index.css";
 3 │ import { useEditLink } from "./useEditLink.js";
   ╰────
Import traces (entry → error):
  ../../.yarn/berry/cache/@rspress-core-npm-2.0.3-c87d0adf5b-10c0.zip/node_modules/@rspress/core/dist/theme/index.js
  ../../.yarn/berry/cache/@rspress-core-npm-2.0.3-c87d0adf5b-10c0.zip/node_modules/@rspress/core/dist/theme/components/EditLink/index.js ×

File: ../../.yarn/berry/cache/@rspress-core-npm-2.0.3-c87d0adf5b-10c0.zip/node_modules/@rspress/core/dist/theme/components/FallbackHeading/index.js:1:1-57
  × Module not found: Can't resolve 'react/jsx-runtime' in '/home/dev/.yarn/berry/cache/@rspress-core-npm-2.0.3-c87d0adf5b-10c0.zip/node_modules/@rspress/core/dist/theme/components/FallbackHeading'
   ╭─[1:0]
 1 │ import { Fragment, jsx, jsxs } from "react/jsx-runtime";
   · ────────────────────────────────────────────────────────
 2 │ import { getCustomMDXComponent, renderInlineMarkdown } from "@theme";
 3 │ import { slug } from "github-slugger";
   ╰────
Import traces (entry → error):
  ../../.yarn/berry/cache/@rspress-core-npm-2.0.3-c87d0adf5b-10c0.zip/node_modules/@rspress/core/dist/theme/index.js
  ../../.yarn/berry/cache/@rspress-core-npm-2.0.3-c87d0adf5b-10c0.zip/node_modules/@rspress/core/dist/theme/components/FallbackHeading/index.js ×

File: ../../.yarn/berry/cache/@rspress-core-npm-2.0.3-c87d0adf5b-10c0.zip/node_modules/@rspress/core/dist/theme/components/FallbackHeading/index.js:3:1-39
  × Module not found: Can't resolve 'github-slugger' in '/home/dev/.yarn/berry/cache/@rspress-core-npm-2.0.3-c87d0adf5b-10c0.zip/node_modules/@rspress/core/dist/theme/components/FallbackHeading'
   ╭─[3:0]
 1 │ import { Fragment, jsx, jsxs } from "react/jsx-runtime";
 2 │ import { getCustomMDXComponent, renderInlineMarkdown } from "@theme";
 3 │ import { slug } from "github-slugger";
   · ──────────────────────────────────────
 4 │ import { useMemo } from "react";
 5 │ const getHeadingMap = ()=>{
   ╰────
Import traces (entry → error):
  ../../.yarn/berry/cache/@rspress-core-npm-2.0.3-c87d0adf5b-10c0.zip/node_modules/@rspress/core/dist/theme/index.js
  ../../.yarn/berry/cache/@rspress-core-npm-2.0.3-c87d0adf5b-10c0.zip/node_modules/@rspress/core/dist/theme/components/FallbackHeading/index.js ×

File: ../../.yarn/berry/cache/@rspress-core-npm-2.0.3-c87d0adf5b-10c0.zip/node_modules/@rspress/core/dist/theme/components/FallbackHeading/index.js:4:1-33
  × Module not found: Can't resolve 'react' in '/home/dev/.yarn/berry/cache/@rspress-core-npm-2.0.3-c87d0adf5b-10c0.zip/node_modules/@rspress/core/dist/theme/components/FallbackHeading'
   ╭─[4:0]
 2 │ import { getCustomMDXComponent, renderInlineMarkdown } from "@theme";
 3 │ import { slug } from "github-slugger";
 4 │ import { useMemo } from "react";
   · ────────────────────────────────
 5 │ const getHeadingMap = ()=>{
 6 │     const { h1, h2, h3, h4, h5, h6 } = getCustomMDXComponent();
   ╰────
Import traces (entry → error):
  ../../.yarn/berry/cache/@rspress-core-npm-2.0.3-c87d0adf5b-10c0.zip/node_modules/@rspress/core/dist/theme/index.js
  ../../.yarn/berry/cache/@rspress-core-npm-2.0.3-c87d0adf5b-10c0.zip/node_modules/@rspress/core/dist/theme/components/FallbackHeading/index.js ×

File: ../../.yarn/berry/cache/@rspress-core-npm-2.0.3-c87d0adf5b-10c0.zip/node_modules/@rspress/core/dist/theme/components/HomeBackground/index.js:1:1-57
  × Module not found: Can't resolve 'react/jsx-runtime' in '/home/dev/.yarn/berry/cache/@rspress-core-npm-2.0.3-c87d0adf5b-10c0.zip/node_modules/@rspress/core/dist/theme/components/HomeBackground'
   ╭─[1:0]
 1 │ import { Fragment, jsx, jsxs } from "react/jsx-runtime";
   · ────────────────────────────────────────────────────────
 2 │ import { useNavTransparent } from "./useNavTransparent.js";
 3 │ import "./index.css";
   ╰────
Import traces (entry → error):
  ../../.yarn/berry/cache/@rspress-core-npm-2.0.3-c87d0adf5b-10c0.zip/node_modules/@rspress/core/dist/theme/index.js
  ../../.yarn/berry/cache/@rspress-core-npm-2.0.3-c87d0adf5b-10c0.zip/node_modules/@rspress/core/dist/theme/components/HomeBackground/index.js ×

File: ../../.yarn/berry/cache/@rspress-core-npm-2.0.3-c87d0adf5b-10c0.zip/node_modules/@rspress/core/dist/theme/components/HomeBackground/index.js:4:1-25
  × Module not found: Can't resolve 'clsx' in '/home/dev/.yarn/berry/cache/@rspress-core-npm-2.0.3-c87d0adf5b-10c0.zip/node_modules/@rspress/core/dist/theme/components/HomeBackground'
   ╭─[4:0]
 2 │ import { useNavTransparent } from "./useNavTransparent.js";
 3 │ import "./index.css";
 4 │ import clsx from "clsx";
   · ────────────────────────
 5 │ function HomeBackground(param) {
 6 │     let { className, ...otherProps } = param;
   ╰────
Import traces (entry → error):
  ../../.yarn/berry/cache/@rspress-core-npm-2.0.3-c87d0adf5b-10c0.zip/node_modules/@rspress/core/dist/theme/index.js
  ../../.yarn/berry/cache/@rspress-core-npm-2.0.3-c87d0adf5b-10c0.zip/node_modules/@rspress/core/dist/theme/components/HomeBackground/index.js ×

File: ../../.yarn/berry/cache/@rspress-core-npm-2.0.3-c87d0adf5b-10c0.zip/node_modules/@rspress/core/dist/theme/components/HomeBackground/useNavTransparent.js:1:1-41
  × Module not found: Can't resolve 'react/jsx-runtime' in '/home/dev/.yarn/berry/cache/@rspress-core-npm-2.0.3-c87d0adf5b-10c0.zip/node_modules/@rspress/core/dist/theme/components/HomeBackground'
   ╭─[1:0]
 1 │ import { jsx } from "react/jsx-runtime";
   · ────────────────────────────────────────
 2 │ import { useEffect, useState } from "react";
 3 │ const useTopArrived = ()=>{
   ╰────
Import traces (entry → error):
  ../../.yarn/berry/cache/@rspress-core-npm-2.0.3-c87d0adf5b-10c0.zip/node_modules/@rspress/core/dist/theme/index.js
  ../../.yarn/berry/cache/@rspress-core-npm-2.0.3-c87d0adf5b-10c0.zip/node_modules/@rspress/core/dist/theme/components/HomeBackground/index.js
  ../../.yarn/berry/cache/@rspress-core-npm-2.0.3-c87d0adf5b-10c0.zip/node_modules/@rspress/core/dist/theme/components/HomeBackground/useNavTransparent.js ×

File: ../../.yarn/berry/cache/@rspress-core-npm-2.0.3-c87d0adf5b-10c0.zip/node_modules/@rspress/core/dist/theme/components/HomeBackground/useNavTransparent.js:2:1-45
  × Module not found: Can't resolve 'react' in '/home/dev/.yarn/berry/cache/@rspress-core-npm-2.0.3-c87d0adf5b-10c0.zip/node_modules/@rspress/core/dist/theme/components/HomeBackground'
   ╭─[2:0]
 1 │ import { jsx } from "react/jsx-runtime";
 2 │ import { useEffect, useState } from "react";
   · ────────────────────────────────────────────
 3 │ const useTopArrived = ()=>{
 4 │     const [scrollY, setScrollY] = useState(0);
   ╰────
Import traces (entry → error):
  ../../.yarn/berry/cache/@rspress-core-npm-2.0.3-c87d0adf5b-10c0.zip/node_modules/@rspress/core/dist/theme/index.js
  ../../.yarn/berry/cache/@rspress-core-npm-2.0.3-c87d0adf5b-10c0.zip/node_modules/@rspress/core/dist/theme/components/HomeBackground/index.js
  ../../.yarn/berry/cache/@rspress-core-npm-2.0.3-c87d0adf5b-10c0.zip/node_modules/@rspress/core/dist/theme/components/HomeBackground/useNavTransparent.js ×

File: ../../.yarn/berry/cache/@rspress-core-npm-2.0.3-c87d0adf5b-10c0.zip/node_modules/@rspress/core/dist/theme/components/HomeFeature/index.js:1:1-47
  × Module not found: Can't resolve 'react/jsx-runtime' in '/home/dev/.yarn/berry/cache/@rspress-core-npm-2.0.3-c87d0adf5b-10c0.zip/node_modules/@rspress/core/dist/theme/components/HomeFeature'
   ╭─[1:0]
 1 │ import { jsx, jsxs } from "react/jsx-runtime";
   · ──────────────────────────────────────────────
 2 │ import { useFrontmatter } from "@rspress/core/runtime";
 3 │ import { SvgWrapper, renderHtmlOrText, useLinkNavigate } from "@theme";
   ╰────
Import traces (entry → error):
  ../../.yarn/berry/cache/@rspress-core-npm-2.0.3-c87d0adf5b-10c0.zip/node_modules/@rspress/core/dist/theme/index.js
  ../../.yarn/berry/cache/@rspress-core-npm-2.0.3-c87d0adf5b-10c0.zip/node_modules/@rspress/core/dist/theme/components/HomeFeature/index.js ×

File: ../../.yarn/berry/cache/@rspress-core-npm-2.0.3-c87d0adf5b-10c0.zip/node_modules/@rspress/core/dist/theme/components/HomeFeature/useCardAnimation.js:1:1-41
  × Module not found: Can't resolve 'react/jsx-runtime' in '/home/dev/.yarn/berry/cache/@rspress-core-npm-2.0.3-c87d0adf5b-10c0.zip/node_modules/@rspress/core/dist/theme/components/HomeFeature'
   ╭─[1:0]
 1 │ import { jsx } from "react/jsx-runtime";
   · ────────────────────────────────────────
 2 │ import { useRef, useState } from "react";
 3 │ const useCardAnimation = ()=>{
   ╰────
Import traces (entry → error):
  ../../.yarn/berry/cache/@rspress-core-npm-2.0.3-c87d0adf5b-10c0.zip/node_modules/@rspress/core/dist/theme/index.js
  ../../.yarn/berry/cache/@rspress-core-npm-2.0.3-c87d0adf5b-10c0.zip/node_modules/@rspress/core/dist/theme/components/HomeFeature/index.js
  ../../.yarn/berry/cache/@rspress-core-npm-2.0.3-c87d0adf5b-10c0.zip/node_modules/@rspress/core/dist/theme/components/HomeFeature/useCardAnimation.js ×

File: ../../.yarn/berry/cache/@rspress-core-npm-2.0.3-c87d0adf5b-10c0.zip/node_modules/@rspress/core/dist/theme/components/HomeFeature/useCardAnimation.js:2:1-42
  × Module not found: Can't resolve 'react' in '/home/dev/.yarn/berry/cache/@rspress-core-npm-2.0.3-c87d0adf5b-10c0.zip/node_modules/@rspress/core/dist/theme/components/HomeFeature'
   ╭─[2:0]
 1 │ import { jsx } from "react/jsx-runtime";
 2 │ import { useRef, useState } from "react";
   · ─────────────────────────────────────────
 3 │ const useCardAnimation = ()=>{
 4 │     const [pageX, setPageX] = useState(null);
   ╰────
Import traces (entry → error):
  ../../.yarn/berry/cache/@rspress-core-npm-2.0.3-c87d0adf5b-10c0.zip/node_modules/@rspress/core/dist/theme/index.js
  ../../.yarn/berry/cache/@rspress-core-npm-2.0.3-c87d0adf5b-10c0.zip/node_modules/@rspress/core/dist/theme/components/HomeFeature/index.js
  ../../.yarn/berry/cache/@rspress-core-npm-2.0.3-c87d0adf5b-10c0.zip/node_modules/@rspress/core/dist/theme/components/HomeFeature/useCardAnimation.js ×

File: ../../.yarn/berry/cache/@rspress-core-npm-2.0.3-c87d0adf5b-10c0.zip/node_modules/@rspress/core/dist/theme/components/HomeFooter/index.js:1:1-41
  × Module not found: Can't resolve 'react/jsx-runtime' in '/home/dev/.yarn/berry/cache/@rspress-core-npm-2.0.3-c87d0adf5b-10c0.zip/node_modules/@rspress/core/dist/theme/components/HomeFooter'
   ╭─[1:0]
 1 │ import { jsx } from "react/jsx-runtime";
   · ────────────────────────────────────────
 2 │ import { useSite } from "@rspress/core/runtime";
 3 │ import { renderHtmlOrText } from "@theme";
   ╰────
Import traces (entry → error):
  ../../.yarn/berry/cache/@rspress-core-npm-2.0.3-c87d0adf5b-10c0.zip/node_modules/@rspress/core/dist/theme/index.js
  ../../.yarn/berry/cache/@rspress-core-npm-2.0.3-c87d0adf5b-10c0.zip/node_modules/@rspress/core/dist/theme/components/HomeFooter/index.js ×

File: ../../.yarn/berry/cache/@rspress-core-npm-2.0.3-c87d0adf5b-10c0.zip/node_modules/@rspress/core/dist/theme/components/HomeHero/index.js:1:1-57
  × Module not found: Can't resolve 'react/jsx-runtime' in '/home/dev/.yarn/berry/cache/@rspress-core-npm-2.0.3-c87d0adf5b-10c0.zip/node_modules/@rspress/core/dist/theme/components/HomeHero'
   ╭─[1:0]
 1 │ import { Fragment, jsx, jsxs } from "react/jsx-runtime";
   · ────────────────────────────────────────────────────────
 2 │ import { normalizeImagePath, useFrontmatter } from "@rspress/core/runtime";
 3 │ import { Button, Link, renderHtmlOrText } from "@theme";
   ╰────
Import traces (entry → error):
  ../../.yarn/berry/cache/@rspress-core-npm-2.0.3-c87d0adf5b-10c0.zip/node_modules/@rspress/core/dist/theme/index.js
  ../../.yarn/berry/cache/@rspress-core-npm-2.0.3-c87d0adf5b-10c0.zip/node_modules/@rspress/core/dist/theme/components/HomeHero/index.js ×

File: ../../.yarn/berry/cache/@rspress-core-npm-2.0.3-c87d0adf5b-10c0.zip/node_modules/@rspress/core/dist/theme/components/HomeHero/index.js:5:1-25
  × Module not found: Can't resolve 'clsx' in '/home/dev/.yarn/berry/cache/@rspress-core-npm-2.0.3-c87d0adf5b-10c0.zip/node_modules/@rspress/core/dist/theme/components/HomeHero'
   ╭─[5:0]
 3 │ import { Button, Link, renderHtmlOrText } from "@theme";
 4 │ import "./index.css";
 5 │ import clsx from "clsx";
   · ────────────────────────
 6 │ const DEFAULT_HERO = {
 7 │     badge: '',
   ╰────
Import traces (entry → error):
  ../../.yarn/berry/cache/@rspress-core-npm-2.0.3-c87d0adf5b-10c0.zip/node_modules/@rspress/core/dist/theme/index.js
  ../../.yarn/berry/cache/@rspress-core-npm-2.0.3-c87d0adf5b-10c0.zip/node_modules/@rspress/core/dist/theme/components/HomeHero/index.js ×

File: ../../.yarn/berry/cache/@rspress-core-npm-2.0.3-c87d0adf5b-10c0.zip/node_modules/@rspress/core/dist/theme/components/HoverGroup/index.js:1:1-57
  × Module not found: Can't resolve 'react/jsx-runtime' in '/home/dev/.yarn/berry/cache/@rspress-core-npm-2.0.3-c87d0adf5b-10c0.zip/node_modules/@rspress/core/dist/theme/components/HoverGroup'
   ╭─[1:0]
 1 │ import { Fragment, jsx, jsxs } from "react/jsx-runtime";
   · ────────────────────────────────────────────────────────
 2 │ import { matchNavbar, useLocation } from "@rspress/core/runtime";
 3 │ import { Link, Tag } from "@theme";
   ╰────
Import traces (entry → error):
  ../../.yarn/berry/cache/@rspress-core-npm-2.0.3-c87d0adf5b-10c0.zip/node_modules/@rspress/core/dist/theme/index.js
  ../../.yarn/berry/cache/@rspress-core-npm-2.0.3-c87d0adf5b-10c0.zip/node_modules/@rspress/core/dist/theme/components/HoverGroup/index.js ×

File: ../../.yarn/berry/cache/@rspress-core-npm-2.0.3-c87d0adf5b-10c0.zip/node_modules/@rspress/core/dist/theme/components/HoverGroup/index.js:4:1-25
  × Module not found: Can't resolve 'clsx' in '/home/dev/.yarn/berry/cache/@rspress-core-npm-2.0.3-c87d0adf5b-10c0.zip/node_modules/@rspress/core/dist/theme/components/HoverGroup'
   ╭─[4:0]
 2 │ import { matchNavbar, useLocation } from "@rspress/core/runtime";
 3 │ import { Link, Tag } from "@theme";
 4 │ import clsx from "clsx";
   · ────────────────────────
 5 │ import "./index.css";
 6 │ function HoverGroupItem(param) {
   ╰────
Import traces (entry → error):
  ../../.yarn/berry/cache/@rspress-core-npm-2.0.3-c87d0adf5b-10c0.zip/node_modules/@rspress/core/dist/theme/index.js
  ../../.yarn/berry/cache/@rspress-core-npm-2.0.3-c87d0adf5b-10c0.zip/node_modules/@rspress/core/dist/theme/components/HoverGroup/index.js ×

File: ../../.yarn/berry/cache/@rspress-core-npm-2.0.3-c87d0adf5b-10c0.zip/node_modules/@rspress/core/dist/theme/components/HoverGroup/index.js:8:26-37
  × ESModulesLinkingError: export 'useLocation' (imported as 'useLocation') was not found in '@rspress/core/runtime' (possible exports: Content, NoSSR, PageContext, ThemeContext, addLeadingSlash, addTrailingSlash, cleanUrlByConfig, getSidebarDataGroup, isActive, isEqualPath, isProduction, normalizeHrefInRuntime, normalizeImagePath, pathnameToRouteService, preloadLink, removeBase, removeTrailingSlash, routePathToMdPath, useActiveMatcher, useDark, useFrontmatter, useI18n, useLang, useLocaleSiteData, useNav, usePage, usePageData, useSidebar, useSidebarDynamic, useSite, useVersion, useWindowSize, withBase)
    ╭─[8:25]
  6 │ function HoverGroupItem(param) {
  7 │     let { item, activeMatcher, depth = 0 } = param;
  8 │     const { pathname } = useLocation();
    ·                          ───────────
  9 │     if ('items' in item && item.items && item.items.length > 0) {
 10 │         const hasLink = 'link' in item && item.link;
    ╰────
Import traces (entry → error):
  ../../.yarn/berry/cache/@rspress-core-npm-2.0.3-c87d0adf5b-10c0.zip/node_modules/@rspress/core/dist/theme/index.js
  ../../.yarn/berry/cache/@rspress-core-npm-2.0.3-c87d0adf5b-10c0.zip/node_modules/@rspress/core/dist/theme/components/HoverGroup/index.js ×

File: ../../.yarn/berry/cache/@rspress-core-npm-2.0.3-c87d0adf5b-10c0.zip/node_modules/@rspress/core/dist/theme/components/HoverGroup/index.js:41:68-79
  × ESModulesLinkingError: export 'matchNavbar' (imported as 'matchNavbar') was not found in '@rspress/core/runtime' (possible exports: Content, NoSSR, PageContext, ThemeContext, addLeadingSlash, addTrailingSlash, cleanUrlByConfig, getSidebarDataGroup, isActive, isEqualPath, isProduction, normalizeHrefInRuntime, normalizeImagePath, pathnameToRouteService, preloadLink, removeBase, removeTrailingSlash, routePathToMdPath, useActiveMatcher, useDark, useFrontmatter, useI18n, useLang, useLocaleSiteData, useNav, usePage, usePageData, useSidebar, useSidebarDynamic, useSite, useVersion, useWindowSize, withBase)
    ╭─[41:67]
 39 │     if ('link' in item) {
 40 │         const { text, link } = item;
 41 │         const isActiveItem = activeMatcher ? activeMatcher(item) : matchNavbar(item, pathname);
    ·                                                                    ───────────
 42 │         return /*#__PURE__*/ jsx("li", {
 43 │             className: clsx('rp-hover-group__item', {
    ╰────
Import traces (entry → error):
  ../../.yarn/berry/cache/@rspress-core-npm-2.0.3-c87d0adf5b-10c0.zip/node_modules/@rspress/core/dist/theme/index.js
  ../../.yarn/berry/cache/@rspress-core-npm-2.0.3-c87d0adf5b-10c0.zip/node_modules/@rspress/core/dist/theme/components/HoverGroup/index.js ×

File: ../../.yarn/berry/cache/@rspress-core-npm-2.0.3-c87d0adf5b-10c0.zip/node_modules/@rspress/core/dist/theme/components/HoverGroup/useHoverGroup.js:1:1-41
  × Module not found: Can't resolve 'react/jsx-runtime' in '/home/dev/.yarn/berry/cache/@rspress-core-npm-2.0.3-c87d0adf5b-10c0.zip/node_modules/@rspress/core/dist/theme/components/HoverGroup'
   ╭─[1:0]
 1 │ import { jsx } from "react/jsx-runtime";
   · ────────────────────────────────────────
 2 │ import { useCallback, useMemo, useRef, useState } from "react";
 3 │ import { HoverGroup } from "./index.js";
   ╰────
Import traces (entry → error):
  ../../.yarn/berry/cache/@rspress-core-npm-2.0.3-c87d0adf5b-10c0.zip/node_modules/@rspress/core/dist/theme/index.js
  ../../.yarn/berry/cache/@rspress-core-npm-2.0.3-c87d0adf5b-10c0.zip/node_modules/@rspress/core/dist/theme/components/HoverGroup/useHoverGroup.js ×

File: ../../.yarn/berry/cache/@rspress-core-npm-2.0.3-c87d0adf5b-10c0.zip/node_modules/@rspress/core/dist/theme/components/HoverGroup/useHoverGroup.js:2:1-64
  × Module not found: Can't resolve 'react' in '/home/dev/.yarn/berry/cache/@rspress-core-npm-2.0.3-c87d0adf5b-10c0.zip/node_modules/@rspress/core/dist/theme/components/HoverGroup'
   ╭─[2:0]
 1 │ import { jsx } from "react/jsx-runtime";
 2 │ import { useCallback, useMemo, useRef, useState } from "react";
   · ───────────────────────────────────────────────────────────────
 3 │ import { HoverGroup } from "./index.js";
 4 │ function useHoverGroup(props) {
   ╰────
Import traces (entry → error):
  ../../.yarn/berry/cache/@rspress-core-npm-2.0.3-c87d0adf5b-10c0.zip/node_modules/@rspress/core/dist/theme/index.js
  ../../.yarn/berry/cache/@rspress-core-npm-2.0.3-c87d0adf5b-10c0.zip/node_modules/@rspress/core/dist/theme/components/HoverGroup/useHoverGroup.js ×

File: ../../.yarn/berry/cache/@rspress-core-npm-2.0.3-c87d0adf5b-10c0.zip/node_modules/@rspress/core/dist/theme/components/LastUpdated/index.js:1:1-47
  × Module not found: Can't resolve 'react/jsx-runtime' in '/home/dev/.yarn/berry/cache/@rspress-core-npm-2.0.3-c87d0adf5b-10c0.zip/node_modules/@rspress/core/dist/theme/components/LastUpdated'
   ╭─[1:0]
 1 │ import { jsx, jsxs } from "react/jsx-runtime";
   · ──────────────────────────────────────────────
 2 │ import { useI18n, usePage, useSite } from "@rspress/core/runtime";
 3 │ import "./index.css";
   ╰────
Import traces (entry → error):
  ../../.yarn/berry/cache/@rspress-core-npm-2.0.3-c87d0adf5b-10c0.zip/node_modules/@rspress/core/dist/theme/index.js
  ../../.yarn/berry/cache/@rspress-core-npm-2.0.3-c87d0adf5b-10c0.zip/node_modules/@rspress/core/dist/theme/components/LastUpdated/index.js ×

File: ../../.yarn/berry/cache/@rspress-core-npm-2.0.3-c87d0adf5b-10c0.zip/node_modules/@rspress/core/dist/theme/components/Link/index.js:1:1-41
  × Module not found: Can't resolve 'react/jsx-runtime' in '/home/dev/.yarn/berry/cache/@rspress-core-npm-2.0.3-c87d0adf5b-10c0.zip/node_modules/@rspress/core/dist/theme/components/Link'
   ╭─[1:0]
 1 │ import { jsx } from "react/jsx-runtime";
   · ────────────────────────────────────────
 2 │ import { preloadLink } from "@rspress/core/runtime";
 3 │ import clsx from "clsx";
   ╰────
Import traces (entry → error):
  ../../.yarn/berry/cache/@rspress-core-npm-2.0.3-c87d0adf5b-10c0.zip/node_modules/@rspress/core/dist/theme/index.js
  ../../.yarn/berry/cache/@rspress-core-npm-2.0.3-c87d0adf5b-10c0.zip/node_modules/@rspress/core/dist/theme/components/Link/index.js ×

File: ../../.yarn/berry/cache/@rspress-core-npm-2.0.3-c87d0adf5b-10c0.zip/node_modules/@rspress/core/dist/theme/components/Link/index.js:3:1-25
  × Module not found: Can't resolve 'clsx' in '/home/dev/.yarn/berry/cache/@rspress-core-npm-2.0.3-c87d0adf5b-10c0.zip/node_modules/@rspress/core/dist/theme/components/Link'
   ╭─[3:0]
 1 │ import { jsx } from "react/jsx-runtime";
 2 │ import { preloadLink } from "@rspress/core/runtime";
 3 │ import clsx from "clsx";
   · ────────────────────────
 4 │ import nprogress from "nprogress";
 5 │ import { forwardRef } from "react";
   ╰────
Import traces (entry → error):
  ../../.yarn/berry/cache/@rspress-core-npm-2.0.3-c87d0adf5b-10c0.zip/node_modules/@rspress/core/dist/theme/index.js
  ../../.yarn/berry/cache/@rspress-core-npm-2.0.3-c87d0adf5b-10c0.zip/node_modules/@rspress/core/dist/theme/components/Link/index.js ×

File: ../../.yarn/berry/cache/@rspress-core-npm-2.0.3-c87d0adf5b-10c0.zip/node_modules/@rspress/core/dist/theme/components/Link/index.js:4:1-35
  × Module not found: Can't resolve 'nprogress' in '/home/dev/.yarn/berry/cache/@rspress-core-npm-2.0.3-c87d0adf5b-10c0.zip/node_modules/@rspress/core/dist/theme/components/Link'
   ╭─[4:0]
 2 │ import { preloadLink } from "@rspress/core/runtime";
 3 │ import clsx from "clsx";
 4 │ import nprogress from "nprogress";
   · ──────────────────────────────────
 5 │ import { forwardRef } from "react";
 6 │ import "./index.css";
   ╰────
Import traces (entry → error):
  ../../.yarn/berry/cache/@rspress-core-npm-2.0.3-c87d0adf5b-10c0.zip/node_modules/@rspress/core/dist/theme/index.js
  ../../.yarn/berry/cache/@rspress-core-npm-2.0.3-c87d0adf5b-10c0.zip/node_modules/@rspress/core/dist/theme/components/Link/index.js ×

File: ../../.yarn/berry/cache/@rspress-core-npm-2.0.3-c87d0adf5b-10c0.zip/node_modules/@rspress/core/dist/theme/components/Link/index.js:5:1-36
  × Module not found: Can't resolve 'react' in '/home/dev/.yarn/berry/cache/@rspress-core-npm-2.0.3-c87d0adf5b-10c0.zip/node_modules/@rspress/core/dist/theme/components/Link'
   ╭─[5:0]
 3 │ import clsx from "clsx";
 4 │ import nprogress from "nprogress";
 5 │ import { forwardRef } from "react";
   · ───────────────────────────────────
 6 │ import "./index.css";
 7 │ import { getHref, useLinkNavigate } from "./useLinkNavigate.js";
   ╰────
Import traces (entry → error):
  ../../.yarn/berry/cache/@rspress-core-npm-2.0.3-c87d0adf5b-10c0.zip/node_modules/@rspress/core/dist/theme/index.js
  ../../.yarn/berry/cache/@rspress-core-npm-2.0.3-c87d0adf5b-10c0.zip/node_modules/@rspress/core/dist/theme/components/Link/index.js ×

File: ../../.yarn/berry/cache/@rspress-core-npm-2.0.3-c87d0adf5b-10c0.zip/node_modules/@rspress/core/dist/theme/components/Link/useLinkNavigate.js:2:1-35
  × Module not found: Can't resolve 'nprogress' in '/home/dev/.yarn/berry/cache/@rspress-core-npm-2.0.3-c87d0adf5b-10c0.zip/node_modules/@rspress/core/dist/theme/components/Link'
   ╭─[2:0]
 1 │ import { cleanUrlByConfig, isActive, isExternalUrl, pathnameToRouteService, removeBase, useLocation, useNavigate, withBase } from "@rspress/core/runtime";
 2 │ import nprogress from "nprogress";
   · ──────────────────────────────────
 3 │ import { startTransition as external_react_startTransition, useCallback } from "react";
 4 │ nprogress.configure({
   ╰────
Import traces (entry → error):
  ../../.yarn/berry/cache/@rspress-core-npm-2.0.3-c87d0adf5b-10c0.zip/node_modules/@rspress/core/dist/theme/index.js
  ../../.yarn/berry/cache/@rspress-core-npm-2.0.3-c87d0adf5b-10c0.zip/node_modules/@rspress/core/dist/theme/components/Link/useLinkNavigate.js ×

File: ../../.yarn/berry/cache/@rspress-core-npm-2.0.3-c87d0adf5b-10c0.zip/node_modules/@rspress/core/dist/theme/components/Link/useLinkNavigate.js:3:1-88
  × Module not found: Can't resolve 'react' in '/home/dev/.yarn/berry/cache/@rspress-core-npm-2.0.3-c87d0adf5b-10c0.zip/node_modules/@rspress/core/dist/theme/components/Link'
   ╭─[3:0]
 1 │ import { cleanUrlByConfig, isActive, isExternalUrl, pathnameToRouteService, removeBase, useLocation, useNavigate, withBase } from "@rspress/core/runtime";
 2 │ import nprogress from "nprogress";
 3 │ import { startTransition as external_react_startTransition, useCallback } from "react";
   · ───────────────────────────────────────────────────────────────────────────────────────
 4 │ nprogress.configure({
 5 │     showSpinner: false
   ╰────
Import traces (entry → error):
  ../../.yarn/berry/cache/@rspress-core-npm-2.0.3-c87d0adf5b-10c0.zip/node_modules/@rspress/core/dist/theme/index.js
  ../../.yarn/berry/cache/@rspress-core-npm-2.0.3-c87d0adf5b-10c0.zip/node_modules/@rspress/core/dist/theme/components/Link/useLinkNavigate.js ×

File: ../../.yarn/berry/cache/@rspress-core-npm-2.0.3-c87d0adf5b-10c0.zip/node_modules/@rspress/core/dist/theme/components/Link/useLinkNavigate.js:11:9-22
  × ESModulesLinkingError: export 'isExternalUrl' (imported as 'isExternalUrl') was not found in '@rspress/core/runtime' (possible exports: Content, NoSSR, PageContext, ThemeContext, addLeadingSlash, addTrailingSlash, cleanUrlByConfig, getSidebarDataGroup, isActive, isEqualPath, isProduction, normalizeHrefInRuntime, normalizeImagePath, pathnameToRouteService, preloadLink, removeBase, removeTrailingSlash, routePathToMdPath, useActiveMatcher, useDark, useFrontmatter, useI18n, useLang, useLocaleSiteData, useNav, usePage, usePageData, useSidebar, useSidebarDynamic, useSite, useVersion, useWindowSize, withBase)
    ╭─[11:8]
  9 │ }
 10 │ function getLinkType(href) {
 11 │     if (isExternalUrl(href)) return 'external';
    ·         ─────────────
 12 │     if (href.startsWith('#')) return 'hashOnly';
 13 │     if (!isAbsoluteUrl(href)) return 'relative';
    ╰────
Import traces (entry → error):
  ../../.yarn/berry/cache/@rspress-core-npm-2.0.3-c87d0adf5b-10c0.zip/node_modules/@rspress/core/dist/theme/index.js
  ../../.yarn/berry/cache/@rspress-core-npm-2.0.3-c87d0adf5b-10c0.zip/node_modules/@rspress/core/dist/theme/components/Link/useLinkNavigate.js ×

File: ../../.yarn/berry/cache/@rspress-core-npm-2.0.3-c87d0adf5b-10c0.zip/node_modules/@rspress/core/dist/theme/components/Link/useLinkNavigate.js:36:44-55
  × ESModulesLinkingError: export 'useLocation' (imported as 'useLocation') was not found in '@rspress/core/runtime' (possible exports: Content, NoSSR, PageContext, ThemeContext, addLeadingSlash, addTrailingSlash, cleanUrlByConfig, getSidebarDataGroup, isActive, isEqualPath, isProduction, normalizeHrefInRuntime, normalizeImagePath, pathnameToRouteService, preloadLink, removeBase, removeTrailingSlash, routePathToMdPath, useActiveMatcher, useDark, useFrontmatter, useI18n, useLang, useLocaleSiteData, useNav, usePage, usePageData, useSidebar, useSidebarDynamic, useSite, useVersion, useWindowSize, withBase)
    ╭─[36:43]
 34 │         startTransition: external_react_startTransition
 35 │     };
 36 │     const { pathname: currPagePathname } = useLocation();
    ·                                            ───────────
 37 │     const navigate = useNavigate();
 38 │     return useCallback(async (href)=>{
    ╰────
Import traces (entry → error):
  ../../.yarn/berry/cache/@rspress-core-npm-2.0.3-c87d0adf5b-10c0.zip/node_modules/@rspress/core/dist/theme/index.js
  ../../.yarn/berry/cache/@rspress-core-npm-2.0.3-c87d0adf5b-10c0.zip/node_modules/@rspress/core/dist/theme/components/Link/useLinkNavigate.js ×

File: ../../.yarn/berry/cache/@rspress-core-npm-2.0.3-c87d0adf5b-10c0.zip/node_modules/@rspress/core/dist/theme/components/Link/useLinkNavigate.js:37:22-33
  × ESModulesLinkingError: export 'useNavigate' (imported as 'useNavigate') was not found in '@rspress/core/runtime' (possible exports: Content, NoSSR, PageContext, ThemeContext, addLeadingSlash, addTrailingSlash, cleanUrlByConfig, getSidebarDataGroup, isActive, isEqualPath, isProduction, normalizeHrefInRuntime, normalizeImagePath, pathnameToRouteService, preloadLink, removeBase, removeTrailingSlash, routePathToMdPath, useActiveMatcher, useDark, useFrontmatter, useI18n, useLang, useLocaleSiteData, useNav, usePage, usePageData, useSidebar, useSidebarDynamic, useSite, useVersion, useWindowSize, withBase)
    ╭─[37:21]
 35 │     };
 36 │     const { pathname: currPagePathname } = useLocation();
 37 │     const navigate = useNavigate();
    ·                      ───────────
 38 │     return useCallback(async (href)=>{
 39 │         const { linkType, removeBaseHref, withBaseHref } = getHref(href);
    ╰────
Import traces (entry → error):
  ../../.yarn/berry/cache/@rspress-core-npm-2.0.3-c87d0adf5b-10c0.zip/node_modules/@rspress/core/dist/theme/index.js
  ../../.yarn/berry/cache/@rspress-core-npm-2.0.3-c87d0adf5b-10c0.zip/node_modules/@rspress/core/dist/theme/components/Link/useLinkNavigate.js ×

File: ../../.yarn/berry/cache/@rspress-core-npm-2.0.3-c87d0adf5b-10c0.zip/node_modules/@rspress/core/dist/theme/components/Llms/LlmsContainer.js:1:1-41
  × Module not found: Can't resolve 'react/jsx-runtime' in '/home/dev/.yarn/berry/cache/@rspress-core-npm-2.0.3-c87d0adf5b-10c0.zip/node_modules/@rspress/core/dist/theme/components/Llms'
   ╭─[1:0]
 1 │ import { jsx } from "react/jsx-runtime";
   · ────────────────────────────────────────
 2 │ import "./LlmsContainer.css";
 3 │ function LlmsContainer(props) {
   ╰────
Import traces (entry → error):
  ../../.yarn/berry/cache/@rspress-core-npm-2.0.3-c87d0adf5b-10c0.zip/node_modules/@rspress/core/dist/theme/index.js
  ../../.yarn/berry/cache/@rspress-core-npm-2.0.3-c87d0adf5b-10c0.zip/node_modules/@rspress/core/dist/theme/components/Llms/index.js
  ../../.yarn/berry/cache/@rspress-core-npm-2.0.3-c87d0adf5b-10c0.zip/node_modules/@rspress/core/dist/theme/components/Llms/LlmsContainer.js ×

File: ../../.yarn/berry/cache/@rspress-core-npm-2.0.3-c87d0adf5b-10c0.zip/node_modules/@rspress/core/dist/theme/components/Llms/LlmsCopyButton.js:1:73-129
  × Module not found: Can't resolve 'react/jsx-runtime' in '/home/dev/.yarn/berry/cache/@rspress-core-npm-2.0.3-c87d0adf5b-10c0.zip/node_modules/@rspress/core/dist/theme/components/Llms'
   ╭─[1:72]
 1 │ /*! For license information please see LlmsCopyButton.js.LICENSE.txt */ import { Fragment, jsx, jsxs } from "react/jsx-runtime";
   ·                                                                         ────────────────────────────────────────────────────────
 2 │ import { useI18n } from "@rspress/core/runtime";
 3 │ import { IconCopy, IconSuccess } from "@theme";
   ╰────
Import traces (entry → error):
  ../../.yarn/berry/cache/@rspress-core-npm-2.0.3-c87d0adf5b-10c0.zip/node_modules/@rspress/core/dist/theme/index.js
  ../../.yarn/berry/cache/@rspress-core-npm-2.0.3-c87d0adf5b-10c0.zip/node_modules/@rspress/core/dist/theme/components/Llms/index.js
  ../../.yarn/berry/cache/@rspress-core-npm-2.0.3-c87d0adf5b-10c0.zip/node_modules/@rspress/core/dist/theme/components/Llms/LlmsCopyButton.js ×

File: ../../.yarn/berry/cache/@rspress-core-npm-2.0.3-c87d0adf5b-10c0.zip/node_modules/@rspress/core/dist/theme/components/Llms/LlmsCopyButton.js:4:1-55
  × Module not found: Can't resolve 'react' in '/home/dev/.yarn/berry/cache/@rspress-core-npm-2.0.3-c87d0adf5b-10c0.zip/node_modules/@rspress/core/dist/theme/components/Llms'
   ╭─[4:0]
 2 │ import { useI18n } from "@rspress/core/runtime";
 3 │ import { IconCopy, IconSuccess } from "@theme";
 4 │ import { useCallback, useRef, useState } from "react";
   · ──────────────────────────────────────────────────────
 5 │ import { SvgWrapper } from "../SvgWrapper/index.js";
 6 │ import "./index.css";
   ╰────
Import traces (entry → error):
  ../../.yarn/berry/cache/@rspress-core-npm-2.0.3-c87d0adf5b-10c0.zip/node_modules/@rspress/core/dist/theme/index.js
  ../../.yarn/berry/cache/@rspress-core-npm-2.0.3-c87d0adf5b-10c0.zip/node_modules/@rspress/core/dist/theme/components/Llms/index.js
  ../../.yarn/berry/cache/@rspress-core-npm-2.0.3-c87d0adf5b-10c0.zip/node_modules/@rspress/core/dist/theme/components/Llms/LlmsCopyButton.js ×

File: ../../.yarn/berry/cache/@rspress-core-npm-2.0.3-c87d0adf5b-10c0.zip/node_modules/@rspress/core/dist/theme/components/Llms/LlmsViewOptions.js:1:74-130
  × Module not found: Can't resolve 'react/jsx-runtime' in '/home/dev/.yarn/berry/cache/@rspress-core-npm-2.0.3-c87d0adf5b-10c0.zip/node_modules/@rspress/core/dist/theme/components/Llms'
   ╭─[1:73]
 1 │ /*! For license information please see LlmsViewOptions.js.LICENSE.txt */ import { Fragment, jsx, jsxs } from "react/jsx-runtime";
   ·                                                                          ────────────────────────────────────────────────────────
 2 │ import { useI18n, useSite } from "@rspress/core/runtime";
 3 │ import { IconDown, IconExternalLink, IconLink } from "@theme";
   ╰────
Import traces (entry → error):
  ../../.yarn/berry/cache/@rspress-core-npm-2.0.3-c87d0adf5b-10c0.zip/node_modules/@rspress/core/dist/theme/index.js
  ../../.yarn/berry/cache/@rspress-core-npm-2.0.3-c87d0adf5b-10c0.zip/node_modules/@rspress/core/dist/theme/components/Llms/index.js
  ../../.yarn/berry/cache/@rspress-core-npm-2.0.3-c87d0adf5b-10c0.zip/node_modules/@rspress/core/dist/theme/components/Llms/LlmsViewOptions.js ×

File: ../../.yarn/berry/cache/@rspress-core-npm-2.0.3-c87d0adf5b-10c0.zip/node_modules/@rspress/core/dist/theme/components/Llms/LlmsViewOptions.js:4:1-62
  × Module not found: Can't resolve 'react' in '/home/dev/.yarn/berry/cache/@rspress-core-npm-2.0.3-c87d0adf5b-10c0.zip/node_modules/@rspress/core/dist/theme/components/Llms'
   ╭─[4:0]
 2 │ import { useI18n, useSite } from "@rspress/core/runtime";
 3 │ import { IconDown, IconExternalLink, IconLink } from "@theme";
 4 │ import { useEffect, useMemo, useRef, useState } from "react";
   · ─────────────────────────────────────────────────────────────
 5 │ import { SvgWrapper } from "../SvgWrapper/index.js";
 6 │ import "./index.css";
   ╰────
Import traces (entry → error):
  ../../.yarn/berry/cache/@rspress-core-npm-2.0.3-c87d0adf5b-10c0.zip/node_modules/@rspress/core/dist/theme/index.js
  ../../.yarn/berry/cache/@rspress-core-npm-2.0.3-c87d0adf5b-10c0.zip/node_modules/@rspress/core/dist/theme/components/Llms/index.js
  ../../.yarn/berry/cache/@rspress-core-npm-2.0.3-c87d0adf5b-10c0.zip/node_modules/@rspress/core/dist/theme/components/Llms/LlmsViewOptions.js ×

File: ../../.yarn/berry/cache/@rspress-core-npm-2.0.3-c87d0adf5b-10c0.zip/node_modules/@rspress/core/dist/theme/components/Llms/useMdUrl.js:2:1-33
  × Module not found: Can't resolve 'react' in '/home/dev/.yarn/berry/cache/@rspress-core-npm-2.0.3-c87d0adf5b-10c0.zip/node_modules/@rspress/core/dist/theme/components/Llms'
   ╭─[2:0]
 1 │ import { routePathToMdPath, usePageData } from "@rspress/core/runtime";
 2 │ import { useMemo } from "react";
   · ────────────────────────────────
 3 │ function useMdUrl() {
 4 │     const { page } = usePageData();
   ╰────
Import traces (entry → error):
  ../../.yarn/berry/cache/@rspress-core-npm-2.0.3-c87d0adf5b-10c0.zip/node_modules/@rspress/core/dist/theme/index.js
  ../../.yarn/berry/cache/@rspress-core-npm-2.0.3-c87d0adf5b-10c0.zip/node_modules/@rspress/core/dist/theme/components/Llms/index.js
  ../../.yarn/berry/cache/@rspress-core-npm-2.0.3-c87d0adf5b-10c0.zip/node_modules/@rspress/core/dist/theme/components/Llms/useMdUrl.js ×

File: ../../.yarn/berry/cache/@rspress-core-npm-2.0.3-c87d0adf5b-10c0.zip/node_modules/@rspress/core/dist/theme/components/Nav/NavMenu.js:1:1-57
  × Module not found: Can't resolve 'react/jsx-runtime' in '/home/dev/.yarn/berry/cache/@rspress-core-npm-2.0.3-c87d0adf5b-10c0.zip/node_modules/@rspress/core/dist/theme/components/Nav'
   ╭─[1:0]
 1 │ import { Fragment, jsx, jsxs } from "react/jsx-runtime";
   · ────────────────────────────────────────────────────────
 2 │ import { matchNavbar, useLocation } from "@rspress/core/runtime";
 3 │ import { IconArrowDown, Link, SvgWrapper, Tag, useHoverGroup } from "@theme";
   ╰────
Import traces (entry → error):
  ../../.yarn/berry/cache/@rspress-core-npm-2.0.3-c87d0adf5b-10c0.zip/node_modules/@rspress/core/dist/theme/index.js
  ../../.yarn/berry/cache/@rspress-core-npm-2.0.3-c87d0adf5b-10c0.zip/node_modules/@rspress/core/dist/theme/components/Nav/index.js
  ../../.yarn/berry/cache/@rspress-core-npm-2.0.3-c87d0adf5b-10c0.zip/node_modules/@rspress/core/dist/theme/components/Nav/NavMenu.js ×

File: ../../.yarn/berry/cache/@rspress-core-npm-2.0.3-c87d0adf5b-10c0.zip/node_modules/@rspress/core/dist/theme/components/Nav/NavMenu.js:4:1-25
  × Module not found: Can't resolve 'clsx' in '/home/dev/.yarn/berry/cache/@rspress-core-npm-2.0.3-c87d0adf5b-10c0.zip/node_modules/@rspress/core/dist/theme/components/Nav'
   ╭─[4:0]
 2 │ import { matchNavbar, useLocation } from "@rspress/core/runtime";
 3 │ import { IconArrowDown, Link, SvgWrapper, Tag, useHoverGroup } from "@theme";
 4 │ import clsx from "clsx";
   · ────────────────────────
 5 │ import { useMemo } from "react";
 6 │ import { useLangsMenu, useVersionsMenu } from "./hooks.js";
   ╰────
Import traces (entry → error):
  ../../.yarn/berry/cache/@rspress-core-npm-2.0.3-c87d0adf5b-10c0.zip/node_modules/@rspress/core/dist/theme/index.js
  ../../.yarn/berry/cache/@rspress-core-npm-2.0.3-c87d0adf5b-10c0.zip/node_modules/@rspress/core/dist/theme/components/Nav/index.js
  ../../.yarn/berry/cache/@rspress-core-npm-2.0.3-c87d0adf5b-10c0.zip/node_modules/@rspress/core/dist/theme/components/Nav/NavMenu.js ×

File: ../../.yarn/berry/cache/@rspress-core-npm-2.0.3-c87d0adf5b-10c0.zip/node_modules/@rspress/core/dist/theme/components/Nav/NavMenu.js:5:1-33
  × Module not found: Can't resolve 'react' in '/home/dev/.yarn/berry/cache/@rspress-core-npm-2.0.3-c87d0adf5b-10c0.zip/node_modules/@rspress/core/dist/theme/components/Nav'
   ╭─[5:0]
 3 │ import { IconArrowDown, Link, SvgWrapper, Tag, useHoverGroup } from "@theme";
 4 │ import clsx from "clsx";
 5 │ import { useMemo } from "react";
   · ────────────────────────────────
 6 │ import { useLangsMenu, useVersionsMenu } from "./hooks.js";
 7 │ import "./NavMenu.css";
   ╰────
Import traces (entry → error):
  ../../.yarn/berry/cache/@rspress-core-npm-2.0.3-c87d0adf5b-10c0.zip/node_modules/@rspress/core/dist/theme/index.js
  ../../.yarn/berry/cache/@rspress-core-npm-2.0.3-c87d0adf5b-10c0.zip/node_modules/@rspress/core/dist/theme/components/Nav/index.js
  ../../.yarn/berry/cache/@rspress-core-npm-2.0.3-c87d0adf5b-10c0.zip/node_modules/@rspress/core/dist/theme/components/Nav/NavMenu.js ×

File: ../../.yarn/berry/cache/@rspress-core-npm-2.0.3-c87d0adf5b-10c0.zip/node_modules/@rspress/core/dist/theme/components/Nav/NavMenu.js:62:26-37
  × ESModulesLinkingError: export 'useLocation' (imported as 'useLocation') was not found in '@rspress/core/runtime' (possible exports: Content, NoSSR, PageContext, ThemeContext, addLeadingSlash, addTrailingSlash, cleanUrlByConfig, getSidebarDataGroup, isActive, isEqualPath, isProduction, normalizeHrefInRuntime, normalizeImagePath, pathnameToRouteService, preloadLink, removeBase, removeTrailingSlash, routePathToMdPath, useActiveMatcher, useDark, useFrontmatter, useI18n, useLang, useLocaleSiteData, useNav, usePage, usePageData, useSidebar, useSidebarDynamic, useSite, useVersion, useWindowSize, withBase)
    ╭─[62:25]
 60 │ function NavMenuItemWithLink(param) {
 61 │     let { menuItem } = param;
 62 │     const { pathname } = useLocation();
    ·                          ───────────
 63 │     const isActive = useMemo(()=>matchNavbar(menuItem, pathname), [
 64 │         menuItem,
    ╰────
Import traces (entry → error):
  ../../.yarn/berry/cache/@rspress-core-npm-2.0.3-c87d0adf5b-10c0.zip/node_modules/@rspress/core/dist/theme/index.js
  ../../.yarn/berry/cache/@rspress-core-npm-2.0.3-c87d0adf5b-10c0.zip/node_modules/@rspress/core/dist/theme/components/Nav/index.js
  ../../.yarn/berry/cache/@rspress-core-npm-2.0.3-c87d0adf5b-10c0.zip/node_modules/@rspress/core/dist/theme/components/Nav/NavMenu.js ×

File: ../../.yarn/berry/cache/@rspress-core-npm-2.0.3-c87d0adf5b-10c0.zip/node_modules/@rspress/core/dist/theme/components/Nav/NavMenu.js:63:34-45
  × ESModulesLinkingError: export 'matchNavbar' (imported as 'matchNavbar') was not found in '@rspress/core/runtime' (possible exports: Content, NoSSR, PageContext, ThemeContext, addLeadingSlash, addTrailingSlash, cleanUrlByConfig, getSidebarDataGroup, isActive, isEqualPath, isProduction, normalizeHrefInRuntime, normalizeImagePath, pathnameToRouteService, preloadLink, removeBase, removeTrailingSlash, routePathToMdPath, useActiveMatcher, useDark, useFrontmatter, useI18n, useLang, useLocaleSiteData, useNav, usePage, usePageData, useSidebar, useSidebarDynamic, useSite, useVersion, useWindowSize, withBase)
    ╭─[63:33]
 61 │     let { menuItem } = param;
 62 │     const { pathname } = useLocation();
 63 │     const isActive = useMemo(()=>matchNavbar(menuItem, pathname), [
    ·                                  ───────────
 64 │         menuItem,
 65 │         pathname
    ╰────
Import traces (entry → error):
  ../../.yarn/berry/cache/@rspress-core-npm-2.0.3-c87d0adf5b-10c0.zip/node_modules/@rspress/core/dist/theme/index.js
  ../../.yarn/berry/cache/@rspress-core-npm-2.0.3-c87d0adf5b-10c0.zip/node_modules/@rspress/core/dist/theme/components/Nav/index.js
  ../../.yarn/berry/cache/@rspress-core-npm-2.0.3-c87d0adf5b-10c0.zip/node_modules/@rspress/core/dist/theme/components/Nav/NavMenu.js ×

File: ../../.yarn/berry/cache/@rspress-core-npm-2.0.3-c87d0adf5b-10c0.zip/node_modules/@rspress/core/dist/theme/components/Nav/hooks.js:27:34-45
  × ESModulesLinkingError: export 'useLocation' (imported as 'useLocation') was not found in '@rspress/core/runtime' (possible exports: Content, NoSSR, PageContext, ThemeContext, addLeadingSlash, addTrailingSlash, cleanUrlByConfig, getSidebarDataGroup, isActive, isEqualPath, isProduction, normalizeHrefInRuntime, normalizeImagePath, pathnameToRouteService, preloadLink, removeBase, removeTrailingSlash, routePathToMdPath, useActiveMatcher, useDark, useFrontmatter, useI18n, useLang, useLocaleSiteData, useNav, usePage, usePageData, useSidebar, useSidebarDynamic, useSite, useVersion, useWindowSize, withBase)
    ╭─[27:33]
 25 │     const { site } = useSite();
 26 │     const currentVersion = useVersion();
 27 │     const { pathname, search } = useLocation();
    ·                                  ───────────
 28 │     const defaultLang = site.lang || '';
 29 │     const defaultVersion = site.multiVersion.default || '';
    ╰────
Import traces (entry → error):
  ../../.yarn/berry/cache/@rspress-core-npm-2.0.3-c87d0adf5b-10c0.zip/node_modules/@rspress/core/dist/theme/index.js
  ../../.yarn/berry/cache/@rspress-core-npm-2.0.3-c87d0adf5b-10c0.zip/node_modules/@rspress/core/dist/theme/components/NavHamburger/index.js
  ../../.yarn/berry/cache/@rspress-core-npm-2.0.3-c87d0adf5b-10c0.zip/node_modules/@rspress/core/dist/theme/components/NavScreen/NavScreenLangs.js
  ../../.yarn/berry/cache/@rspress-core-npm-2.0.3-c87d0adf5b-10c0.zip/node_modules/@rspress/core/dist/theme/components/Nav/hooks.js ×

File: ../../.yarn/berry/cache/@rspress-core-npm-2.0.3-c87d0adf5b-10c0.zip/node_modules/@rspress/core/dist/theme/components/Nav/hooks.js:72:26-37
  × ESModulesLinkingError: export 'useLocation' (imported as 'useLocation') was not found in '@rspress/core/runtime' (possible exports: Content, NoSSR, PageContext, ThemeContext, addLeadingSlash, addTrailingSlash, cleanUrlByConfig, getSidebarDataGroup, isActive, isEqualPath, isProduction, normalizeHrefInRuntime, normalizeImagePath, pathnameToRouteService, preloadLink, removeBase, removeTrailingSlash, routePathToMdPath, useActiveMatcher, useDark, useFrontmatter, useI18n, useLang, useLocaleSiteData, useNav, usePage, usePageData, useSidebar, useSidebarDynamic, useSite, useVersion, useWindowSize, withBase)
    ╭─[72:25]
 70 │     const { site } = useSite();
 71 │     const currentVersion = useVersion();
 72 │     const { pathname } = useLocation();
    ·                          ───────────
 73 │     const cleanUrls = site.route?.cleanUrls || false;
 74 │     const defaultVersion = site.multiVersion.default || '';
    ╰────
Import traces (entry → error):
  ../../.yarn/berry/cache/@rspress-core-npm-2.0.3-c87d0adf5b-10c0.zip/node_modules/@rspress/core/dist/theme/index.js
  ../../.yarn/berry/cache/@rspress-core-npm-2.0.3-c87d0adf5b-10c0.zip/node_modules/@rspress/core/dist/theme/components/NavHamburger/index.js
  ../../.yarn/berry/cache/@rspress-core-npm-2.0.3-c87d0adf5b-10c0.zip/node_modules/@rspress/core/dist/theme/components/NavScreen/NavScreenLangs.js
  ../../.yarn/berry/cache/@rspress-core-npm-2.0.3-c87d0adf5b-10c0.zip/node_modules/@rspress/core/dist/theme/components/Nav/hooks.js ×

File: ../../.yarn/berry/cache/@rspress-core-npm-2.0.3-c87d0adf5b-10c0.zip/node_modules/@rspress/core/dist/theme/components/Nav/index.js:1:1-47
  × Module not found: Can't resolve 'react/jsx-runtime' in '/home/dev/.yarn/berry/cache/@rspress-core-npm-2.0.3-c87d0adf5b-10c0.zip/node_modules/@rspress/core/dist/theme/components/Nav'
   ╭─[1:0]
 1 │ import { jsx, jsxs } from "react/jsx-runtime";
   · ──────────────────────────────────────────────
 2 │ import { useNav, useSite } from "@rspress/core/runtime";
 3 │ import { NavHamburger, NavTitle, Search, SocialLinks, SwitchAppearance } from "@theme";
   ╰────
Import traces (entry → error):
  ../../.yarn/berry/cache/@rspress-core-npm-2.0.3-c87d0adf5b-10c0.zip/node_modules/@rspress/core/dist/theme/index.js
  ../../.yarn/berry/cache/@rspress-core-npm-2.0.3-c87d0adf5b-10c0.zip/node_modules/@rspress/core/dist/theme/components/Nav/index.js ×

File: ../../.yarn/berry/cache/@rspress-core-npm-2.0.3-c87d0adf5b-10c0.zip/node_modules/@rspress/core/dist/theme/components/NavHamburger/index.js:1:1-57
  × Module not found: Can't resolve 'react/jsx-runtime' in '/home/dev/.yarn/berry/cache/@rspress-core-npm-2.0.3-c87d0adf5b-10c0.zip/node_modules/@rspress/core/dist/theme/components/NavHamburger'
   ╭─[1:0]
 1 │ import { Fragment, jsx, jsxs } from "react/jsx-runtime";
   · ────────────────────────────────────────────────────────
 2 │ import { IconSmallMenu, SocialLinks, SvgWrapper, useHoverGroup } from "@theme";
 3 │ import clsx from "clsx";
   ╰────
Import traces (entry → error):
  ../../.yarn/berry/cache/@rspress-core-npm-2.0.3-c87d0adf5b-10c0.zip/node_modules/@rspress/core/dist/theme/index.js
  ../../.yarn/berry/cache/@rspress-core-npm-2.0.3-c87d0adf5b-10c0.zip/node_modules/@rspress/core/dist/theme/components/NavHamburger/index.js ×

File: ../../.yarn/berry/cache/@rspress-core-npm-2.0.3-c87d0adf5b-10c0.zip/node_modules/@rspress/core/dist/theme/components/NavHamburger/index.js:3:1-25
  × Module not found: Can't resolve 'clsx' in '/home/dev/.yarn/berry/cache/@rspress-core-npm-2.0.3-c87d0adf5b-10c0.zip/node_modules/@rspress/core/dist/theme/components/NavHamburger'
   ╭─[3:0]
 1 │ import { Fragment, jsx, jsxs } from "react/jsx-runtime";
 2 │ import { IconSmallMenu, SocialLinks, SvgWrapper, useHoverGroup } from "@theme";
 3 │ import clsx from "clsx";
   · ────────────────────────
 4 │ import { createPortal } from "react-dom";
 5 │ import { NavVersions } from "../Nav/NavMenu.js";
   ╰────
Import traces (entry → error):
  ../../.yarn/berry/cache/@rspress-core-npm-2.0.3-c87d0adf5b-10c0.zip/node_modules/@rspress/core/dist/theme/index.js
  ../../.yarn/berry/cache/@rspress-core-npm-2.0.3-c87d0adf5b-10c0.zip/node_modules/@rspress/core/dist/theme/components/NavHamburger/index.js ×

File: ../../.yarn/berry/cache/@rspress-core-npm-2.0.3-c87d0adf5b-10c0.zip/node_modules/@rspress/core/dist/theme/components/NavHamburger/index.js:4:1-42
  × Module not found: Can't resolve 'react-dom' in '/home/dev/.yarn/berry/cache/@rspress-core-npm-2.0.3-c87d0adf5b-10c0.zip/node_modules/@rspress/core/dist/theme/components/NavHamburger'
   ╭─[4:0]
 2 │ import { IconSmallMenu, SocialLinks, SvgWrapper, useHoverGroup } from "@theme";
 3 │ import clsx from "clsx";
 4 │ import { createPortal } from "react-dom";
   · ─────────────────────────────────────────
 5 │ import { NavVersions } from "../Nav/NavMenu.js";
 6 │ import { NavScreen, NavScreenDivider } from "../NavScreen/index.js";
   ╰────
Import traces (entry → error):
  ../../.yarn/berry/cache/@rspress-core-npm-2.0.3-c87d0adf5b-10c0.zip/node_modules/@rspress/core/dist/theme/index.js
  ../../.yarn/berry/cache/@rspress-core-npm-2.0.3-c87d0adf5b-10c0.zip/node_modules/@rspress/core/dist/theme/components/NavHamburger/index.js ×

File: ../../.yarn/berry/cache/@rspress-core-npm-2.0.3-c87d0adf5b-10c0.zip/node_modules/@rspress/core/dist/theme/components/NavHamburger/useNavScreen.js:2:1-45
  × Module not found: Can't resolve 'react' in '/home/dev/.yarn/berry/cache/@rspress-core-npm-2.0.3-c87d0adf5b-10c0.zip/node_modules/@rspress/core/dist/theme/components/NavHamburger'
   ╭─[2:0]
 1 │ import { useLocation } from "@rspress/core/runtime";
 2 │ import { useEffect, useState } from "react";
   · ────────────────────────────────────────────
 3 │ function useNavScreen() {
 4 │     const { pathname, hash } = useLocation();
   ╰────
Import traces (entry → error):
  ../../.yarn/berry/cache/@rspress-core-npm-2.0.3-c87d0adf5b-10c0.zip/node_modules/@rspress/core/dist/theme/index.js
  ../../.yarn/berry/cache/@rspress-core-npm-2.0.3-c87d0adf5b-10c0.zip/node_modules/@rspress/core/dist/theme/components/NavHamburger/index.js
  ../../.yarn/berry/cache/@rspress-core-npm-2.0.3-c87d0adf5b-10c0.zip/node_modules/@rspress/core/dist/theme/components/NavHamburger/useNavScreen.js ×

File: ../../.yarn/berry/cache/@rspress-core-npm-2.0.3-c87d0adf5b-10c0.zip/node_modules/@rspress/core/dist/theme/components/NavHamburger/useNavScreen.js:4:32-43
  × ESModulesLinkingError: export 'useLocation' (imported as 'useLocation') was not found in '@rspress/core/runtime' (possible exports: Content, NoSSR, PageContext, ThemeContext, addLeadingSlash, addTrailingSlash, cleanUrlByConfig, getSidebarDataGroup, isActive, isEqualPath, isProduction, normalizeHrefInRuntime, normalizeImagePath, pathnameToRouteService, preloadLink, removeBase, removeTrailingSlash, routePathToMdPath, useActiveMatcher, useDark, useFrontmatter, useI18n, useLang, useLocaleSiteData, useNav, usePage, usePageData, useSidebar, useSidebarDynamic, useSite, useVersion, useWindowSize, withBase)
   ╭─[4:31]
 2 │ import { useEffect, useState } from "react";
 3 │ function useNavScreen() {
 4 │     const { pathname, hash } = useLocation();
   ·                                ───────────
 5 │     const [isScreenOpen, setIsScreenOpen] = useState(false);
 6 │     function openScreen() {
   ╰────
Import traces (entry → error):
  ../../.yarn/berry/cache/@rspress-core-npm-2.0.3-c87d0adf5b-10c0.zip/node_modules/@rspress/core/dist/theme/index.js
  ../../.yarn/berry/cache/@rspress-core-npm-2.0.3-c87d0adf5b-10c0.zip/node_modules/@rspress/core/dist/theme/components/NavHamburger/index.js
  ../../.yarn/berry/cache/@rspress-core-npm-2.0.3-c87d0adf5b-10c0.zip/node_modules/@rspress/core/dist/theme/components/NavHamburger/useNavScreen.js ×

File: ../../.yarn/berry/cache/@rspress-core-npm-2.0.3-c87d0adf5b-10c0.zip/node_modules/@rspress/core/dist/theme/components/NavScreen/NavScreenAppearance.js:1:1-57
  × Module not found: Can't resolve 'react/jsx-runtime' in '/home/dev/.yarn/berry/cache/@rspress-core-npm-2.0.3-c87d0adf5b-10c0.zip/node_modules/@rspress/core/dist/theme/components/NavScreen'
   ╭─[1:0]
 1 │ import { Fragment, jsx, jsxs } from "react/jsx-runtime";
   · ────────────────────────────────────────────────────────
 2 │ import { NoSSR, useI18n, useSite } from "@rspress/core/runtime";
 3 │ import { SwitchAppearance } from "@theme";
   ╰────
Import traces (entry → error):
  ../../.yarn/berry/cache/@rspress-core-npm-2.0.3-c87d0adf5b-10c0.zip/node_modules/@rspress/core/dist/theme/index.js
  ../../.yarn/berry/cache/@rspress-core-npm-2.0.3-c87d0adf5b-10c0.zip/node_modules/@rspress/core/dist/theme/components/NavHamburger/index.js
  ../../.yarn/berry/cache/@rspress-core-npm-2.0.3-c87d0adf5b-10c0.zip/node_modules/@rspress/core/dist/theme/components/NavScreen/NavScreenAppearance.js ×

File: ../../.yarn/berry/cache/@rspress-core-npm-2.0.3-c87d0adf5b-10c0.zip/node_modules/@rspress/core/dist/theme/components/NavScreen/NavScreenLangs.js:1:1-57
  × Module not found: Can't resolve 'react/jsx-runtime' in '/home/dev/.yarn/berry/cache/@rspress-core-npm-2.0.3-c87d0adf5b-10c0.zip/node_modules/@rspress/core/dist/theme/components/NavScreen'
   ╭─[1:0]
 1 │ import { Fragment, jsx, jsxs } from "react/jsx-runtime";
   · ────────────────────────────────────────────────────────
 2 │ import { useState } from "react";
 3 │ import { useLangsMenu } from "../Nav/hooks.js";
   ╰────
Import traces (entry → error):
  ../../.yarn/berry/cache/@rspress-core-npm-2.0.3-c87d0adf5b-10c0.zip/node_modules/@rspress/core/dist/theme/index.js
  ../../.yarn/berry/cache/@rspress-core-npm-2.0.3-c87d0adf5b-10c0.zip/node_modules/@rspress/core/dist/theme/components/NavHamburger/index.js
  ../../.yarn/berry/cache/@rspress-core-npm-2.0.3-c87d0adf5b-10c0.zip/node_modules/@rspress/core/dist/theme/components/NavScreen/NavScreenLangs.js ×

File: ../../.yarn/berry/cache/@rspress-core-npm-2.0.3-c87d0adf5b-10c0.zip/node_modules/@rspress/core/dist/theme/components/NavScreen/NavScreenLangs.js:2:1-34
  × Module not found: Can't resolve 'react' in '/home/dev/.yarn/berry/cache/@rspress-core-npm-2.0.3-c87d0adf5b-10c0.zip/node_modules/@rspress/core/dist/theme/components/NavScreen'
   ╭─[2:0]
 1 │ import { Fragment, jsx, jsxs } from "react/jsx-runtime";
 2 │ import { useState } from "react";
   · ─────────────────────────────────
 3 │ import { useLangsMenu } from "../Nav/hooks.js";
 4 │ import "./NavScreenLangs.css";
   ╰────
Import traces (entry → error):
  ../../.yarn/berry/cache/@rspress-core-npm-2.0.3-c87d0adf5b-10c0.zip/node_modules/@rspress/core/dist/theme/index.js
  ../../.yarn/berry/cache/@rspress-core-npm-2.0.3-c87d0adf5b-10c0.zip/node_modules/@rspress/core/dist/theme/components/NavHamburger/index.js
  ../../.yarn/berry/cache/@rspress-core-npm-2.0.3-c87d0adf5b-10c0.zip/node_modules/@rspress/core/dist/theme/components/NavScreen/NavScreenLangs.js ×

File: ../../.yarn/berry/cache/@rspress-core-npm-2.0.3-c87d0adf5b-10c0.zip/node_modules/@rspress/core/dist/theme/components/NavScreen/NavScreenLangs.js:7:1-25
  × Module not found: Can't resolve 'clsx' in '/home/dev/.yarn/berry/cache/@rspress-core-npm-2.0.3-c87d0adf5b-10c0.zip/node_modules/@rspress/core/dist/theme/components/NavScreen'
   ╭─[7:0]
 5 │ import { useI18n } from "@rspress/core/runtime";
 6 │ import { Link } from "@theme";
 7 │ import clsx from "clsx";
   · ────────────────────────
 8 │ import { SvgDown } from "./NavScreenMenuItem.js";
 9 │ function NavScreenLangs() {
   ╰────
Import traces (entry → error):
  ../../.yarn/berry/cache/@rspress-core-npm-2.0.3-c87d0adf5b-10c0.zip/node_modules/@rspress/core/dist/theme/index.js
  ../../.yarn/berry/cache/@rspress-core-npm-2.0.3-c87d0adf5b-10c0.zip/node_modules/@rspress/core/dist/theme/components/NavHamburger/index.js
  ../../.yarn/berry/cache/@rspress-core-npm-2.0.3-c87d0adf5b-10c0.zip/node_modules/@rspress/core/dist/theme/components/NavScreen/NavScreenLangs.js ×

File: ../../.yarn/berry/cache/@rspress-core-npm-2.0.3-c87d0adf5b-10c0.zip/node_modules/@rspress/core/dist/theme/components/NavScreen/NavScreenMenu.js:1:1-51
  × Module not found: Can't resolve 'react/jsx-runtime' in '/home/dev/.yarn/berry/cache/@rspress-core-npm-2.0.3-c87d0adf5b-10c0.zip/node_modules/@rspress/core/dist/theme/components/NavScreen'
   ╭─[1:0]
 1 │ import { Fragment, jsx } from "react/jsx-runtime";
   · ──────────────────────────────────────────────────
 2 │ import { NavScreenMenuItem } from "./NavScreenMenuItem.js";
 3 │ import "./NavScreenMenu.css";
   ╰────
Import traces (entry → error):
  ../../.yarn/berry/cache/@rspress-core-npm-2.0.3-c87d0adf5b-10c0.zip/node_modules/@rspress/core/dist/theme/index.js
  ../../.yarn/berry/cache/@rspress-core-npm-2.0.3-c87d0adf5b-10c0.zip/node_modules/@rspress/core/dist/theme/components/NavHamburger/index.js
  ../../.yarn/berry/cache/@rspress-core-npm-2.0.3-c87d0adf5b-10c0.zip/node_modules/@rspress/core/dist/theme/components/NavScreen/index.js
  ../../.yarn/berry/cache/@rspress-core-npm-2.0.3-c87d0adf5b-10c0.zip/node_modules/@rspress/core/dist/theme/components/NavScreen/NavScreenMenu.js ×

File: ../../.yarn/berry/cache/@rspress-core-npm-2.0.3-c87d0adf5b-10c0.zip/node_modules/@rspress/core/dist/theme/components/NavScreen/NavScreenMenuItem.js:1:1-57
  × Module not found: Can't resolve 'react/jsx-runtime' in '/home/dev/.yarn/berry/cache/@rspress-core-npm-2.0.3-c87d0adf5b-10c0.zip/node_modules/@rspress/core/dist/theme/components/NavScreen'
   ╭─[1:0]
 1 │ import { Fragment, jsx, jsxs } from "react/jsx-runtime";
   · ────────────────────────────────────────────────────────
 2 │ import { matchNavbar, useLocation } from "@rspress/core/runtime";
 3 │ import { IconArrowDown, Link, SvgWrapper, Tag } from "@theme";
   ╰────
Import traces (entry → error):
  ../../.yarn/berry/cache/@rspress-core-npm-2.0.3-c87d0adf5b-10c0.zip/node_modules/@rspress/core/dist/theme/index.js
  ../../.yarn/berry/cache/@rspress-core-npm-2.0.3-c87d0adf5b-10c0.zip/node_modules/@rspress/core/dist/theme/components/NavHamburger/index.js
  ../../.yarn/berry/cache/@rspress-core-npm-2.0.3-c87d0adf5b-10c0.zip/node_modules/@rspress/core/dist/theme/components/NavScreen/NavScreenLangs.js
  ../../.yarn/berry/cache/@rspress-core-npm-2.0.3-c87d0adf5b-10c0.zip/node_modules/@rspress/core/dist/theme/components/NavScreen/NavScreenMenuItem.js ×

File: ../../.yarn/berry/cache/@rspress-core-npm-2.0.3-c87d0adf5b-10c0.zip/node_modules/@rspress/core/dist/theme/components/NavScreen/NavScreenMenuItem.js:4:1-25
  × Module not found: Can't resolve 'clsx' in '/home/dev/.yarn/berry/cache/@rspress-core-npm-2.0.3-c87d0adf5b-10c0.zip/node_modules/@rspress/core/dist/theme/components/NavScreen'
   ╭─[4:0]
 2 │ import { matchNavbar, useLocation } from "@rspress/core/runtime";
 3 │ import { IconArrowDown, Link, SvgWrapper, Tag } from "@theme";
 4 │ import clsx from "clsx";
   · ────────────────────────
 5 │ import { useMemo, useState } from "react";
 6 │ import "./NavScreenMenuItem.css";
   ╰────
Import traces (entry → error):
  ../../.yarn/berry/cache/@rspress-core-npm-2.0.3-c87d0adf5b-10c0.zip/node_modules/@rspress/core/dist/theme/index.js
  ../../.yarn/berry/cache/@rspress-core-npm-2.0.3-c87d0adf5b-10c0.zip/node_modules/@rspress/core/dist/theme/components/NavHamburger/index.js
  ../../.yarn/berry/cache/@rspress-core-npm-2.0.3-c87d0adf5b-10c0.zip/node_modules/@rspress/core/dist/theme/components/NavScreen/NavScreenLangs.js
  ../../.yarn/berry/cache/@rspress-core-npm-2.0.3-c87d0adf5b-10c0.zip/node_modules/@rspress/core/dist/theme/components/NavScreen/NavScreenMenuItem.js ×

File: ../../.yarn/berry/cache/@rspress-core-npm-2.0.3-c87d0adf5b-10c0.zip/node_modules/@rspress/core/dist/theme/components/NavScreen/NavScreenMenuItem.js:5:1-43
  × Module not found: Can't resolve 'react' in '/home/dev/.yarn/berry/cache/@rspress-core-npm-2.0.3-c87d0adf5b-10c0.zip/node_modules/@rspress/core/dist/theme/components/NavScreen'
   ╭─[5:0]
 3 │ import { IconArrowDown, Link, SvgWrapper, Tag } from "@theme";
 4 │ import clsx from "clsx";
 5 │ import { useMemo, useState } from "react";
   · ──────────────────────────────────────────
 6 │ import "./NavScreenMenuItem.css";
 7 │ const SvgDown = (props)=>/*#__PURE__*/ jsx(SvgWrapper, {
   ╰────
Import traces (entry → error):
  ../../.yarn/berry/cache/@rspress-core-npm-2.0.3-c87d0adf5b-10c0.zip/node_modules/@rspress/core/dist/theme/index.js
  ../../.yarn/berry/cache/@rspress-core-npm-2.0.3-c87d0adf5b-10c0.zip/node_modules/@rspress/core/dist/theme/components/NavHamburger/index.js
  ../../.yarn/berry/cache/@rspress-core-npm-2.0.3-c87d0adf5b-10c0.zip/node_modules/@rspress/core/dist/theme/components/NavScreen/NavScreenLangs.js
  ../../.yarn/berry/cache/@rspress-core-npm-2.0.3-c87d0adf5b-10c0.zip/node_modules/@rspress/core/dist/theme/components/NavScreen/NavScreenMenuItem.js ×

File: ../../.yarn/berry/cache/@rspress-core-npm-2.0.3-c87d0adf5b-10c0.zip/node_modules/@rspress/core/dist/theme/components/NavScreen/NavScreenMenuItem.js:45:26-37
  × ESModulesLinkingError: export 'useLocation' (imported as 'useLocation') was not found in '@rspress/core/runtime' (possible exports: Content, NoSSR, PageContext, ThemeContext, addLeadingSlash, addTrailingSlash, cleanUrlByConfig, getSidebarDataGroup, isActive, isEqualPath, isProduction, normalizeHrefInRuntime, normalizeImagePath, pathnameToRouteService, preloadLink, removeBase, removeTrailingSlash, routePathToMdPath, useActiveMatcher, useDark, useFrontmatter, useI18n, useLang, useLocaleSiteData, useNav, usePage, usePageData, useSidebar, useSidebarDynamic, useSite, useVersion, useWindowSize, withBase)
    ╭─[45:25]
 43 │ function NavScreenMenuItemWithLink(param) {
 44 │     let { menuItem } = param;
 45 │     const { pathname } = useLocation();
    ·                          ───────────
 46 │     const isActive = useMemo(()=>matchNavbar(menuItem, pathname), [
 47 │         menuItem,
    ╰────
Import traces (entry → error):
  ../../.yarn/berry/cache/@rspress-core-npm-2.0.3-c87d0adf5b-10c0.zip/node_modules/@rspress/core/dist/theme/index.js
  ../../.yarn/berry/cache/@rspress-core-npm-2.0.3-c87d0adf5b-10c0.zip/node_modules/@rspress/core/dist/theme/components/NavHamburger/index.js
  ../../.yarn/berry/cache/@rspress-core-npm-2.0.3-c87d0adf5b-10c0.zip/node_modules/@rspress/core/dist/theme/components/NavScreen/NavScreenLangs.js
  ../../.yarn/berry/cache/@rspress-core-npm-2.0.3-c87d0adf5b-10c0.zip/node_modules/@rspress/core/dist/theme/components/NavScreen/NavScreenMenuItem.js ×

File: ../../.yarn/berry/cache/@rspress-core-npm-2.0.3-c87d0adf5b-10c0.zip/node_modules/@rspress/core/dist/theme/components/NavScreen/NavScreenMenuItem.js:46:34-45
  × ESModulesLinkingError: export 'matchNavbar' (imported as 'matchNavbar') was not found in '@rspress/core/runtime' (possible exports: Content, NoSSR, PageContext, ThemeContext, addLeadingSlash, addTrailingSlash, cleanUrlByConfig, getSidebarDataGroup, isActive, isEqualPath, isProduction, normalizeHrefInRuntime, normalizeImagePath, pathnameToRouteService, preloadLink, removeBase, removeTrailingSlash, routePathToMdPath, useActiveMatcher, useDark, useFrontmatter, useI18n, useLang, useLocaleSiteData, useNav, usePage, usePageData, useSidebar, useSidebarDynamic, useSite, useVersion, useWindowSize, withBase)
    ╭─[46:33]
 44 │     let { menuItem } = param;
 45 │     const { pathname } = useLocation();
 46 │     const isActive = useMemo(()=>matchNavbar(menuItem, pathname), [
    ·                                  ───────────
 47 │         menuItem,
 48 │         pathname
    ╰────
Import traces (entry → error):
  ../../.yarn/berry/cache/@rspress-core-npm-2.0.3-c87d0adf5b-10c0.zip/node_modules/@rspress/core/dist/theme/index.js
  ../../.yarn/berry/cache/@rspress-core-npm-2.0.3-c87d0adf5b-10c0.zip/node_modules/@rspress/core/dist/theme/components/NavHamburger/index.js
  ../../.yarn/berry/cache/@rspress-core-npm-2.0.3-c87d0adf5b-10c0.zip/node_modules/@rspress/core/dist/theme/components/NavScreen/NavScreenLangs.js
  ../../.yarn/berry/cache/@rspress-core-npm-2.0.3-c87d0adf5b-10c0.zip/node_modules/@rspress/core/dist/theme/components/NavScreen/NavScreenMenuItem.js ×

File: ../../.yarn/berry/cache/@rspress-core-npm-2.0.3-c87d0adf5b-10c0.zip/node_modules/@rspress/core/dist/theme/components/NavScreen/NavScreenVersions.js:1:1-57
  × Module not found: Can't resolve 'react/jsx-runtime' in '/home/dev/.yarn/berry/cache/@rspress-core-npm-2.0.3-c87d0adf5b-10c0.zip/node_modules/@rspress/core/dist/theme/components/NavScreen'
   ╭─[1:0]
 1 │ import { Fragment, jsx, jsxs } from "react/jsx-runtime";
   · ────────────────────────────────────────────────────────
 2 │ import { useState } from "react";
 3 │ import { useVersionsMenu } from "../Nav/hooks.js";
   ╰────
Import traces (entry → error):
  ../../.yarn/berry/cache/@rspress-core-npm-2.0.3-c87d0adf5b-10c0.zip/node_modules/@rspress/core/dist/theme/index.js
  ../../.yarn/berry/cache/@rspress-core-npm-2.0.3-c87d0adf5b-10c0.zip/node_modules/@rspress/core/dist/theme/components/NavHamburger/index.js
  ../../.yarn/berry/cache/@rspress-core-npm-2.0.3-c87d0adf5b-10c0.zip/node_modules/@rspress/core/dist/theme/components/NavScreen/index.js
  ../../.yarn/berry/cache/@rspress-core-npm-2.0.3-c87d0adf5b-10c0.zip/node_modules/@rspress/core/dist/theme/components/NavScreen/NavScreenVersions.js ×

File: ../../.yarn/berry/cache/@rspress-core-npm-2.0.3-c87d0adf5b-10c0.zip/node_modules/@rspress/core/dist/theme/components/NavScreen/NavScreenVersions.js:2:1-34
  × Module not found: Can't resolve 'react' in '/home/dev/.yarn/berry/cache/@rspress-core-npm-2.0.3-c87d0adf5b-10c0.zip/node_modules/@rspress/core/dist/theme/components/NavScreen'
   ╭─[2:0]
 1 │ import { Fragment, jsx, jsxs } from "react/jsx-runtime";
 2 │ import { useState } from "react";
   · ─────────────────────────────────
 3 │ import { useVersionsMenu } from "../Nav/hooks.js";
 4 │ import "./NavScreenVersions.css";
   ╰────
Import traces (entry → error):
  ../../.yarn/berry/cache/@rspress-core-npm-2.0.3-c87d0adf5b-10c0.zip/node_modules/@rspress/core/dist/theme/index.js
  ../../.yarn/berry/cache/@rspress-core-npm-2.0.3-c87d0adf5b-10c0.zip/node_modules/@rspress/core/dist/theme/components/NavHamburger/index.js
  ../../.yarn/berry/cache/@rspress-core-npm-2.0.3-c87d0adf5b-10c0.zip/node_modules/@rspress/core/dist/theme/components/NavScreen/index.js
  ../../.yarn/berry/cache/@rspress-core-npm-2.0.3-c87d0adf5b-10c0.zip/node_modules/@rspress/core/dist/theme/components/NavScreen/NavScreenVersions.js ×

File: ../../.yarn/berry/cache/@rspress-core-npm-2.0.3-c87d0adf5b-10c0.zip/node_modules/@rspress/core/dist/theme/components/NavScreen/NavScreenVersions.js:7:1-25
  × Module not found: Can't resolve 'clsx' in '/home/dev/.yarn/berry/cache/@rspress-core-npm-2.0.3-c87d0adf5b-10c0.zip/node_modules/@rspress/core/dist/theme/components/NavScreen'
   ╭─[7:0]
 5 │ import { useI18n } from "@rspress/core/runtime";
 6 │ import { Link } from "@theme";
 7 │ import clsx from "clsx";
   · ────────────────────────
 8 │ import { SvgDown } from "./NavScreenMenuItem.js";
 9 │ function NavScreenVersions() {
   ╰────
Import traces (entry → error):
  ../../.yarn/berry/cache/@rspress-core-npm-2.0.3-c87d0adf5b-10c0.zip/node_modules/@rspress/core/dist/theme/index.js
  ../../.yarn/berry/cache/@rspress-core-npm-2.0.3-c87d0adf5b-10c0.zip/node_modules/@rspress/core/dist/theme/components/NavHamburger/index.js
  ../../.yarn/berry/cache/@rspress-core-npm-2.0.3-c87d0adf5b-10c0.zip/node_modules/@rspress/core/dist/theme/components/NavScreen/index.js
  ../../.yarn/berry/cache/@rspress-core-npm-2.0.3-c87d0adf5b-10c0.zip/node_modules/@rspress/core/dist/theme/components/NavScreen/NavScreenVersions.js ×

File: ../../.yarn/berry/cache/@rspress-core-npm-2.0.3-c87d0adf5b-10c0.zip/node_modules/@rspress/core/dist/theme/components/NavScreen/index.js:1:1-47
  × Module not found: Can't resolve 'react/jsx-runtime' in '/home/dev/.yarn/berry/cache/@rspress-core-npm-2.0.3-c87d0adf5b-10c0.zip/node_modules/@rspress/core/dist/theme/components/NavScreen'
   ╭─[1:0]
 1 │ import { jsx, jsxs } from "react/jsx-runtime";
   · ──────────────────────────────────────────────
 2 │ import { useNav } from "@rspress/core/runtime";
 3 │ import { SocialLinks } from "@theme";
   ╰────
Import traces (entry → error):
  ../../.yarn/berry/cache/@rspress-core-npm-2.0.3-c87d0adf5b-10c0.zip/node_modules/@rspress/core/dist/theme/index.js
  ../../.yarn/berry/cache/@rspress-core-npm-2.0.3-c87d0adf5b-10c0.zip/node_modules/@rspress/core/dist/theme/components/NavHamburger/index.js
  ../../.yarn/berry/cache/@rspress-core-npm-2.0.3-c87d0adf5b-10c0.zip/node_modules/@rspress/core/dist/theme/components/NavScreen/index.js ×

File: ../../.yarn/berry/cache/@rspress-core-npm-2.0.3-c87d0adf5b-10c0.zip/node_modules/@rspress/core/dist/theme/components/NavScreen/index.js:4:1-79
  × Module not found: Can't resolve 'body-scroll-lock' in '/home/dev/.yarn/berry/cache/@rspress-core-npm-2.0.3-c87d0adf5b-10c0.zip/node_modules/@rspress/core/dist/theme/components/NavScreen'
   ╭─[4:0]
 2 │ import { useNav } from "@rspress/core/runtime";
 3 │ import { SocialLinks } from "@theme";
 4 │ import { clearAllBodyScrollLocks, disableBodyScroll } from "body-scroll-lock";
   · ──────────────────────────────────────────────────────────────────────────────
 5 │ import clsx from "clsx";
 6 │ import { useEffect, useRef } from "react";
   ╰────
Import traces (entry → error):
  ../../.yarn/berry/cache/@rspress-core-npm-2.0.3-c87d0adf5b-10c0.zip/node_modules/@rspress/core/dist/theme/index.js
  ../../.yarn/berry/cache/@rspress-core-npm-2.0.3-c87d0adf5b-10c0.zip/node_modules/@rspress/core/dist/theme/components/NavHamburger/index.js
  ../../.yarn/berry/cache/@rspress-core-npm-2.0.3-c87d0adf5b-10c0.zip/node_modules/@rspress/core/dist/theme/components/NavScreen/index.js ×

File: ../../.yarn/berry/cache/@rspress-core-npm-2.0.3-c87d0adf5b-10c0.zip/node_modules/@rspress/core/dist/theme/components/NavScreen/index.js:5:1-25
  × Module not found: Can't resolve 'clsx' in '/home/dev/.yarn/berry/cache/@rspress-core-npm-2.0.3-c87d0adf5b-10c0.zip/node_modules/@rspress/core/dist/theme/components/NavScreen'
   ╭─[5:0]
 3 │ import { SocialLinks } from "@theme";
 4 │ import { clearAllBodyScrollLocks, disableBodyScroll } from "body-scroll-lock";
 5 │ import clsx from "clsx";
   · ────────────────────────
 6 │ import { useEffect, useRef } from "react";
 7 │ import "./index.css";
   ╰────
Import traces (entry → error):
  ../../.yarn/berry/cache/@rspress-core-npm-2.0.3-c87d0adf5b-10c0.zip/node_modules/@rspress/core/dist/theme/index.js
  ../../.yarn/berry/cache/@rspress-core-npm-2.0.3-c87d0adf5b-10c0.zip/node_modules/@rspress/core/dist/theme/components/NavHamburger/index.js
  ../../.yarn/berry/cache/@rspress-core-npm-2.0.3-c87d0adf5b-10c0.zip/node_modules/@rspress/core/dist/theme/components/NavScreen/index.js ×

File: ../../.yarn/berry/cache/@rspress-core-npm-2.0.3-c87d0adf5b-10c0.zip/node_modules/@rspress/core/dist/theme/components/NavScreen/index.js:6:1-43
  × Module not found: Can't resolve 'react' in '/home/dev/.yarn/berry/cache/@rspress-core-npm-2.0.3-c87d0adf5b-10c0.zip/node_modules/@rspress/core/dist/theme/components/NavScreen'
   ╭─[6:0]
 4 │ import { clearAllBodyScrollLocks, disableBodyScroll } from "body-scroll-lock";
 5 │ import clsx from "clsx";
 6 │ import { useEffect, useRef } from "react";
   · ──────────────────────────────────────────
 7 │ import "./index.css";
 8 │ import { NavScreenAppearance } from "./NavScreenAppearance.js";
   ╰────
Import traces (entry → error):
  ../../.yarn/berry/cache/@rspress-core-npm-2.0.3-c87d0adf5b-10c0.zip/node_modules/@rspress/core/dist/theme/index.js
  ../../.yarn/berry/cache/@rspress-core-npm-2.0.3-c87d0adf5b-10c0.zip/node_modules/@rspress/core/dist/theme/components/NavHamburger/index.js
  ../../.yarn/berry/cache/@rspress-core-npm-2.0.3-c87d0adf5b-10c0.zip/node_modules/@rspress/core/dist/theme/components/NavScreen/index.js ×

File: ../../.yarn/berry/cache/@rspress-core-npm-2.0.3-c87d0adf5b-10c0.zip/node_modules/@rspress/core/dist/theme/components/NavTitle/index.js:1:1-57
  × Module not found: Can't resolve 'react/jsx-runtime' in '/home/dev/.yarn/berry/cache/@rspress-core-npm-2.0.3-c87d0adf5b-10c0.zip/node_modules/@rspress/core/dist/theme/components/NavTitle'
   ╭─[1:0]
 1 │ import { Fragment, jsx, jsxs } from "react/jsx-runtime";
   · ────────────────────────────────────────────────────────
 2 │ import { addLeadingSlash, addTrailingSlash, normalizeImagePath, useLang, useSite } from "@rspress/core/runtime";
 3 │ import { Link } from "@theme";
   ╰────
Import traces (entry → error):
  ../../.yarn/berry/cache/@rspress-core-npm-2.0.3-c87d0adf5b-10c0.zip/node_modules/@rspress/core/dist/theme/index.js
  ../../.yarn/berry/cache/@rspress-core-npm-2.0.3-c87d0adf5b-10c0.zip/node_modules/@rspress/core/dist/theme/components/NavTitle/index.js ×

File: ../../.yarn/berry/cache/@rspress-core-npm-2.0.3-c87d0adf5b-10c0.zip/node_modules/@rspress/core/dist/theme/components/NavTitle/index.js:4:1-33
  × Module not found: Can't resolve 'react' in '/home/dev/.yarn/berry/cache/@rspress-core-npm-2.0.3-c87d0adf5b-10c0.zip/node_modules/@rspress/core/dist/theme/components/NavTitle'
   ╭─[4:0]
 2 │ import { addLeadingSlash, addTrailingSlash, normalizeImagePath, useLang, useSite } from "@rspress/core/runtime";
 3 │ import { Link } from "@theme";
 4 │ import { useMemo } from "react";
   · ────────────────────────────────
 5 │ import "./index.css";
 6 │ const NavTitle = ()=>{
   ╰────
Import traces (entry → error):
  ../../.yarn/berry/cache/@rspress-core-npm-2.0.3-c87d0adf5b-10c0.zip/node_modules/@rspress/core/dist/theme/index.js
  ../../.yarn/berry/cache/@rspress-core-npm-2.0.3-c87d0adf5b-10c0.zip/node_modules/@rspress/core/dist/theme/components/NavTitle/index.js ×

File: ../../.yarn/berry/cache/@rspress-core-npm-2.0.3-c87d0adf5b-10c0.zip/node_modules/@rspress/core/dist/theme/components/Outline/ScrollToTop.js:1:1-47
  × Module not found: Can't resolve 'react/jsx-runtime' in '/home/dev/.yarn/berry/cache/@rspress-core-npm-2.0.3-c87d0adf5b-10c0.zip/node_modules/@rspress/core/dist/theme/components/Outline'
   ╭─[1:0]
 1 │ import { jsx, jsxs } from "react/jsx-runtime";
   · ──────────────────────────────────────────────
 2 │ import { useI18n } from "@rspress/core/runtime";
 3 │ import "./ScrollToTop.css";
   ╰────
Import traces (entry → error):
  ../../.yarn/berry/cache/@rspress-core-npm-2.0.3-c87d0adf5b-10c0.zip/node_modules/@rspress/core/dist/theme/index.js
  ../../.yarn/berry/cache/@rspress-core-npm-2.0.3-c87d0adf5b-10c0.zip/node_modules/@rspress/core/dist/theme/components/Outline/index.js
  ../../.yarn/berry/cache/@rspress-core-npm-2.0.3-c87d0adf5b-10c0.zip/node_modules/@rspress/core/dist/theme/components/Outline/ScrollToTop.js ×

File: ../../.yarn/berry/cache/@rspress-core-npm-2.0.3-c87d0adf5b-10c0.zip/node_modules/@rspress/core/dist/theme/components/Outline/index.js:1:1-57
  × Module not found: Can't resolve 'react/jsx-runtime' in '/home/dev/.yarn/berry/cache/@rspress-core-npm-2.0.3-c87d0adf5b-10c0.zip/node_modules/@rspress/core/dist/theme/components/Outline'
   ╭─[1:0]
 1 │ import { Fragment, jsx, jsxs } from "react/jsx-runtime";
   · ────────────────────────────────────────────────────────
 2 │ import { useI18n, useSite } from "@rspress/core/runtime";
 3 │ import { ReadPercent, Toc, useDynamicToc } from "@theme";
   ╰────
Import traces (entry → error):
  ../../.yarn/berry/cache/@rspress-core-npm-2.0.3-c87d0adf5b-10c0.zip/node_modules/@rspress/core/dist/theme/index.js
  ../../.yarn/berry/cache/@rspress-core-npm-2.0.3-c87d0adf5b-10c0.zip/node_modules/@rspress/core/dist/theme/components/Outline/index.js ×

File: ../../.yarn/berry/cache/@rspress-core-npm-2.0.3-c87d0adf5b-10c0.zip/node_modules/@rspress/core/dist/theme/components/Overview/index.js:1:1-57
  × Module not found: Can't resolve 'react/jsx-runtime' in '/home/dev/.yarn/berry/cache/@rspress-core-npm-2.0.3-c87d0adf5b-10c0.zip/node_modules/@rspress/core/dist/theme/components/Overview'
   ╭─[1:0]
 1 │ import { Fragment, jsx, jsxs } from "react/jsx-runtime";
   · ────────────────────────────────────────────────────────
 2 │ import { isEqualPath, useI18n, usePageData, useSidebar } from "@rspress/core/runtime";
 3 │ import { FallbackHeading, OverviewGroup } from "@theme";
   ╰────
Import traces (entry → error):
  ../../.yarn/berry/cache/@rspress-core-npm-2.0.3-c87d0adf5b-10c0.zip/node_modules/@rspress/core/dist/theme/index.js
  ../../.yarn/berry/cache/@rspress-core-npm-2.0.3-c87d0adf5b-10c0.zip/node_modules/@rspress/core/dist/theme/components/Overview/index.js ×

File: ../../.yarn/berry/cache/@rspress-core-npm-2.0.3-c87d0adf5b-10c0.zip/node_modules/@rspress/core/dist/theme/components/Overview/index.js:4:1-62
  × Module not found: Can't resolve 'react' in '/home/dev/.yarn/berry/cache/@rspress-core-npm-2.0.3-c87d0adf5b-10c0.zip/node_modules/@rspress/core/dist/theme/components/Overview'
   ╭─[4:0]
 2 │ import { isEqualPath, useI18n, usePageData, useSidebar } from "@rspress/core/runtime";
 3 │ import { FallbackHeading, OverviewGroup } from "@theme";
 4 │ import { useEffect, useMemo, useRef, useState } from "react";
   · ─────────────────────────────────────────────────────────────
 5 │ import { isSidebarDivider, isSidebarSectionHeader, isSidebarSingleFile } from "../Sidebar/utils.js";
 6 │ import "./index.css";
   ╰────
Import traces (entry → error):
  ../../.yarn/berry/cache/@rspress-core-npm-2.0.3-c87d0adf5b-10c0.zip/node_modules/@rspress/core/dist/theme/index.js
  ../../.yarn/berry/cache/@rspress-core-npm-2.0.3-c87d0adf5b-10c0.zip/node_modules/@rspress/core/dist/theme/components/Overview/index.js ×

File: ../../.yarn/berry/cache/@rspress-core-npm-2.0.3-c87d0adf5b-10c0.zip/node_modules/@rspress/core/dist/theme/components/Overview/utils.js:4:12-25
  × ESModulesLinkingError: export 'normalizeHref' (imported as 'normalizeHref') was not found in '@rspress/core/runtime' (possible exports: Content, NoSSR, PageContext, ThemeContext, addLeadingSlash, addTrailingSlash, cleanUrlByConfig, getSidebarDataGroup, isActive, isEqualPath, isProduction, normalizeHrefInRuntime, normalizeImagePath, pathnameToRouteService, preloadLink, removeBase, removeTrailingSlash, routePathToMdPath, useActiveMatcher, useDark, useFrontmatter, useI18n, useLang, useLocaleSiteData, useNav, usePage, usePageData, useSidebar, useSidebarDynamic, useSite, useVersion, useWindowSize, withBase)
   ╭─[4:11]
 2 │ import { isSidebarDivider, isSidebarSectionHeader } from "../Sidebar/utils.js";
 3 │ function removeIndex(link) {
 4 │     return normalizeHref(link, true);
   ·            ─────────────
 5 │ }
 6 │ function findItemByRoutePath(items, routePath) {
   ╰────
Import traces (entry → error):
  ../../.yarn/berry/cache/@rspress-core-npm-2.0.3-c87d0adf5b-10c0.zip/node_modules/@rspress/core/dist/theme/index.js
  ../../.yarn/berry/cache/@rspress-core-npm-2.0.3-c87d0adf5b-10c0.zip/node_modules/@rspress/core/dist/theme/components/Overview/index.js
  ../../.yarn/berry/cache/@rspress-core-npm-2.0.3-c87d0adf5b-10c0.zip/node_modules/@rspress/core/dist/theme/components/Overview/utils.js ×

File: ../../.yarn/berry/cache/@rspress-core-npm-2.0.3-c87d0adf5b-10c0.zip/node_modules/@rspress/core/dist/theme/components/OverviewGroup/icons/plugin.js:1:1-41
  × Module not found: Can't resolve 'react/jsx-runtime' in '/home/dev/.yarn/berry/cache/@rspress-core-npm-2.0.3-c87d0adf5b-10c0.zip/node_modules/@rspress/core/dist/theme/components/OverviewGroup/icons'
   ╭─[1:0]
 1 │ import { jsx } from "react/jsx-runtime";
   · ────────────────────────────────────────
 2 │ import "react";
 3 │ const SvgPlugin = (props)=>/*#__PURE__*/ jsx("svg", {
   ╰────
Import traces (entry → error):
  ../../.yarn/berry/cache/@rspress-core-npm-2.0.3-c87d0adf5b-10c0.zip/node_modules/@rspress/core/dist/theme/index.js
  ../../.yarn/berry/cache/@rspress-core-npm-2.0.3-c87d0adf5b-10c0.zip/node_modules/@rspress/core/dist/theme/components/OverviewGroup/index.js
  ../../.yarn/berry/cache/@rspress-core-npm-2.0.3-c87d0adf5b-10c0.zip/node_modules/@rspress/core/dist/theme/components/OverviewGroup/icons/plugin.js ×

File: ../../.yarn/berry/cache/@rspress-core-npm-2.0.3-c87d0adf5b-10c0.zip/node_modules/@rspress/core/dist/theme/components/OverviewGroup/icons/plugin.js:2:1-16
  × Module not found: Can't resolve 'react' in '/home/dev/.yarn/berry/cache/@rspress-core-npm-2.0.3-c87d0adf5b-10c0.zip/node_modules/@rspress/core/dist/theme/components/OverviewGroup/icons'
   ╭─[2:0]
 1 │ import { jsx } from "react/jsx-runtime";
 2 │ import "react";
   · ───────────────
 3 │ const SvgPlugin = (props)=>/*#__PURE__*/ jsx("svg", {
 4 │         xmlns: "http://www.w3.org/2000/svg",
   ╰────
Import traces (entry → error):
  ../../.yarn/berry/cache/@rspress-core-npm-2.0.3-c87d0adf5b-10c0.zip/node_modules/@rspress/core/dist/theme/index.js
  ../../.yarn/berry/cache/@rspress-core-npm-2.0.3-c87d0adf5b-10c0.zip/node_modules/@rspress/core/dist/theme/components/OverviewGroup/index.js
  ../../.yarn/berry/cache/@rspress-core-npm-2.0.3-c87d0adf5b-10c0.zip/node_modules/@rspress/core/dist/theme/components/OverviewGroup/icons/plugin.js ×

File: ../../.yarn/berry/cache/@rspress-core-npm-2.0.3-c87d0adf5b-10c0.zip/node_modules/@rspress/core/dist/theme/components/OverviewGroup/index.js:1:1-57
  × Module not found: Can't resolve 'react/jsx-runtime' in '/home/dev/.yarn/berry/cache/@rspress-core-npm-2.0.3-c87d0adf5b-10c0.zip/node_modules/@rspress/core/dist/theme/components/OverviewGroup'
   ╭─[1:0]
 1 │ import { Fragment, jsx, jsxs } from "react/jsx-runtime";
   · ────────────────────────────────────────────────────────
 2 │ import { FallbackHeading, Link, SvgWrapper, renderInlineMarkdown } from "@theme";
 3 │ import "./index.css";
   ╰────
Import traces (entry → error):
  ../../.yarn/berry/cache/@rspress-core-npm-2.0.3-c87d0adf5b-10c0.zip/node_modules/@rspress/core/dist/theme/index.js
  ../../.yarn/berry/cache/@rspress-core-npm-2.0.3-c87d0adf5b-10c0.zip/node_modules/@rspress/core/dist/theme/components/OverviewGroup/index.js ×

File: ../../.yarn/berry/cache/@rspress-core-npm-2.0.3-c87d0adf5b-10c0.zip/node_modules/@rspress/core/dist/theme/components/OverviewGroup/index.js:5:1-33
  × Module not found: Can't resolve 'react' in '/home/dev/.yarn/berry/cache/@rspress-core-npm-2.0.3-c87d0adf5b-10c0.zip/node_modules/@rspress/core/dist/theme/components/OverviewGroup'
   ╭─[5:0]
 3 │ import "./index.css";
 4 │ import { routePathToMdPath } from "@rspress/core/runtime";
 5 │ import { useMemo } from "react";
   · ────────────────────────────────
 6 │ import icons_plugin from "./icons/plugin.js";
 7 │ function OverviewGroupMarkdown(param) {
   ╰────
Import traces (entry → error):
  ../../.yarn/berry/cache/@rspress-core-npm-2.0.3-c87d0adf5b-10c0.zip/node_modules/@rspress/core/dist/theme/index.js
  ../../.yarn/berry/cache/@rspress-core-npm-2.0.3-c87d0adf5b-10c0.zip/node_modules/@rspress/core/dist/theme/components/OverviewGroup/index.js ×

File: ../../.yarn/berry/cache/@rspress-core-npm-2.0.3-c87d0adf5b-10c0.zip/node_modules/@rspress/core/dist/theme/components/PackageManagerTabs/icons/Bun.js:1:1-47
  × Module not found: Can't resolve 'react/jsx-runtime' in '/home/dev/.yarn/berry/cache/@rspress-core-npm-2.0.3-c87d0adf5b-10c0.zip/node_modules/@rspress/core/dist/theme/components/PackageManagerTabs/icons'
   ╭─[1:0]
 1 │ import { jsx, jsxs } from "react/jsx-runtime";
   · ──────────────────────────────────────────────
 2 │ function Bun(props) {
 3 │     return /*#__PURE__*/ jsxs("svg", {
   ╰────
Import traces (entry → error):
  ../../.yarn/berry/cache/@rspress-core-npm-2.0.3-c87d0adf5b-10c0.zip/node_modules/@rspress/core/dist/theme/index.js
  ../../.yarn/berry/cache/@rspress-core-npm-2.0.3-c87d0adf5b-10c0.zip/node_modules/@rspress/core/dist/theme/components/PackageManagerTabs/index.js
  ../../.yarn/berry/cache/@rspress-core-npm-2.0.3-c87d0adf5b-10c0.zip/node_modules/@rspress/core/dist/theme/components/PackageManagerTabs/icons/Bun.js ×

File: ../../.yarn/berry/cache/@rspress-core-npm-2.0.3-c87d0adf5b-10c0.zip/node_modules/@rspress/core/dist/theme/components/PackageManagerTabs/icons/Deno.js:1:1-41
  × Module not found: Can't resolve 'react/jsx-runtime' in '/home/dev/.yarn/berry/cache/@rspress-core-npm-2.0.3-c87d0adf5b-10c0.zip/node_modules/@rspress/core/dist/theme/components/PackageManagerTabs/icons'
   ╭─[1:0]
 1 │ import { jsx } from "react/jsx-runtime";
   · ────────────────────────────────────────
 2 │ function Deno(props) {
 3 │     return /*#__PURE__*/ jsx("svg", {
   ╰────
Import traces (entry → error):
  ../../.yarn/berry/cache/@rspress-core-npm-2.0.3-c87d0adf5b-10c0.zip/node_modules/@rspress/core/dist/theme/index.js
  ../../.yarn/berry/cache/@rspress-core-npm-2.0.3-c87d0adf5b-10c0.zip/node_modules/@rspress/core/dist/theme/components/PackageManagerTabs/index.js
  ../../.yarn/berry/cache/@rspress-core-npm-2.0.3-c87d0adf5b-10c0.zip/node_modules/@rspress/core/dist/theme/components/PackageManagerTabs/icons/Deno.js ×

File: ../../.yarn/berry/cache/@rspress-core-npm-2.0.3-c87d0adf5b-10c0.zip/node_modules/@rspress/core/dist/theme/components/PackageManagerTabs/icons/Npm.js:1:1-47
  × Module not found: Can't resolve 'react/jsx-runtime' in '/home/dev/.yarn/berry/cache/@rspress-core-npm-2.0.3-c87d0adf5b-10c0.zip/node_modules/@rspress/core/dist/theme/components/PackageManagerTabs/icons'
   ╭─[1:0]
 1 │ import { jsx, jsxs } from "react/jsx-runtime";
   · ──────────────────────────────────────────────
 2 │ function Npm(props) {
 3 │     return /*#__PURE__*/ jsxs("svg", {
   ╰────
Import traces (entry → error):
  ../../.yarn/berry/cache/@rspress-core-npm-2.0.3-c87d0adf5b-10c0.zip/node_modules/@rspress/core/dist/theme/index.js
  ../../.yarn/berry/cache/@rspress-core-npm-2.0.3-c87d0adf5b-10c0.zip/node_modules/@rspress/core/dist/theme/components/PackageManagerTabs/index.js
  ../../.yarn/berry/cache/@rspress-core-npm-2.0.3-c87d0adf5b-10c0.zip/node_modules/@rspress/core/dist/theme/components/PackageManagerTabs/icons/Npm.js ×

File: ../../.yarn/berry/cache/@rspress-core-npm-2.0.3-c87d0adf5b-10c0.zip/node_modules/@rspress/core/dist/theme/components/PackageManagerTabs/icons/Pnpm.js:1:1-47
  × Module not found: Can't resolve 'react/jsx-runtime' in '/home/dev/.yarn/berry/cache/@rspress-core-npm-2.0.3-c87d0adf5b-10c0.zip/node_modules/@rspress/core/dist/theme/components/PackageManagerTabs/icons'
   ╭─[1:0]
 1 │ import { jsx, jsxs } from "react/jsx-runtime";
   · ──────────────────────────────────────────────
 2 │ function Pnpm(props) {
 3 │     return /*#__PURE__*/ jsxs("svg", {
   ╰────
Import traces (entry → error):
  ../../.yarn/berry/cache/@rspress-core-npm-2.0.3-c87d0adf5b-10c0.zip/node_modules/@rspress/core/dist/theme/index.js
  ../../.yarn/berry/cache/@rspress-core-npm-2.0.3-c87d0adf5b-10c0.zip/node_modules/@rspress/core/dist/theme/components/PackageManagerTabs/index.js
  ../../.yarn/berry/cache/@rspress-core-npm-2.0.3-c87d0adf5b-10c0.zip/node_modules/@rspress/core/dist/theme/components/PackageManagerTabs/icons/Pnpm.js ×

File: ../../.yarn/berry/cache/@rspress-core-npm-2.0.3-c87d0adf5b-10c0.zip/node_modules/@rspress/core/dist/theme/components/PackageManagerTabs/icons/Yarn.js:1:1-47
  × Module not found: Can't resolve 'react/jsx-runtime' in '/home/dev/.yarn/berry/cache/@rspress-core-npm-2.0.3-c87d0adf5b-10c0.zip/node_modules/@rspress/core/dist/theme/components/PackageManagerTabs/icons'
   ╭─[1:0]
 1 │ import { jsx, jsxs } from "react/jsx-runtime";
   · ──────────────────────────────────────────────
 2 │ function Yarn(props) {
 3 │     return /*#__PURE__*/ jsx("svg", {
   ╰────
Import traces (entry → error):
  ../../.yarn/berry/cache/@rspress-core-npm-2.0.3-c87d0adf5b-10c0.zip/node_modules/@rspress/core/dist/theme/index.js
  ../../.yarn/berry/cache/@rspress-core-npm-2.0.3-c87d0adf5b-10c0.zip/node_modules/@rspress/core/dist/theme/components/PackageManagerTabs/index.js
  ../../.yarn/berry/cache/@rspress-core-npm-2.0.3-c87d0adf5b-10c0.zip/node_modules/@rspress/core/dist/theme/components/PackageManagerTabs/icons/Yarn.js ×

File: ../../.yarn/berry/cache/@rspress-core-npm-2.0.3-c87d0adf5b-10c0.zip/node_modules/@rspress/core/dist/theme/components/PackageManagerTabs/index.js:1:1-47
  × Module not found: Can't resolve 'react/jsx-runtime' in '/home/dev/.yarn/berry/cache/@rspress-core-npm-2.0.3-c87d0adf5b-10c0.zip/node_modules/@rspress/core/dist/theme/components/PackageManagerTabs'
   ╭─[1:0]
 1 │ import { jsx, jsxs } from "react/jsx-runtime";
   · ──────────────────────────────────────────────
 2 │ import { Tab, Tabs, getCustomMDXComponent } from "@theme";
 3 │ import { useMemo } from "react";
   ╰────
Import traces (entry → error):
  ../../.yarn/berry/cache/@rspress-core-npm-2.0.3-c87d0adf5b-10c0.zip/node_modules/@rspress/core/dist/theme/index.js
  ../../.yarn/berry/cache/@rspress-core-npm-2.0.3-c87d0adf5b-10c0.zip/node_modules/@rspress/core/dist/theme/components/PackageManagerTabs/index.js ×

File: ../../.yarn/berry/cache/@rspress-core-npm-2.0.3-c87d0adf5b-10c0.zip/node_modules/@rspress/core/dist/theme/components/PackageManagerTabs/index.js:3:1-33
  × Module not found: Can't resolve 'react' in '/home/dev/.yarn/berry/cache/@rspress-core-npm-2.0.3-c87d0adf5b-10c0.zip/node_modules/@rspress/core/dist/theme/components/PackageManagerTabs'
   ╭─[3:0]
 1 │ import { jsx, jsxs } from "react/jsx-runtime";
 2 │ import { Tab, Tabs, getCustomMDXComponent } from "@theme";
 3 │ import { useMemo } from "react";
   · ────────────────────────────────
 4 │ import { Bun } from "./icons/Bun.js";
 5 │ import { Deno } from "./icons/Deno.js";
   ╰────
Import traces (entry → error):
  ../../.yarn/berry/cache/@rspress-core-npm-2.0.3-c87d0adf5b-10c0.zip/node_modules/@rspress/core/dist/theme/index.js
  ../../.yarn/berry/cache/@rspress-core-npm-2.0.3-c87d0adf5b-10c0.zip/node_modules/@rspress/core/dist/theme/components/PackageManagerTabs/index.js ×

File: ../../.yarn/berry/cache/@rspress-core-npm-2.0.3-c87d0adf5b-10c0.zip/node_modules/@rspress/core/dist/theme/components/PageTabs/index.js:1:1-57
  × Module not found: Can't resolve 'react/jsx-runtime' in '/home/dev/.yarn/berry/cache/@rspress-core-npm-2.0.3-c87d0adf5b-10c0.zip/node_modules/@rspress/core/dist/theme/components/PageTabs'
   ╭─[1:0]
 1 │ import { Fragment, jsx, jsxs } from "react/jsx-runtime";
   · ────────────────────────────────────────────────────────
 2 │ import { useSearchParams } from "@rspress/core/runtime";
 3 │ import clsx from "clsx";
   ╰────
Import traces (entry → error):
  ../../.yarn/berry/cache/@rspress-core-npm-2.0.3-c87d0adf5b-10c0.zip/node_modules/@rspress/core/dist/theme/index.js
  ../../.yarn/berry/cache/@rspress-core-npm-2.0.3-c87d0adf5b-10c0.zip/node_modules/@rspress/core/dist/theme/components/PageTabs/index.js ×

File: ../../.yarn/berry/cache/@rspress-core-npm-2.0.3-c87d0adf5b-10c0.zip/node_modules/@rspress/core/dist/theme/components/PageTabs/index.js:3:1-25
  × Module not found: Can't resolve 'clsx' in '/home/dev/.yarn/berry/cache/@rspress-core-npm-2.0.3-c87d0adf5b-10c0.zip/node_modules/@rspress/core/dist/theme/components/PageTabs'
   ╭─[3:0]
 1 │ import { Fragment, jsx, jsxs } from "react/jsx-runtime";
 2 │ import { useSearchParams } from "@rspress/core/runtime";
 3 │ import clsx from "clsx";
   · ────────────────────────
 4 │ import { Children, forwardRef, isValidElement, useEffect, useMemo } from "react";
 5 │ import "./index.css";
   ╰────
Import traces (entry → error):
  ../../.yarn/berry/cache/@rspress-core-npm-2.0.3-c87d0adf5b-10c0.zip/node_modules/@rspress/core/dist/theme/index.js
  ../../.yarn/berry/cache/@rspress-core-npm-2.0.3-c87d0adf5b-10c0.zip/node_modules/@rspress/core/dist/theme/components/PageTabs/index.js ×

File: ../../.yarn/berry/cache/@rspress-core-npm-2.0.3-c87d0adf5b-10c0.zip/node_modules/@rspress/core/dist/theme/components/PageTabs/index.js:4:1-82
  × Module not found: Can't resolve 'react' in '/home/dev/.yarn/berry/cache/@rspress-core-npm-2.0.3-c87d0adf5b-10c0.zip/node_modules/@rspress/core/dist/theme/components/PageTabs'
   ╭─[4:0]
 2 │ import { useSearchParams } from "@rspress/core/runtime";
 3 │ import clsx from "clsx";
 4 │ import { Children, forwardRef, isValidElement, useEffect, useMemo } from "react";
   · ─────────────────────────────────────────────────────────────────────────────────
 5 │ import "./index.css";
 6 │ function getTabValuesFromChildren(children) {
   ╰────
Import traces (entry → error):
  ../../.yarn/berry/cache/@rspress-core-npm-2.0.3-c87d0adf5b-10c0.zip/node_modules/@rspress/core/dist/theme/index.js
  ../../.yarn/berry/cache/@rspress-core-npm-2.0.3-c87d0adf5b-10c0.zip/node_modules/@rspress/core/dist/theme/components/PageTabs/index.js ×

File: ../../.yarn/berry/cache/@rspress-core-npm-2.0.3-c87d0adf5b-10c0.zip/node_modules/@rspress/core/dist/theme/components/PageTabs/index.js:19:45-60
  × ESModulesLinkingError: export 'useSearchParams' (imported as 'useSearchParams') was not found in '@rspress/core/runtime' (possible exports: Content, NoSSR, PageContext, ThemeContext, addLeadingSlash, addTrailingSlash, cleanUrlByConfig, getSidebarDataGroup, isActive, isEqualPath, isProduction, normalizeHrefInRuntime, normalizeImagePath, pathnameToRouteService, preloadLink, removeBase, removeTrailingSlash, routePathToMdPath, useActiveMatcher, useDark, useFrontmatter, useI18n, useLang, useLocaleSiteData, useNav, usePage, usePageData, useSidebar, useSidebarDynamic, useSite, useVersion, useWindowSize, withBase)
    ╭─[19:44]
 17 │ }
 18 │ function usePageTabs(id, children) {
 19 │     const [searchParams, setSearchParams] = useSearchParams();
    ·                                             ───────────────
 20 │     const tabValues = useMemo(()=>getTabValuesFromChildren(children), [
 21 │         children
    ╰────
Import traces (entry → error):
  ../../.yarn/berry/cache/@rspress-core-npm-2.0.3-c87d0adf5b-10c0.zip/node_modules/@rspress/core/dist/theme/index.js
  ../../.yarn/berry/cache/@rspress-core-npm-2.0.3-c87d0adf5b-10c0.zip/node_modules/@rspress/core/dist/theme/components/PageTabs/index.js ×

File: ../../.yarn/berry/cache/@rspress-core-npm-2.0.3-c87d0adf5b-10c0.zip/node_modules/@rspress/core/dist/theme/components/PrevNextPage/index.js:1:1-47
  × Module not found: Can't resolve 'react/jsx-runtime' in '/home/dev/.yarn/berry/cache/@rspress-core-npm-2.0.3-c87d0adf5b-10c0.zip/node_modules/@rspress/core/dist/theme/components/PrevNextPage'
   ╭─[1:0]
 1 │ import { jsx, jsxs } from "react/jsx-runtime";
   · ──────────────────────────────────────────────
 2 │ import { useI18n } from "@rspress/core/runtime";
 3 │ import { IconArrowRight, Link, SvgWrapper, renderInlineMarkdown, usePrevNextPage } from "@theme";
   ╰────
Import traces (entry → error):
  ../../.yarn/berry/cache/@rspress-core-npm-2.0.3-c87d0adf5b-10c0.zip/node_modules/@rspress/core/dist/theme/index.js
  ../../.yarn/berry/cache/@rspress-core-npm-2.0.3-c87d0adf5b-10c0.zip/node_modules/@rspress/core/dist/theme/components/PrevNextPage/index.js ×

File: ../../.yarn/berry/cache/@rspress-core-npm-2.0.3-c87d0adf5b-10c0.zip/node_modules/@rspress/core/dist/theme/components/PrevNextPage/index.js:4:1-25
  × Module not found: Can't resolve 'clsx' in '/home/dev/.yarn/berry/cache/@rspress-core-npm-2.0.3-c87d0adf5b-10c0.zip/node_modules/@rspress/core/dist/theme/components/PrevNextPage'
   ╭─[4:0]
 2 │ import { useI18n } from "@rspress/core/runtime";
 3 │ import { IconArrowRight, Link, SvgWrapper, renderInlineMarkdown, usePrevNextPage } from "@theme";
 4 │ import clsx from "clsx";
   · ────────────────────────
 5 │ import "./index.css";
 6 │ function PrevNextPage() {
   ╰────
Import traces (entry → error):
  ../../.yarn/berry/cache/@rspress-core-npm-2.0.3-c87d0adf5b-10c0.zip/node_modules/@rspress/core/dist/theme/index.js
  ../../.yarn/berry/cache/@rspress-core-npm-2.0.3-c87d0adf5b-10c0.zip/node_modules/@rspress/core/dist/theme/components/PrevNextPage/index.js ×

File: ../../.yarn/berry/cache/@rspress-core-npm-2.0.3-c87d0adf5b-10c0.zip/node_modules/@rspress/core/dist/theme/components/ReadPercent/ProgressCircle.js:1:1-47
  × Module not found: Can't resolve 'react/jsx-runtime' in '/home/dev/.yarn/berry/cache/@rspress-core-npm-2.0.3-c87d0adf5b-10c0.zip/node_modules/@rspress/core/dist/theme/components/ReadPercent'
   ╭─[1:0]
 1 │ import { jsx, jsxs } from "react/jsx-runtime";
   · ──────────────────────────────────────────────
 2 │ import clsx from "clsx";
 3 │ import "./index.css";
   ╰────
Import traces (entry → error):
  ../../.yarn/berry/cache/@rspress-core-npm-2.0.3-c87d0adf5b-10c0.zip/node_modules/@rspress/core/dist/theme/index.js
  ../../.yarn/berry/cache/@rspress-core-npm-2.0.3-c87d0adf5b-10c0.zip/node_modules/@rspress/core/dist/theme/components/ReadPercent/index.js
  ../../.yarn/berry/cache/@rspress-core-npm-2.0.3-c87d0adf5b-10c0.zip/node_modules/@rspress/core/dist/theme/components/ReadPercent/ProgressCircle.js ×

File: ../../.yarn/berry/cache/@rspress-core-npm-2.0.3-c87d0adf5b-10c0.zip/node_modules/@rspress/core/dist/theme/components/ReadPercent/ProgressCircle.js:2:1-25
  × Module not found: Can't resolve 'clsx' in '/home/dev/.yarn/berry/cache/@rspress-core-npm-2.0.3-c87d0adf5b-10c0.zip/node_modules/@rspress/core/dist/theme/components/ReadPercent'
   ╭─[2:0]
 1 │ import { jsx, jsxs } from "react/jsx-runtime";
 2 │ import clsx from "clsx";
   · ────────────────────────
 3 │ import "./index.css";
 4 │ const ProgressCircle = (param)=>{
   ╰────
Import traces (entry → error):
  ../../.yarn/berry/cache/@rspress-core-npm-2.0.3-c87d0adf5b-10c0.zip/node_modules/@rspress/core/dist/theme/index.js
  ../../.yarn/berry/cache/@rspress-core-npm-2.0.3-c87d0adf5b-10c0.zip/node_modules/@rspress/core/dist/theme/components/ReadPercent/index.js
  ../../.yarn/berry/cache/@rspress-core-npm-2.0.3-c87d0adf5b-10c0.zip/node_modules/@rspress/core/dist/theme/components/ReadPercent/ProgressCircle.js ×

File: ../../.yarn/berry/cache/@rspress-core-npm-2.0.3-c87d0adf5b-10c0.zip/node_modules/@rspress/core/dist/theme/components/ReadPercent/index.js:1:1-41
  × Module not found: Can't resolve 'react/jsx-runtime' in '/home/dev/.yarn/berry/cache/@rspress-core-npm-2.0.3-c87d0adf5b-10c0.zip/node_modules/@rspress/core/dist/theme/components/ReadPercent'
   ╭─[1:0]
 1 │ import { jsx } from "react/jsx-runtime";
   · ────────────────────────────────────────
 2 │ import { ProgressCircle } from "./ProgressCircle.js";
 3 │ import { useReadPercent } from "./useReadPercent.js";
   ╰────
Import traces (entry → error):
  ../../.yarn/berry/cache/@rspress-core-npm-2.0.3-c87d0adf5b-10c0.zip/node_modules/@rspress/core/dist/theme/index.js
  ../../.yarn/berry/cache/@rspress-core-npm-2.0.3-c87d0adf5b-10c0.zip/node_modules/@rspress/core/dist/theme/components/ReadPercent/index.js ×

File: ../../.yarn/berry/cache/@rspress-core-npm-2.0.3-c87d0adf5b-10c0.zip/node_modules/@rspress/core/dist/theme/components/ReadPercent/useReadPercent.js:2:1-54
  × Module not found: Can't resolve 'react' in '/home/dev/.yarn/berry/cache/@rspress-core-npm-2.0.3-c87d0adf5b-10c0.zip/node_modules/@rspress/core/dist/theme/components/ReadPercent'
   ╭─[2:0]
 1 │ import { useWindowSize } from "@rspress/core/runtime";
 2 │ import { useEffect, useMemo, useState } from "react";
   · ─────────────────────────────────────────────────────
 3 │ const useReadPercent = ()=>{
 4 │     const [scrollTop, setScrollTop] = useState(0);
   ╰────
Import traces (entry → error):
  ../../.yarn/berry/cache/@rspress-core-npm-2.0.3-c87d0adf5b-10c0.zip/node_modules/@rspress/core/dist/theme/index.js
  ../../.yarn/berry/cache/@rspress-core-npm-2.0.3-c87d0adf5b-10c0.zip/node_modules/@rspress/core/dist/theme/components/ReadPercent/index.js
  ../../.yarn/berry/cache/@rspress-core-npm-2.0.3-c87d0adf5b-10c0.zip/node_modules/@rspress/core/dist/theme/components/ReadPercent/useReadPercent.js ×

File: ../../.yarn/berry/cache/@rspress-core-npm-2.0.3-c87d0adf5b-10c0.zip/node_modules/@rspress/core/dist/theme/components/Root/index.js:1:1-51
  × Module not found: Can't resolve 'react/jsx-runtime' in '/home/dev/.yarn/berry/cache/@rspress-core-npm-2.0.3-c87d0adf5b-10c0.zip/node_modules/@rspress/core/dist/theme/components/Root'
   ╭─[1:0]
 1 │ import { Fragment, jsx } from "react/jsx-runtime";
   · ──────────────────────────────────────────────────
 2 │ function Root(param) {
 3 │     let { children } = param;
   ╰────
Import traces (entry → error):
  ../../.yarn/berry/cache/@rspress-core-npm-2.0.3-c87d0adf5b-10c0.zip/node_modules/@rspress/core/dist/theme/index.js
  ../../.yarn/berry/cache/@rspress-core-npm-2.0.3-c87d0adf5b-10c0.zip/node_modules/@rspress/core/dist/theme/components/Root/index.js ×

File: ../../.yarn/berry/cache/@rspress-core-npm-2.0.3-c87d0adf5b-10c0.zip/node_modules/@rspress/core/dist/theme/components/Search/NoSearchResult.js:1:1-47
  × Module not found: Can't resolve 'react/jsx-runtime' in '/home/dev/.yarn/berry/cache/@rspress-core-npm-2.0.3-c87d0adf5b-10c0.zip/node_modules/@rspress/core/dist/theme/components/Search'
   ╭─[1:0]
 1 │ import { jsx, jsxs } from "react/jsx-runtime";
   · ──────────────────────────────────────────────
 2 │ import { useI18n } from "@rspress/core/runtime";
 3 │ import { IconEmpty, SvgWrapper } from "@theme";
   ╰────
Import traces (entry → error):
  ../../.yarn/berry/cache/@rspress-core-npm-2.0.3-c87d0adf5b-10c0.zip/node_modules/@rspress/core/dist/theme/index.js
  ../../.yarn/berry/cache/@rspress-core-npm-2.0.3-c87d0adf5b-10c0.zip/node_modules/@rspress/core/dist/theme/components/Search/SearchPanel.js
  ../../.yarn/berry/cache/@rspress-core-npm-2.0.3-c87d0adf5b-10c0.zip/node_modules/@rspress/core/dist/theme/components/Search/NoSearchResult.js ×

File: ../../.yarn/berry/cache/@rspress-core-npm-2.0.3-c87d0adf5b-10c0.zip/node_modules/@rspress/core/dist/theme/components/Search/SearchButton.js:1:1-57
  × Module not found: Can't resolve 'react/jsx-runtime' in '/home/dev/.yarn/berry/cache/@rspress-core-npm-2.0.3-c87d0adf5b-10c0.zip/node_modules/@rspress/core/dist/theme/components/Search'
   ╭─[1:0]
 1 │ import { Fragment, jsx, jsxs } from "react/jsx-runtime";
   · ────────────────────────────────────────────────────────
 2 │ import { useI18n } from "@rspress/core/runtime";
 3 │ import { IconSearch, SvgWrapper } from "@theme";
   ╰────
Import traces (entry → error):
  ../../.yarn/berry/cache/@rspress-core-npm-2.0.3-c87d0adf5b-10c0.zip/node_modules/@rspress/core/dist/theme/index.js
  ../../.yarn/berry/cache/@rspress-core-npm-2.0.3-c87d0adf5b-10c0.zip/node_modules/@rspress/core/dist/theme/components/Search/SearchButton.js ×

File: ../../.yarn/berry/cache/@rspress-core-npm-2.0.3-c87d0adf5b-10c0.zip/node_modules/@rspress/core/dist/theme/components/Search/SearchButton.js:4:1-45
  × Module not found: Can't resolve 'react' in '/home/dev/.yarn/berry/cache/@rspress-core-npm-2.0.3-c87d0adf5b-10c0.zip/node_modules/@rspress/core/dist/theme/components/Search'
   ╭─[4:0]
 2 │ import { useI18n } from "@rspress/core/runtime";
 3 │ import { IconSearch, SvgWrapper } from "@theme";
 4 │ import { useEffect, useState } from "react";
   · ────────────────────────────────────────────
 5 │ import "./SearchButton.css";
 6 │ function SearchButton(param) {
   ╰────
Import traces (entry → error):
  ../../.yarn/berry/cache/@rspress-core-npm-2.0.3-c87d0adf5b-10c0.zip/node_modules/@rspress/core/dist/theme/index.js
  ../../.yarn/berry/cache/@rspress-core-npm-2.0.3-c87d0adf5b-10c0.zip/node_modules/@rspress/core/dist/theme/components/Search/SearchButton.js ×

File: ../../.yarn/berry/cache/@rspress-core-npm-2.0.3-c87d0adf5b-10c0.zip/node_modules/@rspress/core/dist/theme/components/Search/SearchPanel.js:1:1-57
  × Module not found: Can't resolve 'react/jsx-runtime' in '/home/dev/.yarn/berry/cache/@rspress-core-npm-2.0.3-c87d0adf5b-10c0.zip/node_modules/@rspress/core/dist/theme/components/Search'
   ╭─[1:0]
 1 │ import { Fragment, jsx, jsxs } from "react/jsx-runtime";
   · ────────────────────────────────────────────────────────
 2 │ import { useI18n, usePageData } from "@rspress/core/runtime";
 3 │ import { IconClose, IconLoading, IconSearch, SvgWrapper, Tab, Tabs, useLinkNavigate } from "@theme";
   ╰────
Import traces (entry → error):
  ../../.yarn/berry/cache/@rspress-core-npm-2.0.3-c87d0adf5b-10c0.zip/node_modules/@rspress/core/dist/theme/index.js
  ../../.yarn/berry/cache/@rspress-core-npm-2.0.3-c87d0adf5b-10c0.zip/node_modules/@rspress/core/dist/theme/components/Search/SearchPanel.js ×

File: ../../.yarn/berry/cache/@rspress-core-npm-2.0.3-c87d0adf5b-10c0.zip/node_modules/@rspress/core/dist/theme/components/Search/SearchPanel.js:4:1-38
  × Module not found: Can't resolve 'lodash-es' in '/home/dev/.yarn/berry/cache/@rspress-core-npm-2.0.3-c87d0adf5b-10c0.zip/node_modules/@rspress/core/dist/theme/components/Search'
   ╭─[4:0]
 2 │ import { useI18n, usePageData } from "@rspress/core/runtime";
 3 │ import { IconClose, IconLoading, IconSearch, SvgWrapper, Tab, Tabs, useLinkNavigate } from "@theme";
 4 │ import { debounce } from "lodash-es";
   · ─────────────────────────────────────
 5 │ import { useCallback, useEffect, useRef, useState } from "react";
 6 │ import { createPortal } from "react-dom";
   ╰────
Import traces (entry → error):
  ../../.yarn/berry/cache/@rspress-core-npm-2.0.3-c87d0adf5b-10c0.zip/node_modules/@rspress/core/dist/theme/index.js
  ../../.yarn/berry/cache/@rspress-core-npm-2.0.3-c87d0adf5b-10c0.zip/node_modules/@rspress/core/dist/theme/components/Search/SearchPanel.js ×

File: ../../.yarn/berry/cache/@rspress-core-npm-2.0.3-c87d0adf5b-10c0.zip/node_modules/@rspress/core/dist/theme/components/Search/SearchPanel.js:5:1-66
  × Module not found: Can't resolve 'react' in '/home/dev/.yarn/berry/cache/@rspress-core-npm-2.0.3-c87d0adf5b-10c0.zip/node_modules/@rspress/core/dist/theme/components/Search'
   ╭─[5:0]
 3 │ import { IconClose, IconLoading, IconSearch, SvgWrapper, Tab, Tabs, useLinkNavigate } from "@theme";
 4 │ import { debounce } from "lodash-es";
 5 │ import { useCallback, useEffect, useRef, useState } from "react";
   · ─────────────────────────────────────────────────────────────────
 6 │ import { createPortal } from "react-dom";
 7 │ import { PageSearcher } from "./logic/search.js";
   ╰────
Import traces (entry → error):
  ../../.yarn/berry/cache/@rspress-core-npm-2.0.3-c87d0adf5b-10c0.zip/node_modules/@rspress/core/dist/theme/index.js
  ../../.yarn/berry/cache/@rspress-core-npm-2.0.3-c87d0adf5b-10c0.zip/node_modules/@rspress/core/dist/theme/components/Search/SearchPanel.js ×

File: ../../.yarn/berry/cache/@rspress-core-npm-2.0.3-c87d0adf5b-10c0.zip/node_modules/@rspress/core/dist/theme/components/Search/SearchPanel.js:6:1-42
  × Module not found: Can't resolve 'react-dom' in '/home/dev/.yarn/berry/cache/@rspress-core-npm-2.0.3-c87d0adf5b-10c0.zip/node_modules/@rspress/core/dist/theme/components/Search'
   ╭─[6:0]
 4 │ import { debounce } from "lodash-es";
 5 │ import { useCallback, useEffect, useRef, useState } from "react";
 6 │ import { createPortal } from "react-dom";
   · ─────────────────────────────────────────
 7 │ import { PageSearcher } from "./logic/search.js";
 8 │ import { RenderType } from "./logic/types.js";
   ╰────
Import traces (entry → error):
  ../../.yarn/berry/cache/@rspress-core-npm-2.0.3-c87d0adf5b-10c0.zip/node_modules/@rspress/core/dist/theme/index.js
  ../../.yarn/berry/cache/@rspress-core-npm-2.0.3-c87d0adf5b-10c0.zip/node_modules/@rspress/core/dist/theme/components/Search/SearchPanel.js ×

File: ../../.yarn/berry/cache/@rspress-core-npm-2.0.3-c87d0adf5b-10c0.zip/node_modules/@rspress/core/dist/theme/components/Search/SuggestItem.js:1:1-57
  × Module not found: Can't resolve 'react/jsx-runtime' in '/home/dev/.yarn/berry/cache/@rspress-core-npm-2.0.3-c87d0adf5b-10c0.zip/node_modules/@rspress/core/dist/theme/components/Search'
   ╭─[1:0]
 1 │ import { Fragment, jsx, jsxs } from "react/jsx-runtime";
   · ────────────────────────────────────────────────────────
 2 │ import { IconFile, IconHeader, IconJump, IconTitle, Link, SvgWrapper } from "@theme";
 3 │ import { useRef } from "react";
   ╰────
Import traces (entry → error):
  ../../.yarn/berry/cache/@rspress-core-npm-2.0.3-c87d0adf5b-10c0.zip/node_modules/@rspress/core/dist/theme/index.js
  ../../.yarn/berry/cache/@rspress-core-npm-2.0.3-c87d0adf5b-10c0.zip/node_modules/@rspress/core/dist/theme/components/Search/SearchPanel.js
  ../../.yarn/berry/cache/@rspress-core-npm-2.0.3-c87d0adf5b-10c0.zip/node_modules/@rspress/core/dist/theme/components/Search/SuggestItem.js ×

File: ../../.yarn/berry/cache/@rspress-core-npm-2.0.3-c87d0adf5b-10c0.zip/node_modules/@rspress/core/dist/theme/components/Search/SuggestItem.js:3:1-32
  × Module not found: Can't resolve 'react' in '/home/dev/.yarn/berry/cache/@rspress-core-npm-2.0.3-c87d0adf5b-10c0.zip/node_modules/@rspress/core/dist/theme/components/Search'
   ╭─[3:0]
 1 │ import { Fragment, jsx, jsxs } from "react/jsx-runtime";
 2 │ import { IconFile, IconHeader, IconJump, IconTitle, Link, SvgWrapper } from "@theme";
 3 │ import { useRef } from "react";
   · ───────────────────────────────
 4 │ import "./SuggestItem.css";
 5 │ import { getSlicedStrByByteLength } from "./logic/util.js";
   ╰────
Import traces (entry → error):
  ../../.yarn/berry/cache/@rspress-core-npm-2.0.3-c87d0adf5b-10c0.zip/node_modules/@rspress/core/dist/theme/index.js
  ../../.yarn/berry/cache/@rspress-core-npm-2.0.3-c87d0adf5b-10c0.zip/node_modules/@rspress/core/dist/theme/components/Search/SearchPanel.js
  ../../.yarn/berry/cache/@rspress-core-npm-2.0.3-c87d0adf5b-10c0.zip/node_modules/@rspress/core/dist/theme/components/Search/SuggestItem.js ×

File: ../../.yarn/berry/cache/@rspress-core-npm-2.0.3-c87d0adf5b-10c0.zip/node_modules/@rspress/core/dist/theme/components/Search/index.js:1:1-57
  × Module not found: Can't resolve 'react/jsx-runtime' in '/home/dev/.yarn/berry/cache/@rspress-core-npm-2.0.3-c87d0adf5b-10c0.zip/node_modules/@rspress/core/dist/theme/components/Search'
   ╭─[1:0]
 1 │ import { Fragment, jsx, jsxs } from "react/jsx-runtime";
   · ────────────────────────────────────────────────────────
 2 │ import { NoSSR } from "@rspress/core/runtime";
 3 │ import { SearchButton, SearchPanel } from "@theme";
   ╰────
Import traces (entry → error):
  ../../.yarn/berry/cache/@rspress-core-npm-2.0.3-c87d0adf5b-10c0.zip/node_modules/@rspress/core/dist/theme/index.js
  ../../.yarn/berry/cache/@rspress-core-npm-2.0.3-c87d0adf5b-10c0.zip/node_modules/@rspress/core/dist/theme/components/Search/index.js ×

File: ../../.yarn/berry/cache/@rspress-core-npm-2.0.3-c87d0adf5b-10c0.zip/node_modules/@rspress/core/dist/theme/components/Search/index.js:4:1-34
  × Module not found: Can't resolve 'react' in '/home/dev/.yarn/berry/cache/@rspress-core-npm-2.0.3-c87d0adf5b-10c0.zip/node_modules/@rspress/core/dist/theme/components/Search'
   ╭─[4:0]
 2 │ import { NoSSR } from "@rspress/core/runtime";
 3 │ import { SearchButton, SearchPanel } from "@theme";
 4 │ import { useState } from "react";
   · ─────────────────────────────────
 5 │ function Search() {
 6 │     const [focused, setFocused] = useState(false);
   ╰────
Import traces (entry → error):
  ../../.yarn/berry/cache/@rspress-core-npm-2.0.3-c87d0adf5b-10c0.zip/node_modules/@rspress/core/dist/theme/index.js
  ../../.yarn/berry/cache/@rspress-core-npm-2.0.3-c87d0adf5b-10c0.zip/node_modules/@rspress/core/dist/theme/components/Search/index.js ×

File: ../../.yarn/berry/cache/@rspress-core-npm-2.0.3-c87d0adf5b-10c0.zip/node_modules/@rspress/core/dist/theme/components/Search/logic/providers/LocalProvider.js:1:1-74
  × Module not found: Can't resolve '@rspress/shared' in '/home/dev/.yarn/berry/cache/@rspress-core-npm-2.0.3-c87d0adf5b-10c0.zip/node_modules/@rspress/core/dist/theme/components/Search/logic/providers'
   ╭─[1:0]
 1 │ import { SEARCH_INDEX_NAME, removeTrailingSlash } from "@rspress/shared";
   · ─────────────────────────────────────────────────────────────────────────
 2 │ import { Document } from "flexsearch";
 3 │ import { searchIndexHash } from "virtual-page-data";
   ╰────
Import traces (entry → error):
  ../../.yarn/berry/cache/@rspress-core-npm-2.0.3-c87d0adf5b-10c0.zip/node_modules/@rspress/core/dist/theme/index.js
  ../../.yarn/berry/cache/@rspress-core-npm-2.0.3-c87d0adf5b-10c0.zip/node_modules/@rspress/core/dist/theme/logic/useFullTextSearch.js
  ../../.yarn/berry/cache/@rspress-core-npm-2.0.3-c87d0adf5b-10c0.zip/node_modules/@rspress/core/dist/theme/components/Search/logic/search.js
  ../../.yarn/berry/cache/@rspress-core-npm-2.0.3-c87d0adf5b-10c0.zip/node_modules/@rspress/core/dist/theme/components/Search/logic/providers/LocalProvider.js ×

File: ../../.yarn/berry/cache/@rspress-core-npm-2.0.3-c87d0adf5b-10c0.zip/node_modules/@rspress/core/dist/theme/components/Search/logic/providers/LocalProvider.js:2:1-39
  × Module not found: Can't resolve 'flexsearch' in '/home/dev/.yarn/berry/cache/@rspress-core-npm-2.0.3-c87d0adf5b-10c0.zip/node_modules/@rspress/core/dist/theme/components/Search/logic/providers'
   ╭─[2:0]
 1 │ import { SEARCH_INDEX_NAME, removeTrailingSlash } from "@rspress/shared";
 2 │ import { Document } from "flexsearch";
   · ──────────────────────────────────────
 3 │ import { searchIndexHash } from "virtual-page-data";
 4 │ import { LOCAL_INDEX } from "../Provider.js";
   ╰────
Import traces (entry → error):
  ../../.yarn/berry/cache/@rspress-core-npm-2.0.3-c87d0adf5b-10c0.zip/node_modules/@rspress/core/dist/theme/index.js
  ../../.yarn/berry/cache/@rspress-core-npm-2.0.3-c87d0adf5b-10c0.zip/node_modules/@rspress/core/dist/theme/logic/useFullTextSearch.js
  ../../.yarn/berry/cache/@rspress-core-npm-2.0.3-c87d0adf5b-10c0.zip/node_modules/@rspress/core/dist/theme/components/Search/logic/search.js
  ../../.yarn/berry/cache/@rspress-core-npm-2.0.3-c87d0adf5b-10c0.zip/node_modules/@rspress/core/dist/theme/components/Search/logic/providers/LocalProvider.js ×

File: ../../.yarn/berry/cache/@rspress-core-npm-2.0.3-c87d0adf5b-10c0.zip/node_modules/@rspress/core/dist/theme/components/Sidebar/SidebarDivider.js:1:1-41
  × Module not found: Can't resolve 'react/jsx-runtime' in '/home/dev/.yarn/berry/cache/@rspress-core-npm-2.0.3-c87d0adf5b-10c0.zip/node_modules/@rspress/core/dist/theme/components/Sidebar'
   ╭─[1:0]
 1 │ import { jsx } from "react/jsx-runtime";
   · ────────────────────────────────────────
 2 │ import "./SidebarDivider.css";
 3 │ function SidebarDivider(props) {
   ╰────
Import traces (entry → error):
  ../../.yarn/berry/cache/@rspress-core-npm-2.0.3-c87d0adf5b-10c0.zip/node_modules/@rspress/core/dist/theme/index.js
  ../../.yarn/berry/cache/@rspress-core-npm-2.0.3-c87d0adf5b-10c0.zip/node_modules/@rspress/core/dist/theme/components/Sidebar/index.js
  ../../.yarn/berry/cache/@rspress-core-npm-2.0.3-c87d0adf5b-10c0.zip/node_modules/@rspress/core/dist/theme/components/Sidebar/SidebarDivider.js ×

File: ../../.yarn/berry/cache/@rspress-core-npm-2.0.3-c87d0adf5b-10c0.zip/node_modules/@rspress/core/dist/theme/components/Sidebar/SidebarGroup.js:1:1-57
  × Module not found: Can't resolve 'react/jsx-runtime' in '/home/dev/.yarn/berry/cache/@rspress-core-npm-2.0.3-c87d0adf5b-10c0.zip/node_modules/@rspress/core/dist/theme/components/Sidebar'
   ╭─[1:0]
 1 │ import { Fragment, jsx, jsxs } from "react/jsx-runtime";
   · ────────────────────────────────────────────────────────
 2 │ import { useActiveMatcher } from "@rspress/core/runtime";
 3 │ import { IconArrowRight, SvgWrapper, useLinkNavigate } from "@theme";
   ╰────
Import traces (entry → error):
  ../../.yarn/berry/cache/@rspress-core-npm-2.0.3-c87d0adf5b-10c0.zip/node_modules/@rspress/core/dist/theme/index.js
  ../../.yarn/berry/cache/@rspress-core-npm-2.0.3-c87d0adf5b-10c0.zip/node_modules/@rspress/core/dist/theme/components/Sidebar/index.js
  ../../.yarn/berry/cache/@rspress-core-npm-2.0.3-c87d0adf5b-10c0.zip/node_modules/@rspress/core/dist/theme/components/Sidebar/SidebarGroup.js ×

File: ../../.yarn/berry/cache/@rspress-core-npm-2.0.3-c87d0adf5b-10c0.zip/node_modules/@rspress/core/dist/theme/components/Sidebar/SidebarGroup.js:4:1-25
  × Module not found: Can't resolve 'clsx' in '/home/dev/.yarn/berry/cache/@rspress-core-npm-2.0.3-c87d0adf5b-10c0.zip/node_modules/@rspress/core/dist/theme/components/Sidebar'
   ╭─[4:0]
 2 │ import { useActiveMatcher } from "@rspress/core/runtime";
 3 │ import { IconArrowRight, SvgWrapper, useLinkNavigate } from "@theme";
 4 │ import clsx from "clsx";
   · ────────────────────────
 5 │ import { SidebarDivider } from "./SidebarDivider.js";
 6 │ import "./SidebarGroup.css";
   ╰────
Import traces (entry → error):
  ../../.yarn/berry/cache/@rspress-core-npm-2.0.3-c87d0adf5b-10c0.zip/node_modules/@rspress/core/dist/theme/index.js
  ../../.yarn/berry/cache/@rspress-core-npm-2.0.3-c87d0adf5b-10c0.zip/node_modules/@rspress/core/dist/theme/components/Sidebar/index.js
  ../../.yarn/berry/cache/@rspress-core-npm-2.0.3-c87d0adf5b-10c0.zip/node_modules/@rspress/core/dist/theme/components/Sidebar/SidebarGroup.js ×

File: ../../.yarn/berry/cache/@rspress-core-npm-2.0.3-c87d0adf5b-10c0.zip/node_modules/@rspress/core/dist/theme/components/Sidebar/SidebarItem.js:1:1-57
  × Module not found: Can't resolve 'react/jsx-runtime' in '/home/dev/.yarn/berry/cache/@rspress-core-npm-2.0.3-c87d0adf5b-10c0.zip/node_modules/@rspress/core/dist/theme/components/Sidebar'
   ╭─[1:0]
 1 │ import { Fragment, jsx, jsxs } from "react/jsx-runtime";
   · ────────────────────────────────────────────────────────
 2 │ import { useActiveMatcher } from "@rspress/core/runtime";
 3 │ import { Link, Tag, renderInlineMarkdown } from "@theme";
   ╰────
Import traces (entry → error):
  ../../.yarn/berry/cache/@rspress-core-npm-2.0.3-c87d0adf5b-10c0.zip/node_modules/@rspress/core/dist/theme/index.js
  ../../.yarn/berry/cache/@rspress-core-npm-2.0.3-c87d0adf5b-10c0.zip/node_modules/@rspress/core/dist/theme/components/Sidebar/index.js
  ../../.yarn/berry/cache/@rspress-core-npm-2.0.3-c87d0adf5b-10c0.zip/node_modules/@rspress/core/dist/theme/components/Sidebar/SidebarItem.js ×

File: ../../.yarn/berry/cache/@rspress-core-npm-2.0.3-c87d0adf5b-10c0.zip/node_modules/@rspress/core/dist/theme/components/Sidebar/SidebarItem.js:4:1-25
  × Module not found: Can't resolve 'clsx' in '/home/dev/.yarn/berry/cache/@rspress-core-npm-2.0.3-c87d0adf5b-10c0.zip/node_modules/@rspress/core/dist/theme/components/Sidebar'
   ╭─[4:0]
 2 │ import { useActiveMatcher } from "@rspress/core/runtime";
 3 │ import { Link, Tag, renderInlineMarkdown } from "@theme";
 4 │ import clsx from "clsx";
   · ────────────────────────
 5 │ import { useEffect, useRef, useTransition } from "react";
 6 │ import "./SidebarItem.css";
   ╰────
Import traces (entry → error):
  ../../.yarn/berry/cache/@rspress-core-npm-2.0.3-c87d0adf5b-10c0.zip/node_modules/@rspress/core/dist/theme/index.js
  ../../.yarn/berry/cache/@rspress-core-npm-2.0.3-c87d0adf5b-10c0.zip/node_modules/@rspress/core/dist/theme/components/Sidebar/index.js
  ../../.yarn/berry/cache/@rspress-core-npm-2.0.3-c87d0adf5b-10c0.zip/node_modules/@rspress/core/dist/theme/components/Sidebar/SidebarItem.js ×

File: ../../.yarn/berry/cache/@rspress-core-npm-2.0.3-c87d0adf5b-10c0.zip/node_modules/@rspress/core/dist/theme/components/Sidebar/SidebarItem.js:5:1-58
  × Module not found: Can't resolve 'react' in '/home/dev/.yarn/berry/cache/@rspress-core-npm-2.0.3-c87d0adf5b-10c0.zip/node_modules/@rspress/core/dist/theme/components/Sidebar'
   ╭─[5:0]
 3 │ import { Link, Tag, renderInlineMarkdown } from "@theme";
 4 │ import clsx from "clsx";
 5 │ import { useEffect, useRef, useTransition } from "react";
   · ─────────────────────────────────────────────────────────
 6 │ import "./SidebarItem.css";
 7 │ import scroll_into_view_if_needed from "scroll-into-view-if-needed";
   ╰────
Import traces (entry → error):
  ../../.yarn/berry/cache/@rspress-core-npm-2.0.3-c87d0adf5b-10c0.zip/node_modules/@rspress/core/dist/theme/index.js
  ../../.yarn/berry/cache/@rspress-core-npm-2.0.3-c87d0adf5b-10c0.zip/node_modules/@rspress/core/dist/theme/components/Sidebar/index.js
  ../../.yarn/berry/cache/@rspress-core-npm-2.0.3-c87d0adf5b-10c0.zip/node_modules/@rspress/core/dist/theme/components/Sidebar/SidebarItem.js ×

File: ../../.yarn/berry/cache/@rspress-core-npm-2.0.3-c87d0adf5b-10c0.zip/node_modules/@rspress/core/dist/theme/components/Sidebar/SidebarItem.js:7:1-69
  × Module not found: Can't resolve 'scroll-into-view-if-needed' in '/home/dev/.yarn/berry/cache/@rspress-core-npm-2.0.3-c87d0adf5b-10c0.zip/node_modules/@rspress/core/dist/theme/components/Sidebar'
   ╭─[7:0]
 5 │ import { useEffect, useRef, useTransition } from "react";
 6 │ import "./SidebarItem.css";
 7 │ import scroll_into_view_if_needed from "scroll-into-view-if-needed";
   · ────────────────────────────────────────────────────────────────────
 8 │ function SidebarItemRaw(param) {
 9 │     let { active, text, tag, link, context, className, left, right, onClick, depth } = param;
   ╰────
Import traces (entry → error):
  ../../.yarn/berry/cache/@rspress-core-npm-2.0.3-c87d0adf5b-10c0.zip/node_modules/@rspress/core/dist/theme/index.js
  ../../.yarn/berry/cache/@rspress-core-npm-2.0.3-c87d0adf5b-10c0.zip/node_modules/@rspress/core/dist/theme/components/Sidebar/index.js
  ../../.yarn/berry/cache/@rspress-core-npm-2.0.3-c87d0adf5b-10c0.zip/node_modules/@rspress/core/dist/theme/components/Sidebar/SidebarItem.js ×

File: ../../.yarn/berry/cache/@rspress-core-npm-2.0.3-c87d0adf5b-10c0.zip/node_modules/@rspress/core/dist/theme/components/Sidebar/SidebarSectionHeader.js:1:1-47
  × Module not found: Can't resolve 'react/jsx-runtime' in '/home/dev/.yarn/berry/cache/@rspress-core-npm-2.0.3-c87d0adf5b-10c0.zip/node_modules/@rspress/core/dist/theme/components/Sidebar'
   ╭─[1:0]
 1 │ import { jsx, jsxs } from "react/jsx-runtime";
   · ──────────────────────────────────────────────
 2 │ import { Tag, renderInlineMarkdown } from "@theme";
 3 │ import "./SidebarSectionHeader.css";
   ╰────
Import traces (entry → error):
  ../../.yarn/berry/cache/@rspress-core-npm-2.0.3-c87d0adf5b-10c0.zip/node_modules/@rspress/core/dist/theme/index.js
  ../../.yarn/berry/cache/@rspress-core-npm-2.0.3-c87d0adf5b-10c0.zip/node_modules/@rspress/core/dist/theme/components/Sidebar/index.js
  ../../.yarn/berry/cache/@rspress-core-npm-2.0.3-c87d0adf5b-10c0.zip/node_modules/@rspress/core/dist/theme/components/Sidebar/SidebarSectionHeader.js ×

File: ../../.yarn/berry/cache/@rspress-core-npm-2.0.3-c87d0adf5b-10c0.zip/node_modules/@rspress/core/dist/theme/components/Sidebar/index.js:1:1-51
  × Module not found: Can't resolve 'react/jsx-runtime' in '/home/dev/.yarn/berry/cache/@rspress-core-npm-2.0.3-c87d0adf5b-10c0.zip/node_modules/@rspress/core/dist/theme/components/Sidebar'
   ╭─[1:0]
 1 │ import { Fragment, jsx } from "react/jsx-runtime";
   · ──────────────────────────────────────────────────
 2 │ import { useSidebarDynamic } from "@rspress/core/runtime";
 3 │ import { SidebarDivider } from "./SidebarDivider.js";
   ╰────
Import traces (entry → error):
  ../../.yarn/berry/cache/@rspress-core-npm-2.0.3-c87d0adf5b-10c0.zip/node_modules/@rspress/core/dist/theme/index.js
  ../../.yarn/berry/cache/@rspress-core-npm-2.0.3-c87d0adf5b-10c0.zip/node_modules/@rspress/core/dist/theme/components/Sidebar/index.js ×

File: ../../.yarn/berry/cache/@rspress-core-npm-2.0.3-c87d0adf5b-10c0.zip/node_modules/@rspress/core/dist/theme/components/SidebarMenu/index.js:1:1-57
  × Module not found: Can't resolve 'react/jsx-runtime' in '/home/dev/.yarn/berry/cache/@rspress-core-npm-2.0.3-c87d0adf5b-10c0.zip/node_modules/@rspress/core/dist/theme/components/SidebarMenu'
   ╭─[1:0]
 1 │ import { Fragment, jsx, jsxs } from "react/jsx-runtime";
   · ────────────────────────────────────────────────────────
 2 │ import { useFrontmatter, useI18n, useLocation } from "@rspress/core/runtime";
 3 │ import { IconArrowRight, IconMenu, ReadPercent, SvgWrapper, renderInlineMarkdown, useActiveAnchor, useDynamicToc } from "@theme";
   ╰────
Import traces (entry → error):
  ../../.yarn/berry/cache/@rspress-core-npm-2.0.3-c87d0adf5b-10c0.zip/node_modules/@rspress/core/dist/theme/index.js
  ../../.yarn/berry/cache/@rspress-core-npm-2.0.3-c87d0adf5b-10c0.zip/node_modules/@rspress/core/dist/theme/layout/DocLayout/index.js
  ../../.yarn/berry/cache/@rspress-core-npm-2.0.3-c87d0adf5b-10c0.zip/node_modules/@rspress/core/dist/theme/components/SidebarMenu/useSidebarMenu.js
  ../../.yarn/berry/cache/@rspress-core-npm-2.0.3-c87d0adf5b-10c0.zip/node_modules/@rspress/core/dist/theme/components/SidebarMenu/index.js ×

File: ../../.yarn/berry/cache/@rspress-core-npm-2.0.3-c87d0adf5b-10c0.zip/node_modules/@rspress/core/dist/theme/components/SidebarMenu/index.js:4:1-55
  × Module not found: Can't resolve 'react' in '/home/dev/.yarn/berry/cache/@rspress-core-npm-2.0.3-c87d0adf5b-10c0.zip/node_modules/@rspress/core/dist/theme/components/SidebarMenu'
   ╭─[4:0]
 2 │ import { useFrontmatter, useI18n, useLocation } from "@rspress/core/runtime";
 3 │ import { IconArrowRight, IconMenu, ReadPercent, SvgWrapper, renderInlineMarkdown, useActiveAnchor, useDynamicToc } from "@theme";
 4 │ import { forwardRef, useEffect, useRef } from "react";
   · ──────────────────────────────────────────────────────
 5 │ import { createPortal } from "react-dom";
 6 │ import "./index.css";
   ╰────
Import traces (entry → error):
  ../../.yarn/berry/cache/@rspress-core-npm-2.0.3-c87d0adf5b-10c0.zip/node_modules/@rspress/core/dist/theme/index.js
  ../../.yarn/berry/cache/@rspress-core-npm-2.0.3-c87d0adf5b-10c0.zip/node_modules/@rspress/core/dist/theme/layout/DocLayout/index.js
  ../../.yarn/berry/cache/@rspress-core-npm-2.0.3-c87d0adf5b-10c0.zip/node_modules/@rspress/core/dist/theme/components/SidebarMenu/useSidebarMenu.js
  ../../.yarn/berry/cache/@rspress-core-npm-2.0.3-c87d0adf5b-10c0.zip/node_modules/@rspress/core/dist/theme/components/SidebarMenu/index.js ×

File: ../../.yarn/berry/cache/@rspress-core-npm-2.0.3-c87d0adf5b-10c0.zip/node_modules/@rspress/core/dist/theme/components/SidebarMenu/index.js:5:1-42
  × Module not found: Can't resolve 'react-dom' in '/home/dev/.yarn/berry/cache/@rspress-core-npm-2.0.3-c87d0adf5b-10c0.zip/node_modules/@rspress/core/dist/theme/components/SidebarMenu'
   ╭─[5:0]
 3 │ import { IconArrowRight, IconMenu, ReadPercent, SvgWrapper, renderInlineMarkdown, useActiveAnchor, useDynamicToc } from "@theme";
 4 │ import { forwardRef, useEffect, useRef } from "react";
 5 │ import { createPortal } from "react-dom";
   · ─────────────────────────────────────────
 6 │ import "./index.css";
 7 │ const SidebarMenu = /*#__PURE__*/ forwardRef((param, forwardedRef)=>{
   ╰────
Import traces (entry → error):
  ../../.yarn/berry/cache/@rspress-core-npm-2.0.3-c87d0adf5b-10c0.zip/node_modules/@rspress/core/dist/theme/index.js
  ../../.yarn/berry/cache/@rspress-core-npm-2.0.3-c87d0adf5b-10c0.zip/node_modules/@rspress/core/dist/theme/layout/DocLayout/index.js
  ../../.yarn/berry/cache/@rspress-core-npm-2.0.3-c87d0adf5b-10c0.zip/node_modules/@rspress/core/dist/theme/components/SidebarMenu/useSidebarMenu.js
  ../../.yarn/berry/cache/@rspress-core-npm-2.0.3-c87d0adf5b-10c0.zip/node_modules/@rspress/core/dist/theme/components/SidebarMenu/index.js ×

File: ../../.yarn/berry/cache/@rspress-core-npm-2.0.3-c87d0adf5b-10c0.zip/node_modules/@rspress/core/dist/theme/components/SidebarMenu/index.js:11:32-43
  × ESModulesLinkingError: export 'useLocation' (imported as 'useLocation') was not found in '@rspress/core/runtime' (possible exports: Content, NoSSR, PageContext, ThemeContext, addLeadingSlash, addTrailingSlash, cleanUrlByConfig, getSidebarDataGroup, isActive, isEqualPath, isProduction, normalizeHrefInRuntime, normalizeImagePath, pathnameToRouteService, preloadLink, removeBase, removeTrailingSlash, routePathToMdPath, useActiveMatcher, useDark, useFrontmatter, useI18n, useLang, useLocaleSiteData, useNav, usePage, usePageData, useSidebar, useSidebarDynamic, useSite, useVersion, useWindowSize, withBase)
    ╭─[11:31]
  9 │     const sidebarMenuRef = useRef(null);
 10 │     const t = useI18n();
 11 │     const { pathname, hash } = useLocation();
    ·                                ───────────
 12 │     const headers = useDynamicToc();
 13 │     const { scrolledHeader } = useActiveAnchor(headers);
    ╰────
Import traces (entry → error):
  ../../.yarn/berry/cache/@rspress-core-npm-2.0.3-c87d0adf5b-10c0.zip/node_modules/@rspress/core/dist/theme/index.js
  ../../.yarn/berry/cache/@rspress-core-npm-2.0.3-c87d0adf5b-10c0.zip/node_modules/@rspress/core/dist/theme/layout/DocLayout/index.js
  ../../.yarn/berry/cache/@rspress-core-npm-2.0.3-c87d0adf5b-10c0.zip/node_modules/@rspress/core/dist/theme/components/SidebarMenu/useSidebarMenu.js
  ../../.yarn/berry/cache/@rspress-core-npm-2.0.3-c87d0adf5b-10c0.zip/node_modules/@rspress/core/dist/theme/components/SidebarMenu/index.js ×

File: ../../.yarn/berry/cache/@rspress-core-npm-2.0.3-c87d0adf5b-10c0.zip/node_modules/@rspress/core/dist/theme/components/SidebarMenu/useClickOutside.js:1:1-35
  × Module not found: Can't resolve 'react' in '/home/dev/.yarn/berry/cache/@rspress-core-npm-2.0.3-c87d0adf5b-10c0.zip/node_modules/@rspress/core/dist/theme/components/SidebarMenu'
   ╭─[1:0]
 1 │ import { useEffect } from "react";
   · ──────────────────────────────────
 2 │ function useClickOutside(ref, handler) {
 3 │     useEffect(()=>{
   ╰────
Import traces (entry → error):
  ../../.yarn/berry/cache/@rspress-core-npm-2.0.3-c87d0adf5b-10c0.zip/node_modules/@rspress/core/dist/theme/index.js
  ../../.yarn/berry/cache/@rspress-core-npm-2.0.3-c87d0adf5b-10c0.zip/node_modules/@rspress/core/dist/theme/layout/DocLayout/index.js
  ../../.yarn/berry/cache/@rspress-core-npm-2.0.3-c87d0adf5b-10c0.zip/node_modules/@rspress/core/dist/theme/components/SidebarMenu/useSidebarMenu.js
  ../../.yarn/berry/cache/@rspress-core-npm-2.0.3-c87d0adf5b-10c0.zip/node_modules/@rspress/core/dist/theme/components/SidebarMenu/useClickOutside.js ×

File: ../../.yarn/berry/cache/@rspress-core-npm-2.0.3-c87d0adf5b-10c0.zip/node_modules/@rspress/core/dist/theme/components/SidebarMenu/useSidebarMenu.js:1:1-41
  × Module not found: Can't resolve 'react/jsx-runtime' in '/home/dev/.yarn/berry/cache/@rspress-core-npm-2.0.3-c87d0adf5b-10c0.zip/node_modules/@rspress/core/dist/theme/components/SidebarMenu'
   ╭─[1:0]
 1 │ import { jsx } from "react/jsx-runtime";
   · ────────────────────────────────────────
 2 │ import { clearAllBodyScrollLocks, disableBodyScroll } from "body-scroll-lock";
 3 │ import { useEffect, useMemo, useRef, useState } from "react";
   ╰────
Import traces (entry → error):
  ../../.yarn/berry/cache/@rspress-core-npm-2.0.3-c87d0adf5b-10c0.zip/node_modules/@rspress/core/dist/theme/index.js
  ../../.yarn/berry/cache/@rspress-core-npm-2.0.3-c87d0adf5b-10c0.zip/node_modules/@rspress/core/dist/theme/layout/DocLayout/index.js
  ../../.yarn/berry/cache/@rspress-core-npm-2.0.3-c87d0adf5b-10c0.zip/node_modules/@rspress/core/dist/theme/components/SidebarMenu/useSidebarMenu.js ×

File: ../../.yarn/berry/cache/@rspress-core-npm-2.0.3-c87d0adf5b-10c0.zip/node_modules/@rspress/core/dist/theme/components/SidebarMenu/useSidebarMenu.js:2:1-79
  × Module not found: Can't resolve 'body-scroll-lock' in '/home/dev/.yarn/berry/cache/@rspress-core-npm-2.0.3-c87d0adf5b-10c0.zip/node_modules/@rspress/core/dist/theme/components/SidebarMenu'
   ╭─[2:0]
 1 │ import { jsx } from "react/jsx-runtime";
 2 │ import { clearAllBodyScrollLocks, disableBodyScroll } from "body-scroll-lock";
   · ──────────────────────────────────────────────────────────────────────────────
 3 │ import { useEffect, useMemo, useRef, useState } from "react";
 4 │ import { SidebarMenu } from "./index.js";
   ╰────
Import traces (entry → error):
  ../../.yarn/berry/cache/@rspress-core-npm-2.0.3-c87d0adf5b-10c0.zip/node_modules/@rspress/core/dist/theme/index.js
  ../../.yarn/berry/cache/@rspress-core-npm-2.0.3-c87d0adf5b-10c0.zip/node_modules/@rspress/core/dist/theme/layout/DocLayout/index.js
  ../../.yarn/berry/cache/@rspress-core-npm-2.0.3-c87d0adf5b-10c0.zip/node_modules/@rspress/core/dist/theme/components/SidebarMenu/useSidebarMenu.js ×

File: ../../.yarn/berry/cache/@rspress-core-npm-2.0.3-c87d0adf5b-10c0.zip/node_modules/@rspress/core/dist/theme/components/SidebarMenu/useSidebarMenu.js:3:1-62
  × Module not found: Can't resolve 'react' in '/home/dev/.yarn/berry/cache/@rspress-core-npm-2.0.3-c87d0adf5b-10c0.zip/node_modules/@rspress/core/dist/theme/components/SidebarMenu'
   ╭─[3:0]
 1 │ import { jsx } from "react/jsx-runtime";
 2 │ import { clearAllBodyScrollLocks, disableBodyScroll } from "body-scroll-lock";
 3 │ import { useEffect, useMemo, useRef, useState } from "react";
   · ─────────────────────────────────────────────────────────────
 4 │ import { SidebarMenu } from "./index.js";
 5 │ import { useClickOutside } from "./useClickOutside.js";
   ╰────
Import traces (entry → error):
  ../../.yarn/berry/cache/@rspress-core-npm-2.0.3-c87d0adf5b-10c0.zip/node_modules/@rspress/core/dist/theme/index.js
  ../../.yarn/berry/cache/@rspress-core-npm-2.0.3-c87d0adf5b-10c0.zip/node_modules/@rspress/core/dist/theme/layout/DocLayout/index.js
  ../../.yarn/berry/cache/@rspress-core-npm-2.0.3-c87d0adf5b-10c0.zip/node_modules/@rspress/core/dist/theme/components/SidebarMenu/useSidebarMenu.js ×

File: ../../.yarn/berry/cache/@rspress-core-npm-2.0.3-c87d0adf5b-10c0.zip/node_modules/@rspress/core/dist/theme/components/SocialLinks/SocialLink.js:1:1-57
  × Module not found: Can't resolve 'react/jsx-runtime' in '/home/dev/.yarn/berry/cache/@rspress-core-npm-2.0.3-c87d0adf5b-10c0.zip/node_modules/@rspress/core/dist/theme/components/SocialLinks'
   ╭─[1:0]
 1 │ import { Fragment, jsx, jsxs } from "react/jsx-runtime";
   · ────────────────────────────────────────────────────────
 2 │ import virtual_social_links from "virtual-social-links";
 3 │ import "./index.css";
   ╰────
Import traces (entry → error):
  ../../.yarn/berry/cache/@rspress-core-npm-2.0.3-c87d0adf5b-10c0.zip/node_modules/@rspress/core/dist/theme/index.js
  ../../.yarn/berry/cache/@rspress-core-npm-2.0.3-c87d0adf5b-10c0.zip/node_modules/@rspress/core/dist/theme/components/SocialLinks/index.js
  ../../.yarn/berry/cache/@rspress-core-npm-2.0.3-c87d0adf5b-10c0.zip/node_modules/@rspress/core/dist/theme/components/SocialLinks/SocialLink.js ×

File: ../../.yarn/berry/cache/@rspress-core-npm-2.0.3-c87d0adf5b-10c0.zip/node_modules/@rspress/core/dist/theme/components/SocialLinks/index.js:1:1-57
  × Module not found: Can't resolve 'react/jsx-runtime' in '/home/dev/.yarn/berry/cache/@rspress-core-npm-2.0.3-c87d0adf5b-10c0.zip/node_modules/@rspress/core/dist/theme/components/SocialLinks'
   ╭─[1:0]
 1 │ import { Fragment, jsx, jsxs } from "react/jsx-runtime";
   · ────────────────────────────────────────────────────────
 2 │ import { useSite } from "@rspress/core/runtime";
 3 │ import { IconArrowDown, SvgWrapper } from "@theme";
   ╰────
Import traces (entry → error):
  ../../.yarn/berry/cache/@rspress-core-npm-2.0.3-c87d0adf5b-10c0.zip/node_modules/@rspress/core/dist/theme/index.js
  ../../.yarn/berry/cache/@rspress-core-npm-2.0.3-c87d0adf5b-10c0.zip/node_modules/@rspress/core/dist/theme/components/SocialLinks/index.js ×

File: ../../.yarn/berry/cache/@rspress-core-npm-2.0.3-c87d0adf5b-10c0.zip/node_modules/@rspress/core/dist/theme/components/SourceCode/index.js:1:1-47
  × Module not found: Can't resolve 'react/jsx-runtime' in '/home/dev/.yarn/berry/cache/@rspress-core-npm-2.0.3-c87d0adf5b-10c0.zip/node_modules/@rspress/core/dist/theme/components/SourceCode'
   ╭─[1:0]
 1 │ import { jsx, jsxs } from "react/jsx-runtime";
   · ──────────────────────────────────────────────
 2 │ import { useI18n } from "@rspress/core/runtime";
 3 │ import { IconGithub, IconGitlab, SvgWrapper } from "@theme";
   ╰────
Import traces (entry → error):
  ../../.yarn/berry/cache/@rspress-core-npm-2.0.3-c87d0adf5b-10c0.zip/node_modules/@rspress/core/dist/theme/index.js
  ../../.yarn/berry/cache/@rspress-core-npm-2.0.3-c87d0adf5b-10c0.zip/node_modules/@rspress/core/dist/theme/components/SourceCode/index.js ×

File: ../../.yarn/berry/cache/@rspress-core-npm-2.0.3-c87d0adf5b-10c0.zip/node_modules/@rspress/core/dist/theme/components/Steps/index.js:1:1-41
  × Module not found: Can't resolve 'react/jsx-runtime' in '/home/dev/.yarn/berry/cache/@rspress-core-npm-2.0.3-c87d0adf5b-10c0.zip/node_modules/@rspress/core/dist/theme/components/Steps'
   ╭─[1:0]
 1 │ import { jsx } from "react/jsx-runtime";
   · ────────────────────────────────────────
 2 │ import "./index.css";
 3 │ function Steps(param) {
   ╰────
Import traces (entry → error):
  ../../.yarn/berry/cache/@rspress-core-npm-2.0.3-c87d0adf5b-10c0.zip/node_modules/@rspress/core/dist/theme/index.js
  ../../.yarn/berry/cache/@rspress-core-npm-2.0.3-c87d0adf5b-10c0.zip/node_modules/@rspress/core/dist/theme/components/Steps/index.js ×

File: ../../.yarn/berry/cache/@rspress-core-npm-2.0.3-c87d0adf5b-10c0.zip/node_modules/@rspress/core/dist/theme/components/SvgWrapper/index.js:1:1-41
  × Module not found: Can't resolve 'react/jsx-runtime' in '/home/dev/.yarn/berry/cache/@rspress-core-npm-2.0.3-c87d0adf5b-10c0.zip/node_modules/@rspress/core/dist/theme/components/SvgWrapper'
   ╭─[1:0]
 1 │ import { jsx } from "react/jsx-runtime";
   · ────────────────────────────────────────
 2 │ import { renderHtmlOrText } from "@theme";
 3 │ function isUrlOrPath(str) {
   ╰────
Import traces (entry → error):
  ../../.yarn/berry/cache/@rspress-core-npm-2.0.3-c87d0adf5b-10c0.zip/node_modules/@rspress/core/dist/theme/index.js
  ../../.yarn/berry/cache/@rspress-core-npm-2.0.3-c87d0adf5b-10c0.zip/node_modules/@rspress/core/dist/theme/components/SvgWrapper/index.js ×

File: ../../.yarn/berry/cache/@rspress-core-npm-2.0.3-c87d0adf5b-10c0.zip/node_modules/@rspress/core/dist/theme/components/SwitchAppearance/index.js:1:1-47
  × Module not found: Can't resolve 'react/jsx-runtime' in '/home/dev/.yarn/berry/cache/@rspress-core-npm-2.0.3-c87d0adf5b-10c0.zip/node_modules/@rspress/core/dist/theme/components/SwitchAppearance'
   ╭─[1:0]
 1 │ import { jsx, jsxs } from "react/jsx-runtime";
   · ──────────────────────────────────────────────
 2 │ import { ThemeContext, useSite } from "@rspress/core/runtime";
 3 │ import { IconMoon, IconSun, SvgWrapper } from "@theme";
   ╰────
Import traces (entry → error):
  ../../.yarn/berry/cache/@rspress-core-npm-2.0.3-c87d0adf5b-10c0.zip/node_modules/@rspress/core/dist/theme/index.js
  ../../.yarn/berry/cache/@rspress-core-npm-2.0.3-c87d0adf5b-10c0.zip/node_modules/@rspress/core/dist/theme/components/SwitchAppearance/index.js ×

File: ../../.yarn/berry/cache/@rspress-core-npm-2.0.3-c87d0adf5b-10c0.zip/node_modules/@rspress/core/dist/theme/components/SwitchAppearance/index.js:4:1-36
  × Module not found: Can't resolve 'react' in '/home/dev/.yarn/berry/cache/@rspress-core-npm-2.0.3-c87d0adf5b-10c0.zip/node_modules/@rspress/core/dist/theme/components/SwitchAppearance'
   ╭─[4:0]
 2 │ import { ThemeContext, useSite } from "@rspress/core/runtime";
 3 │ import { IconMoon, IconSun, SvgWrapper } from "@theme";
 4 │ import { useContext } from "react";
   · ───────────────────────────────────
 5 │ import "./global.css";
 6 │ import "./index.css";
   ╰────
Import traces (entry → error):
  ../../.yarn/berry/cache/@rspress-core-npm-2.0.3-c87d0adf5b-10c0.zip/node_modules/@rspress/core/dist/theme/index.js
  ../../.yarn/berry/cache/@rspress-core-npm-2.0.3-c87d0adf5b-10c0.zip/node_modules/@rspress/core/dist/theme/components/SwitchAppearance/index.js ×

File: ../../.yarn/berry/cache/@rspress-core-npm-2.0.3-c87d0adf5b-10c0.zip/node_modules/@rspress/core/dist/theme/components/SwitchAppearance/index.js:7:1-39
  × Module not found: Can't resolve 'react-dom' in '/home/dev/.yarn/berry/cache/@rspress-core-npm-2.0.3-c87d0adf5b-10c0.zip/node_modules/@rspress/core/dist/theme/components/SwitchAppearance'
   ╭─[7:0]
 5 │ import "./global.css";
 6 │ import "./index.css";
 7 │ import { flushSync } from "react-dom";
   · ──────────────────────────────────────
 8 │ const supportAppearanceTransition = ()=>'function' == typeof document?.startViewTransition && !window.matchMedia('(prefers-reduced-motion: reduce)').matches;
 9 │ const removeClipViewTransition = ()=>{
   ╰────
Import traces (entry → error):
  ../../.yarn/berry/cache/@rspress-core-npm-2.0.3-c87d0adf5b-10c0.zip/node_modules/@rspress/core/dist/theme/index.js
  ../../.yarn/berry/cache/@rspress-core-npm-2.0.3-c87d0adf5b-10c0.zip/node_modules/@rspress/core/dist/theme/components/SwitchAppearance/index.js ×

File: ../../.yarn/berry/cache/@rspress-core-npm-2.0.3-c87d0adf5b-10c0.zip/node_modules/@rspress/core/dist/theme/components/Tabs/index.js:1:1-57
  × Module not found: Can't resolve 'react/jsx-runtime' in '/home/dev/.yarn/berry/cache/@rspress-core-npm-2.0.3-c87d0adf5b-10c0.zip/node_modules/@rspress/core/dist/theme/components/Tabs'
   ╭─[1:0]
 1 │ import { Fragment, jsx, jsxs } from "react/jsx-runtime";
   · ────────────────────────────────────────────────────────
 2 │ import { useStorageValue } from "@theme";
 3 │ import clsx from "clsx";
   ╰────
Import traces (entry → error):
  ../../.yarn/berry/cache/@rspress-core-npm-2.0.3-c87d0adf5b-10c0.zip/node_modules/@rspress/core/dist/theme/index.js
  ../../.yarn/berry/cache/@rspress-core-npm-2.0.3-c87d0adf5b-10c0.zip/node_modules/@rspress/core/dist/theme/components/Tabs/index.js ×

File: ../../.yarn/berry/cache/@rspress-core-npm-2.0.3-c87d0adf5b-10c0.zip/node_modules/@rspress/core/dist/theme/components/Tabs/index.js:3:1-25
  × Module not found: Can't resolve 'clsx' in '/home/dev/.yarn/berry/cache/@rspress-core-npm-2.0.3-c87d0adf5b-10c0.zip/node_modules/@rspress/core/dist/theme/components/Tabs'
   ╭─[3:0]
 1 │ import { Fragment, jsx, jsxs } from "react/jsx-runtime";
 2 │ import { useStorageValue } from "@theme";
 3 │ import clsx from "clsx";
   · ────────────────────────
 4 │ import { Children, forwardRef, isValidElement, useMemo, useState } from "react";
 5 │ import "./index.css";
   ╰────
Import traces (entry → error):
  ../../.yarn/berry/cache/@rspress-core-npm-2.0.3-c87d0adf5b-10c0.zip/node_modules/@rspress/core/dist/theme/index.js
  ../../.yarn/berry/cache/@rspress-core-npm-2.0.3-c87d0adf5b-10c0.zip/node_modules/@rspress/core/dist/theme/components/Tabs/index.js ×

File: ../../.yarn/berry/cache/@rspress-core-npm-2.0.3-c87d0adf5b-10c0.zip/node_modules/@rspress/core/dist/theme/components/Tabs/index.js:4:1-81
  × Module not found: Can't resolve 'react' in '/home/dev/.yarn/berry/cache/@rspress-core-npm-2.0.3-c87d0adf5b-10c0.zip/node_modules/@rspress/core/dist/theme/components/Tabs'
   ╭─[4:0]
 2 │ import { useStorageValue } from "@theme";
 3 │ import clsx from "clsx";
 4 │ import { Children, forwardRef, isValidElement, useMemo, useState } from "react";
   · ────────────────────────────────────────────────────────────────────────────────
 5 │ import "./index.css";
 6 │ function getTabValuesFromChildren(children, defaultValues) {
   ╰────
Import traces (entry → error):
  ../../.yarn/berry/cache/@rspress-core-npm-2.0.3-c87d0adf5b-10c0.zip/node_modules/@rspress/core/dist/theme/index.js
  ../../.yarn/berry/cache/@rspress-core-npm-2.0.3-c87d0adf5b-10c0.zip/node_modules/@rspress/core/dist/theme/components/Tabs/index.js ×

File: ../../.yarn/berry/cache/@rspress-core-npm-2.0.3-c87d0adf5b-10c0.zip/node_modules/@rspress/core/dist/theme/components/Tag/index.js:1:1-57
  × Module not found: Can't resolve 'react/jsx-runtime' in '/home/dev/.yarn/berry/cache/@rspress-core-npm-2.0.3-c87d0adf5b-10c0.zip/node_modules/@rspress/core/dist/theme/components/Tag'
   ╭─[1:0]
 1 │ import { Fragment, jsx, jsxs } from "react/jsx-runtime";
   · ────────────────────────────────────────────────────────
 2 │ import { isDataUrl, isExternalUrl } from "@rspress/core/runtime";
 3 │ import { Badge, IconDeprecated, IconExperimental, SvgWrapper, Tag } from "@theme";
   ╰────
Import traces (entry → error):
  ../../.yarn/berry/cache/@rspress-core-npm-2.0.3-c87d0adf5b-10c0.zip/node_modules/@rspress/core/dist/theme/index.js
  ../../.yarn/berry/cache/@rspress-core-npm-2.0.3-c87d0adf5b-10c0.zip/node_modules/@rspress/core/dist/theme/components/Tag/index.js ×

File: ../../.yarn/berry/cache/@rspress-core-npm-2.0.3-c87d0adf5b-10c0.zip/node_modules/@rspress/core/dist/theme/components/Tag/index.js:4:1-33
  × Module not found: Can't resolve 'react' in '/home/dev/.yarn/berry/cache/@rspress-core-npm-2.0.3-c87d0adf5b-10c0.zip/node_modules/@rspress/core/dist/theme/components/Tag'
   ╭─[4:0]
 2 │ import { isDataUrl, isExternalUrl } from "@rspress/core/runtime";
 3 │ import { Badge, IconDeprecated, IconExperimental, SvgWrapper, Tag } from "@theme";
 4 │ import { useMemo } from "react";
   · ────────────────────────────────
 5 │ const BADGE_TAGS = {
 6 │     tip: 'tip',
   ╰────
Import traces (entry → error):
  ../../.yarn/berry/cache/@rspress-core-npm-2.0.3-c87d0adf5b-10c0.zip/node_modules/@rspress/core/dist/theme/index.js
  ../../.yarn/berry/cache/@rspress-core-npm-2.0.3-c87d0adf5b-10c0.zip/node_modules/@rspress/core/dist/theme/components/Tag/index.js ×

File: ../../.yarn/berry/cache/@rspress-core-npm-2.0.3-c87d0adf5b-10c0.zip/node_modules/@rspress/core/dist/theme/components/Tag/index.js:18:19-32
  × ESModulesLinkingError: export 'isExternalUrl' (imported as 'isExternalUrl') was not found in '@rspress/core/runtime' (possible exports: Content, NoSSR, PageContext, ThemeContext, addLeadingSlash, addTrailingSlash, cleanUrlByConfig, getSidebarDataGroup, isActive, isEqualPath, isProduction, normalizeHrefInRuntime, normalizeImagePath, pathnameToRouteService, preloadLink, removeBase, removeTrailingSlash, routePathToMdPath, useActiveMatcher, useDark, useFrontmatter, useI18n, useLang, useLocaleSiteData, useNav, usePage, usePageData, useSidebar, useSidebarDynamic, useSite, useVersion, useWindowSize, withBase)
    ╭─[18:18]
 16 │     const normalizedTag = tag.trim();
 17 │     const isSvgTagString = normalizedTag.startsWith('<svg');
 18 │     const isPic = isExternalUrl(normalizedTag) || isDataUrl(normalizedTag);
    ·                   ─────────────
 19 │     const tagsArray = parseCommonTagsArrayStr(normalizedTag);
 20 │     return {
    ╰────
Import traces (entry → error):
  ../../.yarn/berry/cache/@rspress-core-npm-2.0.3-c87d0adf5b-10c0.zip/node_modules/@rspress/core/dist/theme/index.js
  ../../.yarn/berry/cache/@rspress-core-npm-2.0.3-c87d0adf5b-10c0.zip/node_modules/@rspress/core/dist/theme/components/Tag/index.js ×

File: ../../.yarn/berry/cache/@rspress-core-npm-2.0.3-c87d0adf5b-10c0.zip/node_modules/@rspress/core/dist/theme/components/Tag/index.js:18:51-60
  × ESModulesLinkingError: export 'isDataUrl' (imported as 'isDataUrl') was not found in '@rspress/core/runtime' (possible exports: Content, NoSSR, PageContext, ThemeContext, addLeadingSlash, addTrailingSlash, cleanUrlByConfig, getSidebarDataGroup, isActive, isEqualPath, isProduction, normalizeHrefInRuntime, normalizeImagePath, pathnameToRouteService, preloadLink, removeBase, removeTrailingSlash, routePathToMdPath, useActiveMatcher, useDark, useFrontmatter, useI18n, useLang, useLocaleSiteData, useNav, usePage, usePageData, useSidebar, useSidebarDynamic, useSite, useVersion, useWindowSize, withBase)
    ╭─[18:50]
 16 │     const normalizedTag = tag.trim();
 17 │     const isSvgTagString = normalizedTag.startsWith('<svg');
 18 │     const isPic = isExternalUrl(normalizedTag) || isDataUrl(normalizedTag);
    ·                                                   ─────────
 19 │     const tagsArray = parseCommonTagsArrayStr(normalizedTag);
 20 │     return {
    ╰────
Import traces (entry → error):
  ../../.yarn/berry/cache/@rspress-core-npm-2.0.3-c87d0adf5b-10c0.zip/node_modules/@rspress/core/dist/theme/index.js
  ../../.yarn/berry/cache/@rspress-core-npm-2.0.3-c87d0adf5b-10c0.zip/node_modules/@rspress/core/dist/theme/components/Tag/index.js ×

File: ../../.yarn/berry/cache/@rspress-core-npm-2.0.3-c87d0adf5b-10c0.zip/node_modules/@rspress/core/dist/theme/components/Toc/TocItem.js:1:1-41
  × Module not found: Can't resolve 'react/jsx-runtime' in '/home/dev/.yarn/berry/cache/@rspress-core-npm-2.0.3-c87d0adf5b-10c0.zip/node_modules/@rspress/core/dist/theme/components/Toc'
   ╭─[1:0]
 1 │ import { jsx } from "react/jsx-runtime";
   · ────────────────────────────────────────
 2 │ import { Link, parseInlineMarkdownText, renderInlineMarkdown } from "@theme";
 3 │ import clsx from "clsx";
   ╰────
Import traces (entry → error):
  ../../.yarn/berry/cache/@rspress-core-npm-2.0.3-c87d0adf5b-10c0.zip/node_modules/@rspress/core/dist/theme/index.js
  ../../.yarn/berry/cache/@rspress-core-npm-2.0.3-c87d0adf5b-10c0.zip/node_modules/@rspress/core/dist/theme/components/Toc/index.js
  ../../.yarn/berry/cache/@rspress-core-npm-2.0.3-c87d0adf5b-10c0.zip/node_modules/@rspress/core/dist/theme/components/Toc/TocItem.js ×

File: ../../.yarn/berry/cache/@rspress-core-npm-2.0.3-c87d0adf5b-10c0.zip/node_modules/@rspress/core/dist/theme/components/Toc/TocItem.js:3:1-25
  × Module not found: Can't resolve 'clsx' in '/home/dev/.yarn/berry/cache/@rspress-core-npm-2.0.3-c87d0adf5b-10c0.zip/node_modules/@rspress/core/dist/theme/components/Toc'
   ╭─[3:0]
 1 │ import { jsx } from "react/jsx-runtime";
 2 │ import { Link, parseInlineMarkdownText, renderInlineMarkdown } from "@theme";
 3 │ import clsx from "clsx";
   · ────────────────────────
 4 │ import "./TocItem.css";
 5 │ import { useEffect, useRef } from "react";
   ╰────
Import traces (entry → error):
  ../../.yarn/berry/cache/@rspress-core-npm-2.0.3-c87d0adf5b-10c0.zip/node_modules/@rspress/core/dist/theme/index.js
  ../../.yarn/berry/cache/@rspress-core-npm-2.0.3-c87d0adf5b-10c0.zip/node_modules/@rspress/core/dist/theme/components/Toc/index.js
  ../../.yarn/berry/cache/@rspress-core-npm-2.0.3-c87d0adf5b-10c0.zip/node_modules/@rspress/core/dist/theme/components/Toc/TocItem.js ×

File: ../../.yarn/berry/cache/@rspress-core-npm-2.0.3-c87d0adf5b-10c0.zip/node_modules/@rspress/core/dist/theme/components/Toc/TocItem.js:5:1-43
  × Module not found: Can't resolve 'react' in '/home/dev/.yarn/berry/cache/@rspress-core-npm-2.0.3-c87d0adf5b-10c0.zip/node_modules/@rspress/core/dist/theme/components/Toc'
   ╭─[5:0]
 3 │ import clsx from "clsx";
 4 │ import "./TocItem.css";
 5 │ import { useEffect, useRef } from "react";
   · ──────────────────────────────────────────
 6 │ import scroll_into_view_if_needed from "scroll-into-view-if-needed";
 7 │ const TocItem = (param)=>{
   ╰────
Import traces (entry → error):
  ../../.yarn/berry/cache/@rspress-core-npm-2.0.3-c87d0adf5b-10c0.zip/node_modules/@rspress/core/dist/theme/index.js
  ../../.yarn/berry/cache/@rspress-core-npm-2.0.3-c87d0adf5b-10c0.zip/node_modules/@rspress/core/dist/theme/components/Toc/index.js
  ../../.yarn/berry/cache/@rspress-core-npm-2.0.3-c87d0adf5b-10c0.zip/node_modules/@rspress/core/dist/theme/components/Toc/TocItem.js ×

File: ../../.yarn/berry/cache/@rspress-core-npm-2.0.3-c87d0adf5b-10c0.zip/node_modules/@rspress/core/dist/theme/components/Toc/TocItem.js:6:1-69
  × Module not found: Can't resolve 'scroll-into-view-if-needed' in '/home/dev/.yarn/berry/cache/@rspress-core-npm-2.0.3-c87d0adf5b-10c0.zip/node_modules/@rspress/core/dist/theme/components/Toc'
   ╭─[6:0]
 4 │ import "./TocItem.css";
 5 │ import { useEffect, useRef } from "react";
 6 │ import scroll_into_view_if_needed from "scroll-into-view-if-needed";
   · ────────────────────────────────────────────────────────────────────
 7 │ const TocItem = (param)=>{
 8 │     let { header, baseHeaderLevel, active } = param;
   ╰────
Import traces (entry → error):
  ../../.yarn/berry/cache/@rspress-core-npm-2.0.3-c87d0adf5b-10c0.zip/node_modules/@rspress/core/dist/theme/index.js
  ../../.yarn/berry/cache/@rspress-core-npm-2.0.3-c87d0adf5b-10c0.zip/node_modules/@rspress/core/dist/theme/components/Toc/index.js
  ../../.yarn/berry/cache/@rspress-core-npm-2.0.3-c87d0adf5b-10c0.zip/node_modules/@rspress/core/dist/theme/components/Toc/TocItem.js ×

File: ../../.yarn/berry/cache/@rspress-core-npm-2.0.3-c87d0adf5b-10c0.zip/node_modules/@rspress/core/dist/theme/components/Toc/index.js:1:1-51
  × Module not found: Can't resolve 'react/jsx-runtime' in '/home/dev/.yarn/berry/cache/@rspress-core-npm-2.0.3-c87d0adf5b-10c0.zip/node_modules/@rspress/core/dist/theme/components/Toc'
   ╭─[1:0]
 1 │ import { Fragment, jsx } from "react/jsx-runtime";
   · ──────────────────────────────────────────────────
 2 │ import { useActiveAnchor, useDynamicToc } from "@theme";
 3 │ import { TocItem } from "./TocItem.js";
   ╰────
Import traces (entry → error):
  ../../.yarn/berry/cache/@rspress-core-npm-2.0.3-c87d0adf5b-10c0.zip/node_modules/@rspress/core/dist/theme/index.js
  ../../.yarn/berry/cache/@rspress-core-npm-2.0.3-c87d0adf5b-10c0.zip/node_modules/@rspress/core/dist/theme/components/Toc/index.js ×

File: ../../.yarn/berry/cache/@rspress-core-npm-2.0.3-c87d0adf5b-10c0.zip/node_modules/@rspress/core/dist/theme/hooks/useActiveAnchor.js:2:1-45
  × Module not found: Can't resolve 'react' in '/home/dev/.yarn/berry/cache/@rspress-core-npm-2.0.3-c87d0adf5b-10c0.zip/node_modules/@rspress/core/dist/theme/hooks'
   ╭─[2:0]
 1 │ import { useLocation } from "@rspress/core/runtime";
 2 │ import { useEffect, useState } from "react";
   · ────────────────────────────────────────────
 3 │ function parseCSSLength(value) {
 4 │     if (!value || 'auto' === value || 'none' === value) return 0;
   ╰────
Import traces (entry → error):
  ../../.yarn/berry/cache/@rspress-core-npm-2.0.3-c87d0adf5b-10c0.zip/node_modules/@rspress/core/dist/theme/index.js
  ../../.yarn/berry/cache/@rspress-core-npm-2.0.3-c87d0adf5b-10c0.zip/node_modules/@rspress/core/dist/theme/hooks/useActiveAnchor.js ×

File: ../../.yarn/berry/cache/@rspress-core-npm-2.0.3-c87d0adf5b-10c0.zip/node_modules/@rspress/core/dist/theme/hooks/useActiveAnchor.js:12:22-33
  × ESModulesLinkingError: export 'useLocation' (imported as 'useLocation') was not found in '@rspress/core/runtime' (possible exports: Content, NoSSR, PageContext, ThemeContext, addLeadingSlash, addTrailingSlash, cleanUrlByConfig, getSidebarDataGroup, isActive, isEqualPath, isProduction, normalizeHrefInRuntime, normalizeImagePath, pathnameToRouteService, preloadLink, removeBase, removeTrailingSlash, routePathToMdPath, useActiveMatcher, useDark, useFrontmatter, useI18n, useLang, useLocaleSiteData, useNav, usePage, usePageData, useSidebar, useSidebarDynamic, useSite, useVersion, useWindowSize, withBase)
    ╭─[12:21]
 10 │     const [activeAnchorId, setActiveAnchorId] = useState();
 11 │     const [scrolledHeader, setScrolledHeader] = useState();
 12 │     const { hash } = useLocation();
    ·                      ───────────
 13 │     useEffect(()=>{
 14 │         if ("u" < typeof window) return;
    ╰────
Import traces (entry → error):
  ../../.yarn/berry/cache/@rspress-core-npm-2.0.3-c87d0adf5b-10c0.zip/node_modules/@rspress/core/dist/theme/index.js
  ../../.yarn/berry/cache/@rspress-core-npm-2.0.3-c87d0adf5b-10c0.zip/node_modules/@rspress/core/dist/theme/hooks/useActiveAnchor.js ×

File: ../../.yarn/berry/cache/@rspress-core-npm-2.0.3-c87d0adf5b-10c0.zip/node_modules/@rspress/core/dist/theme/hooks/useDynamicToc.js:2:1-58
  × Module not found: Can't resolve 'react' in '/home/dev/.yarn/berry/cache/@rspress-core-npm-2.0.3-c87d0adf5b-10c0.zip/node_modules/@rspress/core/dist/theme/hooks'
   ╭─[2:0]
 1 │ import { usePage } from "@rspress/core/runtime";
 2 │ import { useCallback, useEffect, useState } from "react";
   · ─────────────────────────────────────────────────────────
 3 │ import { processTitleElement } from "./processTitleElement.js";
 4 │ const updateFns = {};
   ╰────
Import traces (entry → error):
  ../../.yarn/berry/cache/@rspress-core-npm-2.0.3-c87d0adf5b-10c0.zip/node_modules/@rspress/core/dist/theme/index.js
  ../../.yarn/berry/cache/@rspress-core-npm-2.0.3-c87d0adf5b-10c0.zip/node_modules/@rspress/core/dist/theme/hooks/useDynamicToc.js ×

File: ../../.yarn/berry/cache/@rspress-core-npm-2.0.3-c87d0adf5b-10c0.zip/node_modules/@rspress/core/dist/theme/layout/DocLayout/index.js:1:1-57
  × Module not found: Can't resolve 'react/jsx-runtime' in '/home/dev/.yarn/berry/cache/@rspress-core-npm-2.0.3-c87d0adf5b-10c0.zip/node_modules/@rspress/core/dist/theme/layout/DocLayout'
   ╭─[1:0]
 1 │ import { Fragment, jsx, jsxs } from "react/jsx-runtime";
   · ────────────────────────────────────────────────────────
 2 │ import { useFrontmatter } from "@rspress/core/runtime";
 3 │ import { DocContent, DocFooter, Outline, Overview, Sidebar, useWatchToc } from "@theme";
   ╰────
Import traces (entry → error):
  ../../.yarn/berry/cache/@rspress-core-npm-2.0.3-c87d0adf5b-10c0.zip/node_modules/@rspress/core/dist/theme/index.js
  ../../.yarn/berry/cache/@rspress-core-npm-2.0.3-c87d0adf5b-10c0.zip/node_modules/@rspress/core/dist/theme/layout/DocLayout/index.js ×

File: ../../.yarn/berry/cache/@rspress-core-npm-2.0.3-c87d0adf5b-10c0.zip/node_modules/@rspress/core/dist/theme/layout/DocLayout/index.js:4:1-25
  × Module not found: Can't resolve 'clsx' in '/home/dev/.yarn/berry/cache/@rspress-core-npm-2.0.3-c87d0adf5b-10c0.zip/node_modules/@rspress/core/dist/theme/layout/DocLayout'
   ╭─[4:0]
 2 │ import { useFrontmatter } from "@rspress/core/runtime";
 3 │ import { DocContent, DocFooter, Outline, Overview, Sidebar, useWatchToc } from "@theme";
 4 │ import clsx from "clsx";
   · ────────────────────────
 5 │ import { useSidebarMenu } from "../../components/SidebarMenu/useSidebarMenu.js";
 6 │ import "./index.css";
   ╰────
Import traces (entry → error):
  ../../.yarn/berry/cache/@rspress-core-npm-2.0.3-c87d0adf5b-10c0.zip/node_modules/@rspress/core/dist/theme/index.js
  ../../.yarn/berry/cache/@rspress-core-npm-2.0.3-c87d0adf5b-10c0.zip/node_modules/@rspress/core/dist/theme/layout/DocLayout/index.js ×

File: ../../.yarn/berry/cache/@rspress-core-npm-2.0.3-c87d0adf5b-10c0.zip/node_modules/@rspress/core/dist/theme/layout/HomeLayout/index.js:1:1-57
  × Module not found: Can't resolve 'react/jsx-runtime' in '/home/dev/.yarn/berry/cache/@rspress-core-npm-2.0.3-c87d0adf5b-10c0.zip/node_modules/@rspress/core/dist/theme/layout/HomeLayout'
   ╭─[1:0]
 1 │ import { Fragment, jsx, jsxs } from "react/jsx-runtime";
   · ────────────────────────────────────────────────────────
 2 │ import { useFrontmatter } from "@rspress/core/runtime";
 3 │ import { HomeBackground, HomeFeature, HomeFooter, HomeHero } from "@theme";
   ╰────
Import traces (entry → error):
  ../../.yarn/berry/cache/@rspress-core-npm-2.0.3-c87d0adf5b-10c0.zip/node_modules/@rspress/core/dist/theme/index.js
  ../../.yarn/berry/cache/@rspress-core-npm-2.0.3-c87d0adf5b-10c0.zip/node_modules/@rspress/core/dist/theme/layout/HomeLayout/index.js ×

File: ../../.yarn/berry/cache/@rspress-core-npm-2.0.3-c87d0adf5b-10c0.zip/node_modules/@rspress/core/dist/theme/layout/Layout/index.js:1:1-57
  × Module not found: Can't resolve 'react/jsx-runtime' in '/home/dev/.yarn/berry/cache/@rspress-core-npm-2.0.3-c87d0adf5b-10c0.zip/node_modules/@rspress/core/dist/theme/layout/Layout'
   ╭─[1:0]
 1 │ import { Fragment, jsx, jsxs } from "react/jsx-runtime";
   · ────────────────────────────────────────────────────────
 2 │ import { Content, useFrontmatter, useLocaleSiteData, usePage, useSite } from "@rspress/core/runtime";
 3 │ import { DocLayout, HomeLayout as external_theme_HomeLayout, Nav, NotFoundLayout as external_theme_NotFoundLayout, useRedirect4FirstVisit, useScrollReset, useSetup } from "@theme";
   ╰────
Import traces (entry → error):
  ../../.yarn/berry/cache/@rspress-core-npm-2.0.3-c87d0adf5b-10c0.zip/node_modules/@rspress/core/dist/theme/index.js
  ../../.yarn/berry/cache/@rspress-core-npm-2.0.3-c87d0adf5b-10c0.zip/node_modules/@rspress/core/dist/theme/layout/Layout/index.js ×

File: ../../.yarn/berry/cache/@rspress-core-npm-2.0.3-c87d0adf5b-10c0.zip/node_modules/@rspress/core/dist/theme/layout/Layout/index.js:4:1-47
  × Module not found: Can't resolve '@unhead/react' in '/home/dev/.yarn/berry/cache/@rspress-core-npm-2.0.3-c87d0adf5b-10c0.zip/node_modules/@rspress/core/dist/theme/layout/Layout'
   ╭─[4:0]
 2 │ import { Content, useFrontmatter, useLocaleSiteData, usePage, useSite } from "@rspress/core/runtime";
 3 │ import { DocLayout, HomeLayout as external_theme_HomeLayout, Nav, NotFoundLayout as external_theme_NotFoundLayout, useRedirect4FirstVisit, useScrollReset, useSetup } from "@theme";
 4 │ import { Head, useHead } from "@unhead/react";
   · ──────────────────────────────────────────────
 5 │ import react, { memo, useMemo } from "react";
 6 │ const concatTitle = (title, suffix)=>{
   ╰────
Import traces (entry → error):
  ../../.yarn/berry/cache/@rspress-core-npm-2.0.3-c87d0adf5b-10c0.zip/node_modules/@rspress/core/dist/theme/index.js
  ../../.yarn/berry/cache/@rspress-core-npm-2.0.3-c87d0adf5b-10c0.zip/node_modules/@rspress/core/dist/theme/layout/Layout/index.js ×

File: ../../.yarn/berry/cache/@rspress-core-npm-2.0.3-c87d0adf5b-10c0.zip/node_modules/@rspress/core/dist/theme/layout/Layout/index.js:5:1-46
  × Module not found: Can't resolve 'react' in '/home/dev/.yarn/berry/cache/@rspress-core-npm-2.0.3-c87d0adf5b-10c0.zip/node_modules/@rspress/core/dist/theme/layout/Layout'
   ╭─[5:0]
 3 │ import { DocLayout, HomeLayout as external_theme_HomeLayout, Nav, NotFoundLayout as external_theme_NotFoundLayout, useRedirect4FirstVisit, useScrollReset, useSetup } from "@theme";
 4 │ import { Head, useHead } from "@unhead/react";
 5 │ import react, { memo, useMemo } from "react";
   · ─────────────────────────────────────────────
 6 │ const concatTitle = (title, suffix)=>{
 7 │     if (!suffix) return title;
   ╰────
Import traces (entry → error):
  ../../.yarn/berry/cache/@rspress-core-npm-2.0.3-c87d0adf5b-10c0.zip/node_modules/@rspress/core/dist/theme/index.js
  ../../.yarn/berry/cache/@rspress-core-npm-2.0.3-c87d0adf5b-10c0.zip/node_modules/@rspress/core/dist/theme/layout/Layout/index.js ×

File: ../../.yarn/berry/cache/@rspress-core-npm-2.0.3-c87d0adf5b-10c0.zip/node_modules/@rspress/core/dist/theme/layout/NotFountLayout/index.js:1:1-47
  × Module not found: Can't resolve 'react/jsx-runtime' in '/home/dev/.yarn/berry/cache/@rspress-core-npm-2.0.3-c87d0adf5b-10c0.zip/node_modules/@rspress/core/dist/theme/layout/NotFountLayout'
   ╭─[1:0]
 1 │ import { jsx, jsxs } from "react/jsx-runtime";
   · ──────────────────────────────────────────────
 2 │ import { useI18n, usePageData } from "@rspress/core/runtime";
 3 │ import { Link } from "@theme";
   ╰────
Import traces (entry → error):
  ../../.yarn/berry/cache/@rspress-core-npm-2.0.3-c87d0adf5b-10c0.zip/node_modules/@rspress/core/dist/theme/index.js
  ../../.yarn/berry/cache/@rspress-core-npm-2.0.3-c87d0adf5b-10c0.zip/node_modules/@rspress/core/dist/theme/layout/NotFountLayout/index.js ×

File: ../../.yarn/berry/cache/@rspress-core-npm-2.0.3-c87d0adf5b-10c0.zip/node_modules/@rspress/core/dist/theme/logic/useFullTextSearch.js:2:1-53
  × Module not found: Can't resolve 'react' in '/home/dev/.yarn/berry/cache/@rspress-core-npm-2.0.3-c87d0adf5b-10c0.zip/node_modules/@rspress/core/dist/theme/logic'
   ╭─[2:0]
 1 │ import { usePageData } from "@rspress/core/runtime";
 2 │ import { useEffect, useRef, useState } from "react";
   · ────────────────────────────────────────────────────
 3 │ import { PageSearcher } from "../components/Search/logic/search.js";
 4 │ function useFullTextSearch() {
   ╰────
Import traces (entry → error):
  ../../.yarn/berry/cache/@rspress-core-npm-2.0.3-c87d0adf5b-10c0.zip/node_modules/@rspress/core/dist/theme/index.js
  ../../.yarn/berry/cache/@rspress-core-npm-2.0.3-c87d0adf5b-10c0.zip/node_modules/@rspress/core/dist/theme/logic/useFullTextSearch.js ×

File: ../../.yarn/berry/cache/@rspress-core-npm-2.0.3-c87d0adf5b-10c0.zip/node_modules/@rspress/core/dist/theme/logic/useMediaQuery.js:1:1-45
  × Module not found: Can't resolve 'react' in '/home/dev/.yarn/berry/cache/@rspress-core-npm-2.0.3-c87d0adf5b-10c0.zip/node_modules/@rspress/core/dist/theme/logic'
   ╭─[1:0]
 1 │ import { useEffect, useState } from "react";
   · ────────────────────────────────────────────
 2 │ const useMediaQuery = (query)=>{
 3 │     const [matches, setMatches] = useState(()=>"u" > typeof window ? window.matchMedia(query).matches : false);
   ╰────
Import traces (entry → error):
  ../../.yarn/berry/cache/@rspress-core-npm-2.0.3-c87d0adf5b-10c0.zip/node_modules/@rspress/core/dist/theme/index.js
  ../../.yarn/berry/cache/@rspress-core-npm-2.0.3-c87d0adf5b-10c0.zip/node_modules/@rspress/core/dist/theme/logic/useThemeState.js
  ../../.yarn/berry/cache/@rspress-core-npm-2.0.3-c87d0adf5b-10c0.zip/node_modules/@rspress/core/dist/theme/logic/useMediaQuery.js ×

File: ../../.yarn/berry/cache/@rspress-core-npm-2.0.3-c87d0adf5b-10c0.zip/node_modules/@rspress/core/dist/theme/logic/usePrevNextPage.js:3:26-37
  × ESModulesLinkingError: export 'useLocation' (imported as 'useLocation') was not found in '@rspress/core/runtime' (possible exports: Content, NoSSR, PageContext, ThemeContext, addLeadingSlash, addTrailingSlash, cleanUrlByConfig, getSidebarDataGroup, isActive, isEqualPath, isProduction, normalizeHrefInRuntime, normalizeImagePath, pathnameToRouteService, preloadLink, removeBase, removeTrailingSlash, routePathToMdPath, useActiveMatcher, useDark, useFrontmatter, useI18n, useLang, useLocaleSiteData, useNav, usePage, usePageData, useSidebar, useSidebarDynamic, useSite, useVersion, useWindowSize, withBase)
   ╭─[3:25]
 1 │ import { isEqualPath, useLocation, useSidebar } from "@rspress/core/runtime";
 2 │ function usePrevNextPage() {
 3 │     const { pathname } = useLocation();
   ·                          ───────────
 4 │     const items = useSidebar();
 5 │     const flattenTitles = [];
   ╰────
Import traces (entry → error):
  ../../.yarn/berry/cache/@rspress-core-npm-2.0.3-c87d0adf5b-10c0.zip/node_modules/@rspress/core/dist/theme/index.js
  ../../.yarn/berry/cache/@rspress-core-npm-2.0.3-c87d0adf5b-10c0.zip/node_modules/@rspress/core/dist/theme/logic/usePrevNextPage.js ×

File: ../../.yarn/berry/cache/@rspress-core-npm-2.0.3-c87d0adf5b-10c0.zip/node_modules/@rspress/core/dist/theme/logic/useRedirect4FirstVisit.js:2:1-35
  × Module not found: Can't resolve 'react' in '/home/dev/.yarn/berry/cache/@rspress-core-npm-2.0.3-c87d0adf5b-10c0.zip/node_modules/@rspress/core/dist/theme/logic'
   ╭─[2:0]
 1 │ import { removeBase, usePageData, withBase } from "@rspress/core/runtime";
 2 │ import { useEffect } from "react";
   · ──────────────────────────────────
 3 │ function useRedirect4FirstVisit() {
 4 │     const { siteData, page } = usePageData();
   ╰────
Import traces (entry → error):
  ../../.yarn/berry/cache/@rspress-core-npm-2.0.3-c87d0adf5b-10c0.zip/node_modules/@rspress/core/dist/theme/index.js
  ../../.yarn/berry/cache/@rspress-core-npm-2.0.3-c87d0adf5b-10c0.zip/node_modules/@rspress/core/dist/theme/logic/useRedirect4FirstVisit.js ×

File: ../../.yarn/berry/cache/@rspress-core-npm-2.0.3-c87d0adf5b-10c0.zip/node_modules/@rspress/core/dist/theme/logic/useScrollAfterNav.js:2:1-41
  × Module not found: Can't resolve 'react' in '/home/dev/.yarn/berry/cache/@rspress-core-npm-2.0.3-c87d0adf5b-10c0.zip/node_modules/@rspress/core/dist/theme/logic'
   ╭─[2:0]
 1 │ import { useLocation } from "@rspress/core/runtime";
 2 │ import { useLayoutEffect } from "react";
   · ────────────────────────────────────────
 3 │ function parseCSSLength(value) {
 4 │     if (!value || 'auto' === value || 'none' === value) return 0;
   ╰────
Import traces (entry → error):
  ../../.yarn/berry/cache/@rspress-core-npm-2.0.3-c87d0adf5b-10c0.zip/node_modules/@rspress/core/dist/theme/index.js
  ../../.yarn/berry/cache/@rspress-core-npm-2.0.3-c87d0adf5b-10c0.zip/node_modules/@rspress/core/dist/theme/logic/useScrollAfterNav.js ×

File: ../../.yarn/berry/cache/@rspress-core-npm-2.0.3-c87d0adf5b-10c0.zip/node_modules/@rspress/core/dist/theme/logic/useScrollAfterNav.js:22:22-33
  × ESModulesLinkingError: export 'useLocation' (imported as 'useLocation') was not found in '@rspress/core/runtime' (possible exports: Content, NoSSR, PageContext, ThemeContext, addLeadingSlash, addTrailingSlash, cleanUrlByConfig, getSidebarDataGroup, isActive, isEqualPath, isProduction, normalizeHrefInRuntime, normalizeImagePath, pathnameToRouteService, preloadLink, removeBase, removeTrailingSlash, routePathToMdPath, useActiveMatcher, useDark, useFrontmatter, useI18n, useLang, useLocaleSiteData, useNav, usePage, usePageData, useSidebar, useSidebarDynamic, useSite, useVersion, useWindowSize, withBase)
    ╭─[22:21]
 20 │ }
 21 │ function useScrollAfterNav() {
 22 │     const location = useLocation();
    ·                      ───────────
 23 │     useLayoutEffect(()=>{
 24 │         if ("u" < typeof window) return;
    ╰────
Import traces (entry → error):
  ../../.yarn/berry/cache/@rspress-core-npm-2.0.3-c87d0adf5b-10c0.zip/node_modules/@rspress/core/dist/theme/index.js
  ../../.yarn/berry/cache/@rspress-core-npm-2.0.3-c87d0adf5b-10c0.zip/node_modules/@rspress/core/dist/theme/logic/useScrollAfterNav.js ×

File: ../../.yarn/berry/cache/@rspress-core-npm-2.0.3-c87d0adf5b-10c0.zip/node_modules/@rspress/core/dist/theme/logic/useScrollReset.js:1:1-41
  × Module not found: Can't resolve 'react' in '/home/dev/.yarn/berry/cache/@rspress-core-npm-2.0.3-c87d0adf5b-10c0.zip/node_modules/@rspress/core/dist/theme/logic'
   ╭─[1:0]
 1 │ import { useLayoutEffect } from "react";
   · ────────────────────────────────────────
 2 │ import { useLocation } from "react-router-dom";
 3 │ function useScrollReset() {
   ╰────
Import traces (entry → error):
  ../../.yarn/berry/cache/@rspress-core-npm-2.0.3-c87d0adf5b-10c0.zip/node_modules/@rspress/core/dist/theme/index.js
  ../../.yarn/berry/cache/@rspress-core-npm-2.0.3-c87d0adf5b-10c0.zip/node_modules/@rspress/core/dist/theme/logic/useScrollReset.js ×

File: ../../.yarn/berry/cache/@rspress-core-npm-2.0.3-c87d0adf5b-10c0.zip/node_modules/@rspress/core/dist/theme/logic/useScrollReset.js:2:1-48
  × Module not found: Can't resolve 'react-router-dom' in '/home/dev/.yarn/berry/cache/@rspress-core-npm-2.0.3-c87d0adf5b-10c0.zip/node_modules/@rspress/core/dist/theme/logic'
   ╭─[2:0]
 1 │ import { useLayoutEffect } from "react";
 2 │ import { useLocation } from "react-router-dom";
   · ───────────────────────────────────────────────
 3 │ function useScrollReset() {
 4 │     const { pathname } = useLocation();
   ╰────
Import traces (entry → error):
  ../../.yarn/berry/cache/@rspress-core-npm-2.0.3-c87d0adf5b-10c0.zip/node_modules/@rspress/core/dist/theme/index.js
  ../../.yarn/berry/cache/@rspress-core-npm-2.0.3-c87d0adf5b-10c0.zip/node_modules/@rspress/core/dist/theme/logic/useScrollReset.js ×

File: ../../.yarn/berry/cache/@rspress-core-npm-2.0.3-c87d0adf5b-10c0.zip/node_modules/@rspress/core/dist/theme/logic/useStorageValue.js:1:1-58
  × Module not found: Can't resolve 'react' in '/home/dev/.yarn/berry/cache/@rspress-core-npm-2.0.3-c87d0adf5b-10c0.zip/node_modules/@rspress/core/dist/theme/logic'
   ╭─[1:0]
 1 │ import { useCallback, useEffect, useState } from "react";
   · ─────────────────────────────────────────────────────────
 2 │ const SYNC_STORAGE_EVENT_NAME = 'RSPRESS_SYNC_STORAGE_EVENT_NAME';
 3 │ const useStorageValue = (key, defaultValue)=>{
   ╰────
Import traces (entry → error):
  ../../.yarn/berry/cache/@rspress-core-npm-2.0.3-c87d0adf5b-10c0.zip/node_modules/@rspress/core/dist/theme/index.js
  ../../.yarn/berry/cache/@rspress-core-npm-2.0.3-c87d0adf5b-10c0.zip/node_modules/@rspress/core/dist/theme/logic/useStorageValue.js ×

File: ../../.yarn/berry/cache/@rspress-core-npm-2.0.3-c87d0adf5b-10c0.zip/node_modules/@rspress/core/dist/theme/logic/useThemeState.js:2:1-63
  × Module not found: Can't resolve 'react' in '/home/dev/.yarn/berry/cache/@rspress-core-npm-2.0.3-c87d0adf5b-10c0.zip/node_modules/@rspress/core/dist/theme/logic'
   ╭─[2:0]
 1 │ import { useSite } from "@rspress/core/runtime";
 2 │ import { useCallback, useLayoutEffect, useMemo } from "react";
   · ──────────────────────────────────────────────────────────────
 3 │ import { useMediaQuery } from "./useMediaQuery.js";
 4 │ import { useStorageValue } from "./useStorageValue.js";
   ╰────
Import traces (entry → error):
  ../../.yarn/berry/cache/@rspress-core-npm-2.0.3-c87d0adf5b-10c0.zip/node_modules/@rspress/core/dist/theme/index.js
  ../../.yarn/berry/cache/@rspress-core-npm-2.0.3-c87d0adf5b-10c0.zip/node_modules/@rspress/core/dist/theme/logic/useThemeState.js ×

File: ../../.yarn/berry/cache/@rspress-core-npm-2.0.3-c87d0adf5b-10c0.zip/node_modules/@rspress/core/dist/theme/styles/index.js:1:1-34
  × Module not found: Can't resolve 'nprogress/nprogress.css' in '/home/dev/.yarn/berry/cache/@rspress-core-npm-2.0.3-c87d0adf5b-10c0.zip/node_modules/@rspress/core/dist/theme/styles'
   ╭─[1:0]
 1 │ import "nprogress/nprogress.css";
   · ─────────────────────────────────
 2 │ import "./vars/brand-vars.css";
 3 │ import "./vars/shiki-vars.css";
   ╰────

File: ../../.yarn/berry/cache/@rspress-core-npm-2.0.3-c87d0adf5b-10c0.zip/node_modules/@rspress/core/static/MediumZoom.tsx:2:1-38
  × Module not found: Can't resolve 'medium-zoom' in '/home/dev/.yarn/berry/cache/@rspress-core-npm-2.0.3-c87d0adf5b-10c0.zip/node_modules/@rspress/core/static'
   ╭─[2:0]
 1 │ import { useLocation } from '@rspress/core/runtime';
 2 │ import mediumZoom from 'medium-zoom';
   · ─────────────────────────────────────
 3 │ import { useEffect } from 'react';
 4 │ import './MediumZoom.css';
   ╰────
Import traces (entry → error):
  ../../.yarn/berry/cache/@rspress-core-npm-2.0.3-c87d0adf5b-10c0.zip/node_modules/@rspress/core/dist/runtime/ssrClientEntry.js
  ../../.yarn/berry/cache/@rspress-core-npm-2.0.3-c87d0adf5b-10c0.zip/node_modules/@rspress/core/dist/runtime/ClientApp.js
  … (1 hidden)
  ./.rspress/runtime/virtual-global-components.js
  ../../.yarn/berry/cache/@rspress-core-npm-2.0.3-c87d0adf5b-10c0.zip/node_modules/@rspress/core/static/MediumZoom.tsx ×

File: ../../.yarn/berry/cache/@rspress-core-npm-2.0.3-c87d0adf5b-10c0.zip/node_modules/@rspress/core/static/MediumZoom.tsx:3:1-35
  × Module not found: Can't resolve 'react' in '/home/dev/.yarn/berry/cache/@rspress-core-npm-2.0.3-c87d0adf5b-10c0.zip/node_modules/@rspress/core/static'
   ╭─[3:0]
 1 │ import { useLocation } from '@rspress/core/runtime';
 2 │ import mediumZoom from 'medium-zoom';
 3 │ import { useEffect } from 'react';
   · ──────────────────────────────────
 4 │ import './MediumZoom.css';
 5 │ export default function MediumZoom(props) {
   ╰────
Import traces (entry → error):
  ../../.yarn/berry/cache/@rspress-core-npm-2.0.3-c87d0adf5b-10c0.zip/node_modules/@rspress/core/dist/runtime/ssrClientEntry.js
  ../../.yarn/berry/cache/@rspress-core-npm-2.0.3-c87d0adf5b-10c0.zip/node_modules/@rspress/core/dist/runtime/ClientApp.js
  … (1 hidden)
  ./.rspress/runtime/virtual-global-components.js
  ../../.yarn/berry/cache/@rspress-core-npm-2.0.3-c87d0adf5b-10c0.zip/node_modules/@rspress/core/static/MediumZoom.tsx ×

File: ../../.yarn/berry/cache/@rspress-core-npm-2.0.3-c87d0adf5b-10c0.zip/node_modules/@rspress/core/static/MediumZoom.tsx:6:26-37
  × ESModulesLinkingError: export 'useLocation' (imported as 'useLocation') was not found in '@rspress/core/runtime' (possible exports: Content, NoSSR, PageContext, ThemeContext, addLeadingSlash, addTrailingSlash, cleanUrlByConfig, getSidebarDataGroup, isActive, isEqualPath, isProduction, normalizeHrefInRuntime, normalizeImagePath, pathnameToRouteService, preloadLink, removeBase, removeTrailingSlash, routePathToMdPath, useActiveMatcher, useDark, useFrontmatter, useI18n, useLang, useLocaleSiteData, useNav, usePage, usePageData, useSidebar, useSidebarDynamic, useSite, useVersion, useWindowSize, withBase)
   ╭─[6:25]
 4 │ import './MediumZoom.css';
 5 │ export default function MediumZoom(props) {
 6 │     const { pathname } = useLocation();
   ·                          ───────────
 7 │     const { selector = '.rspress-doc img', options = {} } = props;
 8 │     useEffect(()=>{
   ╰────
Import traces (entry → error):
  ../../.yarn/berry/cache/@rspress-core-npm-2.0.3-c87d0adf5b-10c0.zip/node_modules/@rspress/core/dist/runtime/ssrClientEntry.js
  ../../.yarn/berry/cache/@rspress-core-npm-2.0.3-c87d0adf5b-10c0.zip/node_modules/@rspress/core/dist/runtime/ClientApp.js
  … (1 hidden)
  ./.rspress/runtime/virtual-global-components.js
  ../../.yarn/berry/cache/@rspress-core-npm-2.0.3-c87d0adf5b-10c0.zip/node_modules/@rspress/core/static/MediumZoom.tsx ×

File: ../../.yarn/berry/cache/react-lazy-with-preload-npm-2.2.1-34daf03779-10c0.zip/node_modules/react-lazy-with-preload/lib/index.js:4:23-30
  × Module not found: Can't resolve 'react' in '/home/dev/.yarn/berry/cache/react-lazy-with-preload-npm-2.2.1-34daf03779-10c0.zip/node_modules/react-lazy-with-preload/lib'
   ╭─[4:14]
 2 │ Object.defineProperty(exports, "__esModule", { value: true });
 3 │ exports.lazyWithPreload = void 0;
 4 │ var react_1 = require("react");
   ·               ────────────────
 5 │ function lazyWithPreload(factory) {
 6 │     var ReactLazyComponent = (0, react_1.lazy)(factory);
   ╰────
Import traces (entry → error):
  ../../.yarn/berry/cache/@rspress-core-npm-2.0.3-c87d0adf5b-10c0.zip/node_modules/@rspress/core/dist/runtime/ssrServerEntry.js
  ./.rspress/runtime/virtual-routes.js
  ../../.yarn/berry/cache/react-lazy-with-preload-npm-2.2.1-34daf03779-10c0.zip/node_modules/react-lazy-with-preload/lib/index.js ×

File: ../../.yarn/berry/cache/@rspress-core-npm-2.0.3-c87d0adf5b-10c0.zip/node_modules/@rspress/core/dist/runtime/App.js:1:1-57
  × Module not found: Can't resolve 'react/jsx-runtime' in '/home/dev/.yarn/berry/cache/@rspress-core-npm-2.0.3-c87d0adf5b-10c0.zip/node_modules/@rspress/core/dist/runtime'
   ╭─[1:0]
 1 │ import { Fragment, jsx, jsxs } from "react/jsx-runtime";
   · ────────────────────────────────────────────────────────
 2 │ import { PageContext, useLocation } from "@rspress/core/runtime";
 3 │ import { Layout, Root } from "@theme";
   ╰────
Import traces (entry → error):
  ../../.yarn/berry/cache/@rspress-core-npm-2.0.3-c87d0adf5b-10c0.zip/node_modules/@rspress/core/dist/runtime/ssrServerEntry.js
  ../../.yarn/berry/cache/@rspress-core-npm-2.0.3-c87d0adf5b-10c0.zip/node_modules/@rspress/core/dist/runtime/App.js ×

File: ../../.yarn/berry/cache/@rspress-core-npm-2.0.3-c87d0adf5b-10c0.zip/node_modules/@rspress/core/dist/runtime/App.js:4:1-60
  × Module not found: Can't resolve 'react' in '/home/dev/.yarn/berry/cache/@rspress-core-npm-2.0.3-c87d0adf5b-10c0.zip/node_modules/@rspress/core/dist/runtime'
   ╭─[4:0]
 2 │ import { PageContext, useLocation } from "@rspress/core/runtime";
 3 │ import { Layout, Root } from "@theme";
 4 │ import react, { useContext, useLayoutEffect } from "react";
   · ───────────────────────────────────────────────────────────
 5 │ import virtual_global_components from "virtual-global-components";
 6 │ import { initPageData } from "./initPageData.js";
   ╰────
Import traces (entry → error):
  ../../.yarn/berry/cache/@rspress-core-npm-2.0.3-c87d0adf5b-10c0.zip/node_modules/@rspress/core/dist/runtime/ssrServerEntry.js
  ../../.yarn/berry/cache/@rspress-core-npm-2.0.3-c87d0adf5b-10c0.zip/node_modules/@rspress/core/dist/runtime/App.js ×

File: ../../.yarn/berry/cache/@rspress-core-npm-2.0.3-c87d0adf5b-10c0.zip/node_modules/@rspress/core/dist/runtime/App.js:9:34-45
  × ESModulesLinkingError: export 'useLocation' (imported as 'useLocation') was not found in '@rspress/core/runtime' (possible exports: Content, NoSSR, PageContext, ThemeContext, addLeadingSlash, addTrailingSlash, cleanUrlByConfig, getSidebarDataGroup, isActive, isEqualPath, isProduction, normalizeHrefInRuntime, normalizeImagePath, pathnameToRouteService, preloadLink, removeBase, removeTrailingSlash, routePathToMdPath, useActiveMatcher, useDark, useFrontmatter, useI18n, useLang, useLocaleSiteData, useNav, usePage, usePageData, useSidebar, useSidebarDynamic, useSite, useVersion, useWindowSize, withBase)
    ╭─[9:33]
  7 │ function App() {
  8 │     const { setData: setPageData, data } = useContext(PageContext);
  9 │     const { pathname, search } = useLocation();
    ·                                  ───────────
 10 │     useLayoutEffect(()=>{
 11 │         async function refetchData() {
    ╰────
Import traces (entry → error):
  ../../.yarn/berry/cache/@rspress-core-npm-2.0.3-c87d0adf5b-10c0.zip/node_modules/@rspress/core/dist/runtime/ssrServerEntry.js
  ../../.yarn/berry/cache/@rspress-core-npm-2.0.3-c87d0adf5b-10c0.zip/node_modules/@rspress/core/dist/runtime/App.js ×

File: ../../.yarn/berry/cache/@rspress-core-npm-2.0.3-c87d0adf5b-10c0.zip/node_modules/@rspress/core/dist/runtime/Content.js:1:1-51
  × Module not found: Can't resolve 'react/jsx-runtime' in '/home/dev/.yarn/berry/cache/@rspress-core-npm-2.0.3-c87d0adf5b-10c0.zip/node_modules/@rspress/core/dist/runtime'
   ╭─[1:0]
 1 │ import { Fragment, jsx } from "react/jsx-runtime";
   · ──────────────────────────────────────────────────
 2 │ import { Suspense, useMemo } from "react";
 3 │ import { useLocation } from "react-router-dom";
   ╰────
Import traces (entry → error):
  ../../.yarn/berry/cache/@rspress-core-npm-2.0.3-c87d0adf5b-10c0.zip/node_modules/@rspress/core/dist/runtime/ssrServerEntry.js
  ../../.yarn/berry/cache/@rspress-core-npm-2.0.3-c87d0adf5b-10c0.zip/node_modules/@rspress/core/dist/runtime/index.js
  ../../.yarn/berry/cache/@rspress-core-npm-2.0.3-c87d0adf5b-10c0.zip/node_modules/@rspress/core/dist/runtime/Content.js ×

File: ../../.yarn/berry/cache/@rspress-core-npm-2.0.3-c87d0adf5b-10c0.zip/node_modules/@rspress/core/dist/runtime/Content.js:2:1-43
  × Module not found: Can't resolve 'react' in '/home/dev/.yarn/berry/cache/@rspress-core-npm-2.0.3-c87d0adf5b-10c0.zip/node_modules/@rspress/core/dist/runtime'
   ╭─[2:0]
 1 │ import { Fragment, jsx } from "react/jsx-runtime";
 2 │ import { Suspense, useMemo } from "react";
   · ──────────────────────────────────────────
 3 │ import { useLocation } from "react-router-dom";
 4 │ import { pathnameToRouteService } from "./route.js";
   ╰────
Import traces (entry → error):
  ../../.yarn/berry/cache/@rspress-core-npm-2.0.3-c87d0adf5b-10c0.zip/node_modules/@rspress/core/dist/runtime/ssrServerEntry.js
  ../../.yarn/berry/cache/@rspress-core-npm-2.0.3-c87d0adf5b-10c0.zip/node_modules/@rspress/core/dist/runtime/index.js
  ../../.yarn/berry/cache/@rspress-core-npm-2.0.3-c87d0adf5b-10c0.zip/node_modules/@rspress/core/dist/runtime/Content.js ×

File: ../../.yarn/berry/cache/@rspress-core-npm-2.0.3-c87d0adf5b-10c0.zip/node_modules/@rspress/core/dist/runtime/Content.js:3:1-48
  × Module not found: Can't resolve 'react-router-dom' in '/home/dev/.yarn/berry/cache/@rspress-core-npm-2.0.3-c87d0adf5b-10c0.zip/node_modules/@rspress/core/dist/runtime'
   ╭─[3:0]
 1 │ import { Fragment, jsx } from "react/jsx-runtime";
 2 │ import { Suspense, useMemo } from "react";
 3 │ import { useLocation } from "react-router-dom";
   · ───────────────────────────────────────────────
 4 │ import { pathnameToRouteService } from "./route.js";
 5 │ const Content = ({ fallback = /*#__PURE__*/ jsx(Fragment, {}) })=>{
   ╰────
Import traces (entry → error):
  ../../.yarn/berry/cache/@rspress-core-npm-2.0.3-c87d0adf5b-10c0.zip/node_modules/@rspress/core/dist/runtime/ssrServerEntry.js
  ../../.yarn/berry/cache/@rspress-core-npm-2.0.3-c87d0adf5b-10c0.zip/node_modules/@rspress/core/dist/runtime/index.js
  ../../.yarn/berry/cache/@rspress-core-npm-2.0.3-c87d0adf5b-10c0.zip/node_modules/@rspress/core/dist/runtime/Content.js ×

File: ../../.yarn/berry/cache/@rspress-core-npm-2.0.3-c87d0adf5b-10c0.zip/node_modules/@rspress/core/dist/runtime/NoSSR.js:1:1-51
  × Module not found: Can't resolve 'react/jsx-runtime' in '/home/dev/.yarn/berry/cache/@rspress-core-npm-2.0.3-c87d0adf5b-10c0.zip/node_modules/@rspress/core/dist/runtime'
   ╭─[1:0]
 1 │ import { Fragment, jsx } from "react/jsx-runtime";
   · ──────────────────────────────────────────────────
 2 │ import { useEffect, useState } from "react";
 3 │ function NoSSR(props) {
   ╰────
Import traces (entry → error):
  ../../.yarn/berry/cache/@rspress-core-npm-2.0.3-c87d0adf5b-10c0.zip/node_modules/@rspress/core/dist/runtime/ssrServerEntry.js
  ../../.yarn/berry/cache/@rspress-core-npm-2.0.3-c87d0adf5b-10c0.zip/node_modules/@rspress/core/dist/runtime/index.js
  ../../.yarn/berry/cache/@rspress-core-npm-2.0.3-c87d0adf5b-10c0.zip/node_modules/@rspress/core/dist/runtime/NoSSR.js ×

File: ../../.yarn/berry/cache/@rspress-core-npm-2.0.3-c87d0adf5b-10c0.zip/node_modules/@rspress/core/dist/runtime/NoSSR.js:2:1-45
  × Module not found: Can't resolve 'react' in '/home/dev/.yarn/berry/cache/@rspress-core-npm-2.0.3-c87d0adf5b-10c0.zip/node_modules/@rspress/core/dist/runtime'
   ╭─[2:0]
 1 │ import { Fragment, jsx } from "react/jsx-runtime";
 2 │ import { useEffect, useState } from "react";
   · ────────────────────────────────────────────
 3 │ function NoSSR(props) {
 4 │     const { children } = props;
   ╰────
Import traces (entry → error):
  ../../.yarn/berry/cache/@rspress-core-npm-2.0.3-c87d0adf5b-10c0.zip/node_modules/@rspress/core/dist/runtime/ssrServerEntry.js
  ../../.yarn/berry/cache/@rspress-core-npm-2.0.3-c87d0adf5b-10c0.zip/node_modules/@rspress/core/dist/runtime/index.js
  ../../.yarn/berry/cache/@rspress-core-npm-2.0.3-c87d0adf5b-10c0.zip/node_modules/@rspress/core/dist/runtime/NoSSR.js ×

File: ../../.yarn/berry/cache/@rspress-core-npm-2.0.3-c87d0adf5b-10c0.zip/node_modules/@rspress/core/dist/runtime/hooks/useActiveMatcher.js:1:1-37
  × Module not found: Can't resolve 'react' in '/home/dev/.yarn/berry/cache/@rspress-core-npm-2.0.3-c87d0adf5b-10c0.zip/node_modules/@rspress/core/dist/runtime/hooks'
   ╭─[1:0]
 1 │ import { useCallback } from "react";
   · ────────────────────────────────────
 2 │ import { useLocation } from "react-router-dom";
 3 │ import { isActive } from "../route.js";
   ╰────
Import traces (entry → error):
  ../../.yarn/berry/cache/@rspress-core-npm-2.0.3-c87d0adf5b-10c0.zip/node_modules/@rspress/core/dist/runtime/ssrServerEntry.js
  ../../.yarn/berry/cache/@rspress-core-npm-2.0.3-c87d0adf5b-10c0.zip/node_modules/@rspress/core/dist/runtime/index.js
  ../../.yarn/berry/cache/@rspress-core-npm-2.0.3-c87d0adf5b-10c0.zip/node_modules/@rspress/core/dist/runtime/hooks/useActiveMatcher.js ×

File: ../../.yarn/berry/cache/@rspress-core-npm-2.0.3-c87d0adf5b-10c0.zip/node_modules/@rspress/core/dist/runtime/hooks/useActiveMatcher.js:2:1-48
  × Module not found: Can't resolve 'react-router-dom' in '/home/dev/.yarn/berry/cache/@rspress-core-npm-2.0.3-c87d0adf5b-10c0.zip/node_modules/@rspress/core/dist/runtime/hooks'
   ╭─[2:0]
 1 │ import { useCallback } from "react";
 2 │ import { useLocation } from "react-router-dom";
   · ───────────────────────────────────────────────
 3 │ import { isActive } from "../route.js";
 4 │ const useActiveMatcher = ()=>{
   ╰────
Import traces (entry → error):
  ../../.yarn/berry/cache/@rspress-core-npm-2.0.3-c87d0adf5b-10c0.zip/node_modules/@rspress/core/dist/runtime/ssrServerEntry.js
  ../../.yarn/berry/cache/@rspress-core-npm-2.0.3-c87d0adf5b-10c0.zip/node_modules/@rspress/core/dist/runtime/index.js
  ../../.yarn/berry/cache/@rspress-core-npm-2.0.3-c87d0adf5b-10c0.zip/node_modules/@rspress/core/dist/runtime/hooks/useActiveMatcher.js ×

File: ../../.yarn/berry/cache/@rspress-core-npm-2.0.3-c87d0adf5b-10c0.zip/node_modules/@rspress/core/dist/runtime/hooks/useDark.js:1:1-51
  × Module not found: Can't resolve 'react' in '/home/dev/.yarn/berry/cache/@rspress-core-npm-2.0.3-c87d0adf5b-10c0.zip/node_modules/@rspress/core/dist/runtime/hooks'
   ╭─[1:0]
 1 │ import { createContext, useContext } from "react";
   · ──────────────────────────────────────────────────
 2 │ const ThemeContext = /*#__PURE__*/ createContext({});
 3 │ function useDark() {
   ╰────
Import traces (entry → error):
  ../../.yarn/berry/cache/@rspress-core-npm-2.0.3-c87d0adf5b-10c0.zip/node_modules/@rspress/core/dist/runtime/ssrServerEntry.js
  ../../.yarn/berry/cache/@rspress-core-npm-2.0.3-c87d0adf5b-10c0.zip/node_modules/@rspress/core/dist/runtime/index.js
  ../../.yarn/berry/cache/@rspress-core-npm-2.0.3-c87d0adf5b-10c0.zip/node_modules/@rspress/core/dist/runtime/hooks/useDark.js ×

File: ../../.yarn/berry/cache/@rspress-core-npm-2.0.3-c87d0adf5b-10c0.zip/node_modules/@rspress/core/dist/runtime/hooks/useI18n.js:1:1-37
  × Module not found: Can't resolve 'react' in '/home/dev/.yarn/berry/cache/@rspress-core-npm-2.0.3-c87d0adf5b-10c0.zip/node_modules/@rspress/core/dist/runtime/hooks'
   ╭─[1:0]
 1 │ import { useCallback } from "react";
   · ────────────────────────────────────
 2 │ import virtual_i18n_text from "virtual-i18n-text";
 3 │ import { useLang } from "./useLang.js";
   ╰────
Import traces (entry → error):
  ../../.yarn/berry/cache/@rspress-core-npm-2.0.3-c87d0adf5b-10c0.zip/node_modules/@rspress/core/dist/runtime/ssrServerEntry.js
  ../../.yarn/berry/cache/@rspress-core-npm-2.0.3-c87d0adf5b-10c0.zip/node_modules/@rspress/core/dist/runtime/index.js
  ../../.yarn/berry/cache/@rspress-core-npm-2.0.3-c87d0adf5b-10c0.zip/node_modules/@rspress/core/dist/runtime/hooks/useI18n.js ×

File: ../../.yarn/berry/cache/@rspress-core-npm-2.0.3-c87d0adf5b-10c0.zip/node_modules/@rspress/core/dist/runtime/hooks/useLocaleSiteData.js:1:1-52
  × Module not found: Can't resolve '@rspress/shared' in '/home/dev/.yarn/berry/cache/@rspress-core-npm-2.0.3-c87d0adf5b-10c0.zip/node_modules/@rspress/core/dist/runtime/hooks'
   ╭─[1:0]
 1 │ import { addTrailingSlash } from "@rspress/shared";
   · ───────────────────────────────────────────────────
 2 │ import { useLang } from "./useLang.js";
 3 │ import { useSite } from "./useSite.js";
   ╰────
Import traces (entry → error):
  ../../.yarn/berry/cache/@rspress-core-npm-2.0.3-c87d0adf5b-10c0.zip/node_modules/@rspress/core/dist/runtime/ssrServerEntry.js
  ../../.yarn/berry/cache/@rspress-core-npm-2.0.3-c87d0adf5b-10c0.zip/node_modules/@rspress/core/dist/runtime/index.js
  ../../.yarn/berry/cache/@rspress-core-npm-2.0.3-c87d0adf5b-10c0.zip/node_modules/@rspress/core/dist/runtime/hooks/useLocaleSiteData.js ×

File: ../../.yarn/berry/cache/@rspress-core-npm-2.0.3-c87d0adf5b-10c0.zip/node_modules/@rspress/core/dist/runtime/hooks/usePage.js:1:1-51
  × Module not found: Can't resolve 'react' in '/home/dev/.yarn/berry/cache/@rspress-core-npm-2.0.3-c87d0adf5b-10c0.zip/node_modules/@rspress/core/dist/runtime/hooks'
   ╭─[1:0]
 1 │ import { createContext, useContext } from "react";
   · ──────────────────────────────────────────────────
 2 │ const PageContext = /*#__PURE__*/ createContext({});
 3 │ function usePage() {
   ╰────
Import traces (entry → error):
  ../../.yarn/berry/cache/@rspress-core-npm-2.0.3-c87d0adf5b-10c0.zip/node_modules/@rspress/core/dist/runtime/ssrServerEntry.js
  ../../.yarn/berry/cache/@rspress-core-npm-2.0.3-c87d0adf5b-10c0.zip/node_modules/@rspress/core/dist/runtime/index.js
  ../../.yarn/berry/cache/@rspress-core-npm-2.0.3-c87d0adf5b-10c0.zip/node_modules/@rspress/core/dist/runtime/hooks/usePage.js ×

File: ../../.yarn/berry/cache/@rspress-core-npm-2.0.3-c87d0adf5b-10c0.zip/node_modules/@rspress/core/dist/runtime/hooks/useSidebar.js:1:1-48
  × Module not found: Can't resolve '@rspress/shared' in '/home/dev/.yarn/berry/cache/@rspress-core-npm-2.0.3-c87d0adf5b-10c0.zip/node_modules/@rspress/core/dist/runtime/hooks'
   ╭─[1:0]
 1 │ import { matchSidebar } from "@rspress/shared";
   · ───────────────────────────────────────────────
 2 │ import { useLayoutEffect, useMemo, useState } from "react";
 3 │ import { useLocation } from "react-router-dom";
   ╰────
Import traces (entry → error):
  ../../.yarn/berry/cache/@rspress-core-npm-2.0.3-c87d0adf5b-10c0.zip/node_modules/@rspress/core/dist/runtime/ssrServerEntry.js
  ../../.yarn/berry/cache/@rspress-core-npm-2.0.3-c87d0adf5b-10c0.zip/node_modules/@rspress/core/dist/runtime/index.js
  ../../.yarn/berry/cache/@rspress-core-npm-2.0.3-c87d0adf5b-10c0.zip/node_modules/@rspress/core/dist/runtime/hooks/useSidebar.js ×

File: ../../.yarn/berry/cache/@rspress-core-npm-2.0.3-c87d0adf5b-10c0.zip/node_modules/@rspress/core/dist/runtime/hooks/useSidebar.js:2:1-60
  × Module not found: Can't resolve 'react' in '/home/dev/.yarn/berry/cache/@rspress-core-npm-2.0.3-c87d0adf5b-10c0.zip/node_modules/@rspress/core/dist/runtime/hooks'
   ╭─[2:0]
 1 │ import { matchSidebar } from "@rspress/shared";
 2 │ import { useLayoutEffect, useMemo, useState } from "react";
   · ───────────────────────────────────────────────────────────
 3 │ import { useLocation } from "react-router-dom";
 4 │ import { useActiveMatcher } from "./useActiveMatcher.js";
   ╰────
Import traces (entry → error):
  ../../.yarn/berry/cache/@rspress-core-npm-2.0.3-c87d0adf5b-10c0.zip/node_modules/@rspress/core/dist/runtime/ssrServerEntry.js
  ../../.yarn/berry/cache/@rspress-core-npm-2.0.3-c87d0adf5b-10c0.zip/node_modules/@rspress/core/dist/runtime/index.js
  ../../.yarn/berry/cache/@rspress-core-npm-2.0.3-c87d0adf5b-10c0.zip/node_modules/@rspress/core/dist/runtime/hooks/useSidebar.js ×

File: ../../.yarn/berry/cache/@rspress-core-npm-2.0.3-c87d0adf5b-10c0.zip/node_modules/@rspress/core/dist/runtime/hooks/useSidebar.js:3:1-48
  × Module not found: Can't resolve 'react-router-dom' in '/home/dev/.yarn/berry/cache/@rspress-core-npm-2.0.3-c87d0adf5b-10c0.zip/node_modules/@rspress/core/dist/runtime/hooks'
   ╭─[3:0]
 1 │ import { matchSidebar } from "@rspress/shared";
 2 │ import { useLayoutEffect, useMemo, useState } from "react";
 3 │ import { useLocation } from "react-router-dom";
   · ───────────────────────────────────────────────
 4 │ import { useActiveMatcher } from "./useActiveMatcher.js";
 5 │ import { useLocaleSiteData } from "./useLocaleSiteData.js";
   ╰────
Import traces (entry → error):
  ../../.yarn/berry/cache/@rspress-core-npm-2.0.3-c87d0adf5b-10c0.zip/node_modules/@rspress/core/dist/runtime/ssrServerEntry.js
  ../../.yarn/berry/cache/@rspress-core-npm-2.0.3-c87d0adf5b-10c0.zip/node_modules/@rspress/core/dist/runtime/index.js
  ../../.yarn/berry/cache/@rspress-core-npm-2.0.3-c87d0adf5b-10c0.zip/node_modules/@rspress/core/dist/runtime/hooks/useSidebar.js ×

File: ../../.yarn/berry/cache/@rspress-core-npm-2.0.3-c87d0adf5b-10c0.zip/node_modules/@rspress/core/dist/runtime/hooks/useWindowSize.js:1:1-51
  × Module not found: Can't resolve 'react' in '/home/dev/.yarn/berry/cache/@rspress-core-npm-2.0.3-c87d0adf5b-10c0.zip/node_modules/@rspress/core/dist/runtime/hooks'
   ╭─[1:0]
 1 │ import { useLayoutEffect, useState } from "react";
   · ──────────────────────────────────────────────────
 2 │ const RESIZE_DEBOUNCE_MS = 150;
 3 │ function useWindowSize(initialWidth, initialHeight) {
   ╰────
Import traces (entry → error):
  ../../.yarn/berry/cache/@rspress-core-npm-2.0.3-c87d0adf5b-10c0.zip/node_modules/@rspress/core/dist/runtime/ssrServerEntry.js
  ../../.yarn/berry/cache/@rspress-core-npm-2.0.3-c87d0adf5b-10c0.zip/node_modules/@rspress/core/dist/runtime/index.js
  ../../.yarn/berry/cache/@rspress-core-npm-2.0.3-c87d0adf5b-10c0.zip/node_modules/@rspress/core/dist/runtime/hooks/useWindowSize.js ×

File: ../../.yarn/berry/cache/@rspress-core-npm-2.0.3-c87d0adf5b-10c0.zip/node_modules/@rspress/core/dist/runtime/index.js:1:1-102
  × Module not found: Can't resolve '@rspress/shared' in '/home/dev/.yarn/berry/cache/@rspress-core-npm-2.0.3-c87d0adf5b-10c0.zip/node_modules/@rspress/core/dist/runtime'
   ╭─[1:0]
 1 │ import { isDataUrl, isExternalUrl, matchNavbar, matchSidebar, normalizeHref } from "@rspress/shared";
   · ─────────────────────────────────────────────────────────────────────────────────────────────────────
 2 │ import { Head } from "@unhead/react";
 3 │ import { Content } from "./Content.js";
   ╰────
Import traces (entry → error):
  ../../.yarn/berry/cache/@rspress-core-npm-2.0.3-c87d0adf5b-10c0.zip/node_modules/@rspress/core/dist/runtime/ssrServerEntry.js
  ../../.yarn/berry/cache/@rspress-core-npm-2.0.3-c87d0adf5b-10c0.zip/node_modules/@rspress/core/dist/runtime/index.js ×

File: ../../.yarn/berry/cache/@rspress-core-npm-2.0.3-c87d0adf5b-10c0.zip/node_modules/@rspress/core/dist/runtime/index.js:2:1-38
  × Module not found: Can't resolve '@unhead/react' in '/home/dev/.yarn/berry/cache/@rspress-core-npm-2.0.3-c87d0adf5b-10c0.zip/node_modules/@rspress/core/dist/runtime'
   ╭─[2:0]
 1 │ import { isDataUrl, isExternalUrl, matchNavbar, matchSidebar, normalizeHref } from "@rspress/shared";
 2 │ import { Head } from "@unhead/react";
   · ─────────────────────────────────────
 3 │ import { Content } from "./Content.js";
 4 │ import { useActiveMatcher } from "./hooks/useActiveMatcher.js";
   ╰────
Import traces (entry → error):
  ../../.yarn/berry/cache/@rspress-core-npm-2.0.3-c87d0adf5b-10c0.zip/node_modules/@rspress/core/dist/runtime/ssrServerEntry.js
  ../../.yarn/berry/cache/@rspress-core-npm-2.0.3-c87d0adf5b-10c0.zip/node_modules/@rspress/core/dist/runtime/index.js ×

File: ../../.yarn/berry/cache/@rspress-core-npm-2.0.3-c87d0adf5b-10c0.zip/node_modules/@rspress/core/dist/runtime/index.js:21:1-34
  × Module not found: Can't resolve 'react-router-dom' in '/home/dev/.yarn/berry/cache/@rspress-core-npm-2.0.3-c87d0adf5b-10c0.zip/node_modules/@rspress/core/dist/runtime'
    ╭─[21:0]
 19 │ import { isActive, pathnameToRouteService, preloadLink } from "./route.js";
 20 │ import { addLeadingSlash, addTrailingSlash, cleanUrlByConfig, isEqualPath, isProduction, normalizeHrefInRuntime, normalizeImagePath, removeBase, removeTrailingSlash, routePathToMdPath, withBase } from "./utils.js";
 21 │ export * from "react-router-dom";
    · ─────────────────────────────────
 22 │ export { Content, Head, NoSSR, PageContext, ThemeContext, addLeadingSlash, addTrailingSlash, cleanUrlByConfig, getSidebarDataGroup, isActive, isDataUrl, isEqualPath, isExternalUrl, isProduction, matchNavbar, matchSidebar, normalizeHref, normalizeHrefInRuntime, normalizeImagePath, pathnameToRouteService, preloadLink, removeBase, removeTrailingSlash, routePathToMdPath, useActiveMatcher, useDark, useFrontmatter, useI18n, useLang, useLocaleSiteData, useNav, usePage, usePageData, usePages, useSidebar, useSidebarDynamic, useSite, useVersion, useWindowSize, withBase };
    ╰────
Import traces (entry → error):
  ../../.yarn/berry/cache/@rspress-core-npm-2.0.3-c87d0adf5b-10c0.zip/node_modules/@rspress/core/dist/runtime/ssrServerEntry.js
  ../../.yarn/berry/cache/@rspress-core-npm-2.0.3-c87d0adf5b-10c0.zip/node_modules/@rspress/core/dist/runtime/index.js ×

File: ../../.yarn/berry/cache/@rspress-core-npm-2.0.3-c87d0adf5b-10c0.zip/node_modules/@rspress/core/dist/runtime/index.js:22:1-569
  × ESModulesLinkingError: export 'addLeadingSlash' (reexported as 'addLeadingSlash') was not found in './utils.js' (possible exports: cleanUrlByConfig, isEqualPath, normalizeHrefInRuntime, normalizeImagePath, removeBase, routePathToMdPath, withBase)
    ╭─[22:0]
 20 │ import { addLeadingSlash, addTrailingSlash, cleanUrlByConfig, isEqualPath, isProduction, normalizeHrefInRuntime, normalizeImagePath, removeBase, removeTrailingSlash, routePathToMdPath, withBase } from "./utils.js";
 21 │ export * from "react-router-dom";
 22 │ export { Content, Head, NoSSR, PageContext, ThemeContext, addLeadingSlash, addTrailingSlash, cleanUrlByConfig, getSidebarDataGroup, isActive, isDataUrl, isEqualPath, isExternalUrl, isProduction, matchNavbar, matchSidebar, normalizeHref, normalizeHrefInRuntime, normalizeImagePath, pathnameToRouteService, preloadLink, removeBase, removeTrailingSlash, routePathToMdPath, useActiveMatcher, useDark, useFrontmatter, useI18n, useLang, useLocaleSiteData, useNav, usePage, usePageData, usePages, useSidebar, useSidebarDynamic, useSite, useVersion, useWindowSize, withBase };
    · ────────────────────────────────────────────────────────────────────────────────────────────────────────────────────────────────────────────────────────────────────────────────────────────────────────────────────────────────────────────────────────────────────────────────────────────────────────────────────────────────────────────────────────────────────────────────────────────────────────────────────────────────────────────────────────────────────────────────────────────────────────────────────────────────────────────────────────────────────────────────────────
    ╰────
Import traces (entry → error):
  ../../.yarn/berry/cache/@rspress-core-npm-2.0.3-c87d0adf5b-10c0.zip/node_modules/@rspress/core/dist/runtime/ssrServerEntry.js
  ../../.yarn/berry/cache/@rspress-core-npm-2.0.3-c87d0adf5b-10c0.zip/node_modules/@rspress/core/dist/runtime/index.js ×

File: ../../.yarn/berry/cache/@rspress-core-npm-2.0.3-c87d0adf5b-10c0.zip/node_modules/@rspress/core/dist/runtime/index.js:22:1-569
  × ESModulesLinkingError: export 'addTrailingSlash' (reexported as 'addTrailingSlash') was not found in './utils.js' (possible exports: cleanUrlByConfig, isEqualPath, normalizeHrefInRuntime, normalizeImagePath, removeBase, routePathToMdPath, withBase)
    ╭─[22:0]
 20 │ import { addLeadingSlash, addTrailingSlash, cleanUrlByConfig, isEqualPath, isProduction, normalizeHrefInRuntime, normalizeImagePath, removeBase, removeTrailingSlash, routePathToMdPath, withBase } from "./utils.js";
 21 │ export * from "react-router-dom";
 22 │ export { Content, Head, NoSSR, PageContext, ThemeContext, addLeadingSlash, addTrailingSlash, cleanUrlByConfig, getSidebarDataGroup, isActive, isDataUrl, isEqualPath, isExternalUrl, isProduction, matchNavbar, matchSidebar, normalizeHref, normalizeHrefInRuntime, normalizeImagePath, pathnameToRouteService, preloadLink, removeBase, removeTrailingSlash, routePathToMdPath, useActiveMatcher, useDark, useFrontmatter, useI18n, useLang, useLocaleSiteData, useNav, usePage, usePageData, usePages, useSidebar, useSidebarDynamic, useSite, useVersion, useWindowSize, withBase };
    · ────────────────────────────────────────────────────────────────────────────────────────────────────────────────────────────────────────────────────────────────────────────────────────────────────────────────────────────────────────────────────────────────────────────────────────────────────────────────────────────────────────────────────────────────────────────────────────────────────────────────────────────────────────────────────────────────────────────────────────────────────────────────────────────────────────────────────────────────────────────────────────
    ╰────
Import traces (entry → error):
  ../../.yarn/berry/cache/@rspress-core-npm-2.0.3-c87d0adf5b-10c0.zip/node_modules/@rspress/core/dist/runtime/ssrServerEntry.js
  ../../.yarn/berry/cache/@rspress-core-npm-2.0.3-c87d0adf5b-10c0.zip/node_modules/@rspress/core/dist/runtime/index.js ×

File: ../../.yarn/berry/cache/@rspress-core-npm-2.0.3-c87d0adf5b-10c0.zip/node_modules/@rspress/core/dist/runtime/index.js:22:1-569
  × ESModulesLinkingError: export 'isProduction' (reexported as 'isProduction') was not found in './utils.js' (possible exports: cleanUrlByConfig, isEqualPath, normalizeHrefInRuntime, normalizeImagePath, removeBase, routePathToMdPath, withBase)
    ╭─[22:0]
 20 │ import { addLeadingSlash, addTrailingSlash, cleanUrlByConfig, isEqualPath, isProduction, normalizeHrefInRuntime, normalizeImagePath, removeBase, removeTrailingSlash, routePathToMdPath, withBase } from "./utils.js";
 21 │ export * from "react-router-dom";
 22 │ export { Content, Head, NoSSR, PageContext, ThemeContext, addLeadingSlash, addTrailingSlash, cleanUrlByConfig, getSidebarDataGroup, isActive, isDataUrl, isEqualPath, isExternalUrl, isProduction, matchNavbar, matchSidebar, normalizeHref, normalizeHrefInRuntime, normalizeImagePath, pathnameToRouteService, preloadLink, removeBase, removeTrailingSlash, routePathToMdPath, useActiveMatcher, useDark, useFrontmatter, useI18n, useLang, useLocaleSiteData, useNav, usePage, usePageData, usePages, useSidebar, useSidebarDynamic, useSite, useVersion, useWindowSize, withBase };
    · ────────────────────────────────────────────────────────────────────────────────────────────────────────────────────────────────────────────────────────────────────────────────────────────────────────────────────────────────────────────────────────────────────────────────────────────────────────────────────────────────────────────────────────────────────────────────────────────────────────────────────────────────────────────────────────────────────────────────────────────────────────────────────────────────────────────────────────────────────────────────────────
    ╰────
Import traces (entry → error):
  ../../.yarn/berry/cache/@rspress-core-npm-2.0.3-c87d0adf5b-10c0.zip/node_modules/@rspress/core/dist/runtime/ssrServerEntry.js
  ../../.yarn/berry/cache/@rspress-core-npm-2.0.3-c87d0adf5b-10c0.zip/node_modules/@rspress/core/dist/runtime/index.js ×

File: ../../.yarn/berry/cache/@rspress-core-npm-2.0.3-c87d0adf5b-10c0.zip/node_modules/@rspress/core/dist/runtime/index.js:22:1-569
  × ESModulesLinkingError: export 'removeTrailingSlash' (reexported as 'removeTrailingSlash') was not found in './utils.js' (possible exports: cleanUrlByConfig, isEqualPath, normalizeHrefInRuntime, normalizeImagePath, removeBase, routePathToMdPath, withBase)
    ╭─[22:0]
 20 │ import { addLeadingSlash, addTrailingSlash, cleanUrlByConfig, isEqualPath, isProduction, normalizeHrefInRuntime, normalizeImagePath, removeBase, removeTrailingSlash, routePathToMdPath, withBase } from "./utils.js";
 21 │ export * from "react-router-dom";
 22 │ export { Content, Head, NoSSR, PageContext, ThemeContext, addLeadingSlash, addTrailingSlash, cleanUrlByConfig, getSidebarDataGroup, isActive, isDataUrl, isEqualPath, isExternalUrl, isProduction, matchNavbar, matchSidebar, normalizeHref, normalizeHrefInRuntime, normalizeImagePath, pathnameToRouteService, preloadLink, removeBase, removeTrailingSlash, routePathToMdPath, useActiveMatcher, useDark, useFrontmatter, useI18n, useLang, useLocaleSiteData, useNav, usePage, usePageData, usePages, useSidebar, useSidebarDynamic, useSite, useVersion, useWindowSize, withBase };
    · ────────────────────────────────────────────────────────────────────────────────────────────────────────────────────────────────────────────────────────────────────────────────────────────────────────────────────────────────────────────────────────────────────────────────────────────────────────────────────────────────────────────────────────────────────────────────────────────────────────────────────────────────────────────────────────────────────────────────────────────────────────────────────────────────────────────────────────────────────────────────────────
    ╰────
Import traces (entry → error):
  ../../.yarn/berry/cache/@rspress-core-npm-2.0.3-c87d0adf5b-10c0.zip/node_modules/@rspress/core/dist/runtime/ssrServerEntry.js
  ../../.yarn/berry/cache/@rspress-core-npm-2.0.3-c87d0adf5b-10c0.zip/node_modules/@rspress/core/dist/runtime/index.js ×

File: ../../.yarn/berry/cache/@rspress-core-npm-2.0.3-c87d0adf5b-10c0.zip/node_modules/@rspress/core/dist/runtime/index.js:22:1-569
  × Module not found: Can't resolve '@rspress/shared' in '/home/dev/.yarn/berry/cache/@rspress-core-npm-2.0.3-c87d0adf5b-10c0.zip/node_modules/@rspress/core/dist/runtime'
    ╭─[22:0]
 20 │ import { addLeadingSlash, addTrailingSlash, cleanUrlByConfig, isEqualPath, isProduction, normalizeHrefInRuntime, normalizeImagePath, removeBase, removeTrailingSlash, routePathToMdPath, withBase } from "./utils.js";
 21 │ export * from "react-router-dom";
 22 │ export { Content, Head, NoSSR, PageContext, ThemeContext, addLeadingSlash, addTrailingSlash, cleanUrlByConfig, getSidebarDataGroup, isActive, isDataUrl, isEqualPath, isExternalUrl, isProduction, matchNavbar, matchSidebar, normalizeHref, normalizeHrefInRuntime, normalizeImagePath, pathnameToRouteService, preloadLink, removeBase, removeTrailingSlash, routePathToMdPath, useActiveMatcher, useDark, useFrontmatter, useI18n, useLang, useLocaleSiteData, useNav, usePage, usePageData, usePages, useSidebar, useSidebarDynamic, useSite, useVersion, useWindowSize, withBase };
    · ────────────────────────────────────────────────────────────────────────────────────────────────────────────────────────────────────────────────────────────────────────────────────────────────────────────────────────────────────────────────────────────────────────────────────────────────────────────────────────────────────────────────────────────────────────────────────────────────────────────────────────────────────────────────────────────────────────────────────────────────────────────────────────────────────────────────────────────────────────────────────────
    ╰────
Import traces (entry → error):
  ../../.yarn/berry/cache/@rspress-core-npm-2.0.3-c87d0adf5b-10c0.zip/node_modules/@rspress/core/dist/runtime/ssrServerEntry.js
  ../../.yarn/berry/cache/@rspress-core-npm-2.0.3-c87d0adf5b-10c0.zip/node_modules/@rspress/core/dist/runtime/index.js ×

File: ../../.yarn/berry/cache/@rspress-core-npm-2.0.3-c87d0adf5b-10c0.zip/node_modules/@rspress/core/dist/runtime/initPageData.js:2:1-62
  × Module not found: Can't resolve '@rspress/shared' in '/home/dev/.yarn/berry/cache/@rspress-core-npm-2.0.3-c87d0adf5b-10c0.zip/node_modules/@rspress/core/dist/runtime'
   ╭─[2:0]
 1 │ import { isEqualPath, pathnameToRouteService } from "@rspress/core/runtime";
 2 │ import { MDX_OR_MD_REGEXP, cleanUrl } from "@rspress/shared";
   · ─────────────────────────────────────────────────────────────
 3 │ import { pageData } from "virtual-page-data";
 4 │ import virtual_site_data from "virtual-site-data";
   ╰────
Import traces (entry → error):
  ../../.yarn/berry/cache/@rspress-core-npm-2.0.3-c87d0adf5b-10c0.zip/node_modules/@rspress/core/dist/runtime/ssrServerEntry.js
  ../../.yarn/berry/cache/@rspress-core-npm-2.0.3-c87d0adf5b-10c0.zip/node_modules/@rspress/core/dist/runtime/initPageData.js ×

File: ../../.yarn/berry/cache/@rspress-core-npm-2.0.3-c87d0adf5b-10c0.zip/node_modules/@rspress/core/dist/runtime/route.js:1:1-44
  × Module not found: Can't resolve '@rspress/shared' in '/home/dev/.yarn/berry/cache/@rspress-core-npm-2.0.3-c87d0adf5b-10c0.zip/node_modules/@rspress/core/dist/runtime'
   ╭─[1:0]
 1 │ import { cleanUrl } from "@rspress/shared";
   · ───────────────────────────────────────────
 2 │ import { routes } from "virtual-routes";
 3 │ function normalizeRoutePath(routePath) {
   ╰────
Import traces (entry → error):
  ../../.yarn/berry/cache/@rspress-core-npm-2.0.3-c87d0adf5b-10c0.zip/node_modules/@rspress/core/dist/runtime/ssrServerEntry.js
  ../../.yarn/berry/cache/@rspress-core-npm-2.0.3-c87d0adf5b-10c0.zip/node_modules/@rspress/core/dist/runtime/index.js
  ../../.yarn/berry/cache/@rspress-core-npm-2.0.3-c87d0adf5b-10c0.zip/node_modules/@rspress/core/dist/runtime/route.js ×

File: ../../.yarn/berry/cache/@rspress-core-npm-2.0.3-c87d0adf5b-10c0.zip/node_modules/@rspress/core/dist/runtime/ssrServerEntry.js:1:1-41
  × Module not found: Can't resolve 'react/jsx-runtime' in '/home/dev/.yarn/berry/cache/@rspress-core-npm-2.0.3-c87d0adf5b-10c0.zip/node_modules/@rspress/core/dist/runtime'
   ╭─[1:0]
 1 │ import { jsx } from "react/jsx-runtime";
   · ────────────────────────────────────────
 2 │ import { PassThrough } from "node:stream";
 3 │ import { text as consumers_text } from "node:stream/consumers";
   ╰────

File: ../../.yarn/berry/cache/@rspress-core-npm-2.0.3-c87d0adf5b-10c0.zip/node_modules/@rspress/core/dist/runtime/ssrServerEntry.js:5:1-55
  × Module not found: Can't resolve '@unhead/react/server' in '/home/dev/.yarn/berry/cache/@rspress-core-npm-2.0.3-c87d0adf5b-10c0.zip/node_modules/@rspress/core/dist/runtime'
   ╭─[5:0]
 3 │ import { text as consumers_text } from "node:stream/consumers";
 4 │ import { PageContext, ThemeContext, pathnameToRouteService, removeTrailingSlash, withBase } from "@rspress/core/runtime";
 5 │ import { UnheadProvider } from "@unhead/react/server";
   · ──────────────────────────────────────────────────────
 6 │ import { renderToPipeableStream } from "react-dom/server";
 7 │ import { StaticRouter } from "react-router-dom";
   ╰────

File: ../../.yarn/berry/cache/@rspress-core-npm-2.0.3-c87d0adf5b-10c0.zip/node_modules/@rspress/core/dist/runtime/ssrServerEntry.js:6:1-59
  × Module not found: Can't resolve 'react-dom/server' in '/home/dev/.yarn/berry/cache/@rspress-core-npm-2.0.3-c87d0adf5b-10c0.zip/node_modules/@rspress/core/dist/runtime'
   ╭─[6:0]
 4 │ import { PageContext, ThemeContext, pathnameToRouteService, removeTrailingSlash, withBase } from "@rspress/core/runtime";
 5 │ import { UnheadProvider } from "@unhead/react/server";
 6 │ import { renderToPipeableStream } from "react-dom/server";
   · ──────────────────────────────────────────────────────────
 7 │ import { StaticRouter } from "react-router-dom";
 8 │ import { App } from "./App.js";
   ╰────

File: ../../.yarn/berry/cache/@rspress-core-npm-2.0.3-c87d0adf5b-10c0.zip/node_modules/@rspress/core/dist/runtime/ssrServerEntry.js:7:1-49
  × Module not found: Can't resolve 'react-router-dom' in '/home/dev/.yarn/berry/cache/@rspress-core-npm-2.0.3-c87d0adf5b-10c0.zip/node_modules/@rspress/core/dist/runtime'
   ╭─[7:0]
 5 │ import { UnheadProvider } from "@unhead/react/server";
 6 │ import { renderToPipeableStream } from "react-dom/server";
 7 │ import { StaticRouter } from "react-router-dom";
   · ────────────────────────────────────────────────
 8 │ import { App } from "./App.js";
 9 │ import { initPageData } from "./initPageData.js";
   ╰────

File: ../../.yarn/berry/cache/@rspress-core-npm-2.0.3-c87d0adf5b-10c0.zip/node_modules/@rspress/core/dist/runtime/utils.js:1:1-179
  × Module not found: Can't resolve '@rspress/shared' in '/home/dev/.yarn/berry/cache/@rspress-core-npm-2.0.3-c87d0adf5b-10c0.zip/node_modules/@rspress/core/dist/runtime'
   ╭─[1:0]
 1 │ import { addLeadingSlash, addTrailingSlash, isDataUrl, isExternalUrl, isProduction, normalizeHref, removeBase, removeHash, removeTrailingSlash, withBase } from "@rspress/shared";
   · ──────────────────────────────────────────────────────────────────────────────────────────────────────────────────────────────────────────────────────────────────────────────────
 2 │ import virtual_site_data from "virtual-site-data";
 3 │ function utils_withBase(url = '/') {
   ╰────
Import traces (entry → error):
  ../../.yarn/berry/cache/@rspress-core-npm-2.0.3-c87d0adf5b-10c0.zip/node_modules/@rspress/core/dist/runtime/ssrServerEntry.js
  ../../.yarn/berry/cache/@rspress-core-npm-2.0.3-c87d0adf5b-10c0.zip/node_modules/@rspress/core/dist/runtime/index.js
  ../../.yarn/berry/cache/@rspress-core-npm-2.0.3-c87d0adf5b-10c0.zip/node_modules/@rspress/core/dist/runtime/utils.js ×

File: ../../.yarn/berry/cache/@rspress-core-npm-2.0.3-c87d0adf5b-10c0.zip/node_modules/@rspress/core/dist/runtime/utils.js:34:1-235
  × Module not found: Can't resolve '@rspress/shared' in '/home/dev/.yarn/berry/cache/@rspress-core-npm-2.0.3-c87d0adf5b-10c0.zip/node_modules/@rspress/core/dist/runtime'
    ╭─[34:0]
 32 │     return isExternalUrl(path) || isDataUrl(path) || path.startsWith('//');
 33 │ }
 34 │ export { addLeadingSlash, addTrailingSlash, cleanUrlByConfig, isEqualPath, isProduction, normalizeHrefInRuntime, normalizeImagePath, utils_removeBase as removeBase, removeTrailingSlash, routePathToMdPath, utils_withBase as withBase };
    · ──────────────────────────────────────────────────────────────────────────────────────────────────────────────────────────────────────────────────────────────────────────────────────────────────────────────────────────────────────────
    ╰────
Import traces (entry → error):
  ../../.yarn/berry/cache/@rspress-core-npm-2.0.3-c87d0adf5b-10c0.zip/node_modules/@rspress/core/dist/runtime/ssrServerEntry.js
  ../../.yarn/berry/cache/@rspress-core-npm-2.0.3-c87d0adf5b-10c0.zip/node_modules/@rspress/core/dist/runtime/index.js
  ../../.yarn/berry/cache/@rspress-core-npm-2.0.3-c87d0adf5b-10c0.zip/node_modules/@rspress/core/dist/runtime/utils.js ×

File: ../../.yarn/berry/cache/@rspress-core-npm-2.0.3-c87d0adf5b-10c0.zip/node_modules/@rspress/core/dist/theme/assets/arrow-down.js:1:1-41
  × Module not found: Can't resolve 'react/jsx-runtime' in '/home/dev/.yarn/berry/cache/@rspress-core-npm-2.0.3-c87d0adf5b-10c0.zip/node_modules/@rspress/core/dist/theme/assets'
   ╭─[1:0]
 1 │ import { jsx } from "react/jsx-runtime";
   · ────────────────────────────────────────
 2 │ import "react";
 3 │ const SvgArrowDown = (props)=>/*#__PURE__*/ jsx("svg", {
   ╰────
Import traces (entry → error):
  ../../.yarn/berry/cache/@rspress-core-npm-2.0.3-c87d0adf5b-10c0.zip/node_modules/@rspress/core/dist/theme/index.js
  ../../.yarn/berry/cache/@rspress-core-npm-2.0.3-c87d0adf5b-10c0.zip/node_modules/@rspress/core/dist/theme/icons.js
  ../../.yarn/berry/cache/@rspress-core-npm-2.0.3-c87d0adf5b-10c0.zip/node_modules/@rspress/core/dist/theme/assets/arrow-down.js ×

File: ../../.yarn/berry/cache/@rspress-core-npm-2.0.3-c87d0adf5b-10c0.zip/node_modules/@rspress/core/dist/theme/assets/arrow-down.js:2:1-16
  × Module not found: Can't resolve 'react' in '/home/dev/.yarn/berry/cache/@rspress-core-npm-2.0.3-c87d0adf5b-10c0.zip/node_modules/@rspress/core/dist/theme/assets'
   ╭─[2:0]
 1 │ import { jsx } from "react/jsx-runtime";
 2 │ import "react";
   · ───────────────
 3 │ const SvgArrowDown = (props)=>/*#__PURE__*/ jsx("svg", {
 4 │         width: "1em",
   ╰────
Import traces (entry → error):
  ../../.yarn/berry/cache/@rspress-core-npm-2.0.3-c87d0adf5b-10c0.zip/node_modules/@rspress/core/dist/theme/index.js
  ../../.yarn/berry/cache/@rspress-core-npm-2.0.3-c87d0adf5b-10c0.zip/node_modules/@rspress/core/dist/theme/icons.js
  ../../.yarn/berry/cache/@rspress-core-npm-2.0.3-c87d0adf5b-10c0.zip/node_modules/@rspress/core/dist/theme/assets/arrow-down.js ×

File: ../../.yarn/berry/cache/@rspress-core-npm-2.0.3-c87d0adf5b-10c0.zip/node_modules/@rspress/core/dist/theme/assets/arrow-right.js:1:1-41
  × Module not found: Can't resolve 'react/jsx-runtime' in '/home/dev/.yarn/berry/cache/@rspress-core-npm-2.0.3-c87d0adf5b-10c0.zip/node_modules/@rspress/core/dist/theme/assets'
   ╭─[1:0]
 1 │ import { jsx } from "react/jsx-runtime";
   · ────────────────────────────────────────
 2 │ import "react";
 3 │ const SvgArrowRight = (props)=>/*#__PURE__*/ jsx("svg", {
   ╰────
Import traces (entry → error):
  ../../.yarn/berry/cache/@rspress-core-npm-2.0.3-c87d0adf5b-10c0.zip/node_modules/@rspress/core/dist/theme/index.js
  ../../.yarn/berry/cache/@rspress-core-npm-2.0.3-c87d0adf5b-10c0.zip/node_modules/@rspress/core/dist/theme/icons.js
  ../../.yarn/berry/cache/@rspress-core-npm-2.0.3-c87d0adf5b-10c0.zip/node_modules/@rspress/core/dist/theme/assets/arrow-right.js ×

File: ../../.yarn/berry/cache/@rspress-core-npm-2.0.3-c87d0adf5b-10c0.zip/node_modules/@rspress/core/dist/theme/assets/arrow-right.js:2:1-16
  × Module not found: Can't resolve 'react' in '/home/dev/.yarn/berry/cache/@rspress-core-npm-2.0.3-c87d0adf5b-10c0.zip/node_modules/@rspress/core/dist/theme/assets'
   ╭─[2:0]
 1 │ import { jsx } from "react/jsx-runtime";
 2 │ import "react";
   · ───────────────
 3 │ const SvgArrowRight = (props)=>/*#__PURE__*/ jsx("svg", {
 4 │         width: "1em",
   ╰────
Import traces (entry → error):
  ../../.yarn/berry/cache/@rspress-core-npm-2.0.3-c87d0adf5b-10c0.zip/node_modules/@rspress/core/dist/theme/index.js
  ../../.yarn/berry/cache/@rspress-core-npm-2.0.3-c87d0adf5b-10c0.zip/node_modules/@rspress/core/dist/theme/icons.js
  ../../.yarn/berry/cache/@rspress-core-npm-2.0.3-c87d0adf5b-10c0.zip/node_modules/@rspress/core/dist/theme/assets/arrow-right.js ×

File: ../../.yarn/berry/cache/@rspress-core-npm-2.0.3-c87d0adf5b-10c0.zip/node_modules/@rspress/core/dist/theme/assets/close.js:1:1-41
  × Module not found: Can't resolve 'react/jsx-runtime' in '/home/dev/.yarn/berry/cache/@rspress-core-npm-2.0.3-c87d0adf5b-10c0.zip/node_modules/@rspress/core/dist/theme/assets'
   ╭─[1:0]
 1 │ import { jsx } from "react/jsx-runtime";
   · ────────────────────────────────────────
 2 │ import "react";
 3 │ const SvgClose = (props)=>/*#__PURE__*/ jsx("svg", {
   ╰────
Import traces (entry → error):
  ../../.yarn/berry/cache/@rspress-core-npm-2.0.3-c87d0adf5b-10c0.zip/node_modules/@rspress/core/dist/theme/index.js
  ../../.yarn/berry/cache/@rspress-core-npm-2.0.3-c87d0adf5b-10c0.zip/node_modules/@rspress/core/dist/theme/icons.js
  ../../.yarn/berry/cache/@rspress-core-npm-2.0.3-c87d0adf5b-10c0.zip/node_modules/@rspress/core/dist/theme/assets/close.js ×

File: ../../.yarn/berry/cache/@rspress-core-npm-2.0.3-c87d0adf5b-10c0.zip/node_modules/@rspress/core/dist/theme/assets/close.js:2:1-16
  × Module not found: Can't resolve 'react' in '/home/dev/.yarn/berry/cache/@rspress-core-npm-2.0.3-c87d0adf5b-10c0.zip/node_modules/@rspress/core/dist/theme/assets'
   ╭─[2:0]
 1 │ import { jsx } from "react/jsx-runtime";
 2 │ import "react";
   · ───────────────
 3 │ const SvgClose = (props)=>/*#__PURE__*/ jsx("svg", {
 4 │         xmlns: "http://www.w3.org/2000/svg",
   ╰────
Import traces (entry → error):
  ../../.yarn/berry/cache/@rspress-core-npm-2.0.3-c87d0adf5b-10c0.zip/node_modules/@rspress/core/dist/theme/index.js
  ../../.yarn/berry/cache/@rspress-core-npm-2.0.3-c87d0adf5b-10c0.zip/node_modules/@rspress/core/dist/theme/icons.js
  ../../.yarn/berry/cache/@rspress-core-npm-2.0.3-c87d0adf5b-10c0.zip/node_modules/@rspress/core/dist/theme/assets/close.js ×

File: ../../.yarn/berry/cache/@rspress-core-npm-2.0.3-c87d0adf5b-10c0.zip/node_modules/@rspress/core/dist/theme/assets/copy.js:1:1-47
  × Module not found: Can't resolve 'react/jsx-runtime' in '/home/dev/.yarn/berry/cache/@rspress-core-npm-2.0.3-c87d0adf5b-10c0.zip/node_modules/@rspress/core/dist/theme/assets'
   ╭─[1:0]
 1 │ import { jsx, jsxs } from "react/jsx-runtime";
   · ──────────────────────────────────────────────
 2 │ import "react";
 3 │ const SvgCopy = (props)=>/*#__PURE__*/ jsxs("svg", {
   ╰────
Import traces (entry → error):
  ../../.yarn/berry/cache/@rspress-core-npm-2.0.3-c87d0adf5b-10c0.zip/node_modules/@rspress/core/dist/theme/index.js
  ../../.yarn/berry/cache/@rspress-core-npm-2.0.3-c87d0adf5b-10c0.zip/node_modules/@rspress/core/dist/theme/icons.js
  ../../.yarn/berry/cache/@rspress-core-npm-2.0.3-c87d0adf5b-10c0.zip/node_modules/@rspress/core/dist/theme/assets/copy.js ×

File: ../../.yarn/berry/cache/@rspress-core-npm-2.0.3-c87d0adf5b-10c0.zip/node_modules/@rspress/core/dist/theme/assets/copy.js:2:1-16
  × Module not found: Can't resolve 'react' in '/home/dev/.yarn/berry/cache/@rspress-core-npm-2.0.3-c87d0adf5b-10c0.zip/node_modules/@rspress/core/dist/theme/assets'
   ╭─[2:0]
 1 │ import { jsx, jsxs } from "react/jsx-runtime";
 2 │ import "react";
   · ───────────────
 3 │ const SvgCopy = (props)=>/*#__PURE__*/ jsxs("svg", {
 4 │         xmlns: "http://www.w3.org/2000/svg",
   ╰────
Import traces (entry → error):
  ../../.yarn/berry/cache/@rspress-core-npm-2.0.3-c87d0adf5b-10c0.zip/node_modules/@rspress/core/dist/theme/index.js
  ../../.yarn/berry/cache/@rspress-core-npm-2.0.3-c87d0adf5b-10c0.zip/node_modules/@rspress/core/dist/theme/icons.js
  ../../.yarn/berry/cache/@rspress-core-npm-2.0.3-c87d0adf5b-10c0.zip/node_modules/@rspress/core/dist/theme/assets/copy.js ×

File: ../../.yarn/berry/cache/@rspress-core-npm-2.0.3-c87d0adf5b-10c0.zip/node_modules/@rspress/core/dist/theme/assets/deprecated.js:1:1-41
  × Module not found: Can't resolve 'react/jsx-runtime' in '/home/dev/.yarn/berry/cache/@rspress-core-npm-2.0.3-c87d0adf5b-10c0.zip/node_modules/@rspress/core/dist/theme/assets'
   ╭─[1:0]
 1 │ import { jsx } from "react/jsx-runtime";
   · ────────────────────────────────────────
 2 │ import "react";
 3 │ const SvgDeprecated = (props)=>/*#__PURE__*/ jsx("svg", {
   ╰────
Import traces (entry → error):
  ../../.yarn/berry/cache/@rspress-core-npm-2.0.3-c87d0adf5b-10c0.zip/node_modules/@rspress/core/dist/theme/index.js
  ../../.yarn/berry/cache/@rspress-core-npm-2.0.3-c87d0adf5b-10c0.zip/node_modules/@rspress/core/dist/theme/icons.js
  ../../.yarn/berry/cache/@rspress-core-npm-2.0.3-c87d0adf5b-10c0.zip/node_modules/@rspress/core/dist/theme/assets/deprecated.js ×

File: ../../.yarn/berry/cache/@rspress-core-npm-2.0.3-c87d0adf5b-10c0.zip/node_modules/@rspress/core/dist/theme/assets/deprecated.js:2:1-16
  × Module not found: Can't resolve 'react' in '/home/dev/.yarn/berry/cache/@rspress-core-npm-2.0.3-c87d0adf5b-10c0.zip/node_modules/@rspress/core/dist/theme/assets'
   ╭─[2:0]
 1 │ import { jsx } from "react/jsx-runtime";
 2 │ import "react";
   · ───────────────
 3 │ const SvgDeprecated = (props)=>/*#__PURE__*/ jsx("svg", {
 4 │         width: "1em",
   ╰────
Import traces (entry → error):
  ../../.yarn/berry/cache/@rspress-core-npm-2.0.3-c87d0adf5b-10c0.zip/node_modules/@rspress/core/dist/theme/index.js
  ../../.yarn/berry/cache/@rspress-core-npm-2.0.3-c87d0adf5b-10c0.zip/node_modules/@rspress/core/dist/theme/icons.js
  ../../.yarn/berry/cache/@rspress-core-npm-2.0.3-c87d0adf5b-10c0.zip/node_modules/@rspress/core/dist/theme/assets/deprecated.js ×

File: ../../.yarn/berry/cache/@rspress-core-npm-2.0.3-c87d0adf5b-10c0.zip/node_modules/@rspress/core/dist/theme/assets/down.js:1:1-41
  × Module not found: Can't resolve 'react/jsx-runtime' in '/home/dev/.yarn/berry/cache/@rspress-core-npm-2.0.3-c87d0adf5b-10c0.zip/node_modules/@rspress/core/dist/theme/assets'
   ╭─[1:0]
 1 │ import { jsx } from "react/jsx-runtime";
   · ────────────────────────────────────────
 2 │ import "react";
 3 │ const SvgDown = (props)=>/*#__PURE__*/ jsx("svg", {
   ╰────
Import traces (entry → error):
  ../../.yarn/berry/cache/@rspress-core-npm-2.0.3-c87d0adf5b-10c0.zip/node_modules/@rspress/core/dist/theme/index.js
  ../../.yarn/berry/cache/@rspress-core-npm-2.0.3-c87d0adf5b-10c0.zip/node_modules/@rspress/core/dist/theme/icons.js
  ../../.yarn/berry/cache/@rspress-core-npm-2.0.3-c87d0adf5b-10c0.zip/node_modules/@rspress/core/dist/theme/assets/down.js ×

File: ../../.yarn/berry/cache/@rspress-core-npm-2.0.3-c87d0adf5b-10c0.zip/node_modules/@rspress/core/dist/theme/assets/down.js:2:1-16
  × Module not found: Can't resolve 'react' in '/home/dev/.yarn/berry/cache/@rspress-core-npm-2.0.3-c87d0adf5b-10c0.zip/node_modules/@rspress/core/dist/theme/assets'
   ╭─[2:0]
 1 │ import { jsx } from "react/jsx-runtime";
 2 │ import "react";
   · ───────────────
 3 │ const SvgDown = (props)=>/*#__PURE__*/ jsx("svg", {
 4 │         width: "1em",
   ╰────
Import traces (entry → error):
  ../../.yarn/berry/cache/@rspress-core-npm-2.0.3-c87d0adf5b-10c0.zip/node_modules/@rspress/core/dist/theme/index.js
  ../../.yarn/berry/cache/@rspress-core-npm-2.0.3-c87d0adf5b-10c0.zip/node_modules/@rspress/core/dist/theme/icons.js
  ../../.yarn/berry/cache/@rspress-core-npm-2.0.3-c87d0adf5b-10c0.zip/node_modules/@rspress/core/dist/theme/assets/down.js ×

File: ../../.yarn/berry/cache/@rspress-core-npm-2.0.3-c87d0adf5b-10c0.zip/node_modules/@rspress/core/dist/theme/assets/empty.js:1:1-47
  × Module not found: Can't resolve 'react/jsx-runtime' in '/home/dev/.yarn/berry/cache/@rspress-core-npm-2.0.3-c87d0adf5b-10c0.zip/node_modules/@rspress/core/dist/theme/assets'
   ╭─[1:0]
 1 │ import { jsx, jsxs } from "react/jsx-runtime";
   · ──────────────────────────────────────────────
 2 │ import "react";
 3 │ const SvgEmpty = (props)=>/*#__PURE__*/ jsxs("svg", {
   ╰────
Import traces (entry → error):
  ../../.yarn/berry/cache/@rspress-core-npm-2.0.3-c87d0adf5b-10c0.zip/node_modules/@rspress/core/dist/theme/index.js
  ../../.yarn/berry/cache/@rspress-core-npm-2.0.3-c87d0adf5b-10c0.zip/node_modules/@rspress/core/dist/theme/icons.js
  ../../.yarn/berry/cache/@rspress-core-npm-2.0.3-c87d0adf5b-10c0.zip/node_modules/@rspress/core/dist/theme/assets/empty.js ×

File: ../../.yarn/berry/cache/@rspress-core-npm-2.0.3-c87d0adf5b-10c0.zip/node_modules/@rspress/core/dist/theme/assets/empty.js:2:1-16
  × Module not found: Can't resolve 'react' in '/home/dev/.yarn/berry/cache/@rspress-core-npm-2.0.3-c87d0adf5b-10c0.zip/node_modules/@rspress/core/dist/theme/assets'
   ╭─[2:0]
 1 │ import { jsx, jsxs } from "react/jsx-runtime";
 2 │ import "react";
   · ───────────────
 3 │ const SvgEmpty = (props)=>/*#__PURE__*/ jsxs("svg", {
 4 │         xmlns: "http://www.w3.org/2000/svg",
   ╰────
Import traces (entry → error):
  ../../.yarn/berry/cache/@rspress-core-npm-2.0.3-c87d0adf5b-10c0.zip/node_modules/@rspress/core/dist/theme/index.js
  ../../.yarn/berry/cache/@rspress-core-npm-2.0.3-c87d0adf5b-10c0.zip/node_modules/@rspress/core/dist/theme/icons.js
  ../../.yarn/berry/cache/@rspress-core-npm-2.0.3-c87d0adf5b-10c0.zip/node_modules/@rspress/core/dist/theme/assets/empty.js ×

File: ../../.yarn/berry/cache/@rspress-core-npm-2.0.3-c87d0adf5b-10c0.zip/node_modules/@rspress/core/dist/theme/assets/experimental.js:1:1-41
  × Module not found: Can't resolve 'react/jsx-runtime' in '/home/dev/.yarn/berry/cache/@rspress-core-npm-2.0.3-c87d0adf5b-10c0.zip/node_modules/@rspress/core/dist/theme/assets'
   ╭─[1:0]
 1 │ import { jsx } from "react/jsx-runtime";
   · ────────────────────────────────────────
 2 │ import "react";
 3 │ const SvgExperimental = (props)=>/*#__PURE__*/ jsx("svg", {
   ╰────
Import traces (entry → error):
  ../../.yarn/berry/cache/@rspress-core-npm-2.0.3-c87d0adf5b-10c0.zip/node_modules/@rspress/core/dist/theme/index.js
  ../../.yarn/berry/cache/@rspress-core-npm-2.0.3-c87d0adf5b-10c0.zip/node_modules/@rspress/core/dist/theme/icons.js
  ../../.yarn/berry/cache/@rspress-core-npm-2.0.3-c87d0adf5b-10c0.zip/node_modules/@rspress/core/dist/theme/assets/experimental.js ×

File: ../../.yarn/berry/cache/@rspress-core-npm-2.0.3-c87d0adf5b-10c0.zip/node_modules/@rspress/core/dist/theme/assets/experimental.js:2:1-16
  × Module not found: Can't resolve 'react' in '/home/dev/.yarn/berry/cache/@rspress-core-npm-2.0.3-c87d0adf5b-10c0.zip/node_modules/@rspress/core/dist/theme/assets'
   ╭─[2:0]
 1 │ import { jsx } from "react/jsx-runtime";
 2 │ import "react";
   · ───────────────
 3 │ const SvgExperimental = (props)=>/*#__PURE__*/ jsx("svg", {
 4 │         width: "1em",
   ╰────
Import traces (entry → error):
  ../../.yarn/berry/cache/@rspress-core-npm-2.0.3-c87d0adf5b-10c0.zip/node_modules/@rspress/core/dist/theme/index.js
  ../../.yarn/berry/cache/@rspress-core-npm-2.0.3-c87d0adf5b-10c0.zip/node_modules/@rspress/core/dist/theme/icons.js
  ../../.yarn/berry/cache/@rspress-core-npm-2.0.3-c87d0adf5b-10c0.zip/node_modules/@rspress/core/dist/theme/assets/experimental.js ×

File: ../../.yarn/berry/cache/@rspress-core-npm-2.0.3-c87d0adf5b-10c0.zip/node_modules/@rspress/core/dist/theme/assets/external-link.js:1:1-41
  × Module not found: Can't resolve 'react/jsx-runtime' in '/home/dev/.yarn/berry/cache/@rspress-core-npm-2.0.3-c87d0adf5b-10c0.zip/node_modules/@rspress/core/dist/theme/assets'
   ╭─[1:0]
 1 │ import { jsx } from "react/jsx-runtime";
   · ────────────────────────────────────────
 2 │ import "react";
 3 │ const SvgExternalLink = (props)=>/*#__PURE__*/ jsx("svg", {
   ╰────
Import traces (entry → error):
  ../../.yarn/berry/cache/@rspress-core-npm-2.0.3-c87d0adf5b-10c0.zip/node_modules/@rspress/core/dist/theme/index.js
  ../../.yarn/berry/cache/@rspress-core-npm-2.0.3-c87d0adf5b-10c0.zip/node_modules/@rspress/core/dist/theme/icons.js
  ../../.yarn/berry/cache/@rspress-core-npm-2.0.3-c87d0adf5b-10c0.zip/node_modules/@rspress/core/dist/theme/assets/external-link.js ×

File: ../../.yarn/berry/cache/@rspress-core-npm-2.0.3-c87d0adf5b-10c0.zip/node_modules/@rspress/core/dist/theme/assets/external-link.js:2:1-16
  × Module not found: Can't resolve 'react' in '/home/dev/.yarn/berry/cache/@rspress-core-npm-2.0.3-c87d0adf5b-10c0.zip/node_modules/@rspress/core/dist/theme/assets'
   ╭─[2:0]
 1 │ import { jsx } from "react/jsx-runtime";
 2 │ import "react";
   · ───────────────
 3 │ const SvgExternalLink = (props)=>/*#__PURE__*/ jsx("svg", {
 4 │         xmlns: "http://www.w3.org/2000/svg",
   ╰────
Import traces (entry → error):
  ../../.yarn/berry/cache/@rspress-core-npm-2.0.3-c87d0adf5b-10c0.zip/node_modules/@rspress/core/dist/theme/index.js
  ../../.yarn/berry/cache/@rspress-core-npm-2.0.3-c87d0adf5b-10c0.zip/node_modules/@rspress/core/dist/theme/icons.js
  ../../.yarn/berry/cache/@rspress-core-npm-2.0.3-c87d0adf5b-10c0.zip/node_modules/@rspress/core/dist/theme/assets/external-link.js ×

File: ../../.yarn/berry/cache/@rspress-core-npm-2.0.3-c87d0adf5b-10c0.zip/node_modules/@rspress/core/dist/theme/assets/file.js:1:1-47
  × Module not found: Can't resolve 'react/jsx-runtime' in '/home/dev/.yarn/berry/cache/@rspress-core-npm-2.0.3-c87d0adf5b-10c0.zip/node_modules/@rspress/core/dist/theme/assets'
   ╭─[1:0]
 1 │ import { jsx, jsxs } from "react/jsx-runtime";
   · ──────────────────────────────────────────────
 2 │ import "react";
 3 │ const SvgFile = (props)=>/*#__PURE__*/ jsxs("svg", {
   ╰────
Import traces (entry → error):
  ../../.yarn/berry/cache/@rspress-core-npm-2.0.3-c87d0adf5b-10c0.zip/node_modules/@rspress/core/dist/theme/index.js
  ../../.yarn/berry/cache/@rspress-core-npm-2.0.3-c87d0adf5b-10c0.zip/node_modules/@rspress/core/dist/theme/icons.js
  ../../.yarn/berry/cache/@rspress-core-npm-2.0.3-c87d0adf5b-10c0.zip/node_modules/@rspress/core/dist/theme/assets/file.js ×

File: ../../.yarn/berry/cache/@rspress-core-npm-2.0.3-c87d0adf5b-10c0.zip/node_modules/@rspress/core/dist/theme/assets/file.js:2:1-16
  × Module not found: Can't resolve 'react' in '/home/dev/.yarn/berry/cache/@rspress-core-npm-2.0.3-c87d0adf5b-10c0.zip/node_modules/@rspress/core/dist/theme/assets'
   ╭─[2:0]
 1 │ import { jsx, jsxs } from "react/jsx-runtime";
 2 │ import "react";
   · ───────────────
 3 │ const SvgFile = (props)=>/*#__PURE__*/ jsxs("svg", {
 4 │         xmlns: "http://www.w3.org/2000/svg",
   ╰────
Import traces (entry → error):
  ../../.yarn/berry/cache/@rspress-core-npm-2.0.3-c87d0adf5b-10c0.zip/node_modules/@rspress/core/dist/theme/index.js
  ../../.yarn/berry/cache/@rspress-core-npm-2.0.3-c87d0adf5b-10c0.zip/node_modules/@rspress/core/dist/theme/icons.js
  ../../.yarn/berry/cache/@rspress-core-npm-2.0.3-c87d0adf5b-10c0.zip/node_modules/@rspress/core/dist/theme/assets/file.js ×

File: ../../.yarn/berry/cache/@rspress-core-npm-2.0.3-c87d0adf5b-10c0.zip/node_modules/@rspress/core/dist/theme/assets/github.js:1:1-41
  × Module not found: Can't resolve 'react/jsx-runtime' in '/home/dev/.yarn/berry/cache/@rspress-core-npm-2.0.3-c87d0adf5b-10c0.zip/node_modules/@rspress/core/dist/theme/assets'
   ╭─[1:0]
 1 │ import { jsx } from "react/jsx-runtime";
   · ────────────────────────────────────────
 2 │ import "react";
 3 │ const SvgGithub = (props)=>/*#__PURE__*/ jsx("svg", {
   ╰────
Import traces (entry → error):
  ../../.yarn/berry/cache/@rspress-core-npm-2.0.3-c87d0adf5b-10c0.zip/node_modules/@rspress/core/dist/theme/index.js
  ../../.yarn/berry/cache/@rspress-core-npm-2.0.3-c87d0adf5b-10c0.zip/node_modules/@rspress/core/dist/theme/icons.js
  ../../.yarn/berry/cache/@rspress-core-npm-2.0.3-c87d0adf5b-10c0.zip/node_modules/@rspress/core/dist/theme/assets/github.js ×

File: ../../.yarn/berry/cache/@rspress-core-npm-2.0.3-c87d0adf5b-10c0.zip/node_modules/@rspress/core/dist/theme/assets/github.js:2:1-16
  × Module not found: Can't resolve 'react' in '/home/dev/.yarn/berry/cache/@rspress-core-npm-2.0.3-c87d0adf5b-10c0.zip/node_modules/@rspress/core/dist/theme/assets'
   ╭─[2:0]
 1 │ import { jsx } from "react/jsx-runtime";
 2 │ import "react";
   · ───────────────
 3 │ const SvgGithub = (props)=>/*#__PURE__*/ jsx("svg", {
 4 │         xmlns: "http://www.w3.org/2000/svg",
   ╰────
Import traces (entry → error):
  ../../.yarn/berry/cache/@rspress-core-npm-2.0.3-c87d0adf5b-10c0.zip/node_modules/@rspress/core/dist/theme/index.js
  ../../.yarn/berry/cache/@rspress-core-npm-2.0.3-c87d0adf5b-10c0.zip/node_modules/@rspress/core/dist/theme/icons.js
  ../../.yarn/berry/cache/@rspress-core-npm-2.0.3-c87d0adf5b-10c0.zip/node_modules/@rspress/core/dist/theme/assets/github.js ×

File: ../../.yarn/berry/cache/@rspress-core-npm-2.0.3-c87d0adf5b-10c0.zip/node_modules/@rspress/core/dist/theme/assets/gitlab.js:1:1-41
  × Module not found: Can't resolve 'react/jsx-runtime' in '/home/dev/.yarn/berry/cache/@rspress-core-npm-2.0.3-c87d0adf5b-10c0.zip/node_modules/@rspress/core/dist/theme/assets'
   ╭─[1:0]
 1 │ import { jsx } from "react/jsx-runtime";
   · ────────────────────────────────────────
 2 │ import "react";
 3 │ const SvgGitlab = (props)=>/*#__PURE__*/ jsx("svg", {
   ╰────
Import traces (entry → error):
  ../../.yarn/berry/cache/@rspress-core-npm-2.0.3-c87d0adf5b-10c0.zip/node_modules/@rspress/core/dist/theme/index.js
  ../../.yarn/berry/cache/@rspress-core-npm-2.0.3-c87d0adf5b-10c0.zip/node_modules/@rspress/core/dist/theme/icons.js
  ../../.yarn/berry/cache/@rspress-core-npm-2.0.3-c87d0adf5b-10c0.zip/node_modules/@rspress/core/dist/theme/assets/gitlab.js ×

File: ../../.yarn/berry/cache/@rspress-core-npm-2.0.3-c87d0adf5b-10c0.zip/node_modules/@rspress/core/dist/theme/assets/gitlab.js:2:1-16
  × Module not found: Can't resolve 'react' in '/home/dev/.yarn/berry/cache/@rspress-core-npm-2.0.3-c87d0adf5b-10c0.zip/node_modules/@rspress/core/dist/theme/assets'
   ╭─[2:0]
 1 │ import { jsx } from "react/jsx-runtime";
 2 │ import "react";
   · ───────────────
 3 │ const SvgGitlab = (props)=>/*#__PURE__*/ jsx("svg", {
 4 │         xmlns: "http://www.w3.org/2000/svg",
   ╰────
Import traces (entry → error):
  ../../.yarn/berry/cache/@rspress-core-npm-2.0.3-c87d0adf5b-10c0.zip/node_modules/@rspress/core/dist/theme/index.js
  ../../.yarn/berry/cache/@rspress-core-npm-2.0.3-c87d0adf5b-10c0.zip/node_modules/@rspress/core/dist/theme/icons.js
  ../../.yarn/berry/cache/@rspress-core-npm-2.0.3-c87d0adf5b-10c0.zip/node_modules/@rspress/core/dist/theme/assets/gitlab.js ×

File: ../../.yarn/berry/cache/@rspress-core-npm-2.0.3-c87d0adf5b-10c0.zip/node_modules/@rspress/core/dist/theme/assets/header.js:1:1-41
  × Module not found: Can't resolve 'react/jsx-runtime' in '/home/dev/.yarn/berry/cache/@rspress-core-npm-2.0.3-c87d0adf5b-10c0.zip/node_modules/@rspress/core/dist/theme/assets'
   ╭─[1:0]
 1 │ import { jsx } from "react/jsx-runtime";
   · ────────────────────────────────────────
 2 │ import "react";
 3 │ const SvgHeader = (props)=>/*#__PURE__*/ jsx("svg", {
   ╰────
Import traces (entry → error):
  ../../.yarn/berry/cache/@rspress-core-npm-2.0.3-c87d0adf5b-10c0.zip/node_modules/@rspress/core/dist/theme/index.js
  ../../.yarn/berry/cache/@rspress-core-npm-2.0.3-c87d0adf5b-10c0.zip/node_modules/@rspress/core/dist/theme/icons.js
  ../../.yarn/berry/cache/@rspress-core-npm-2.0.3-c87d0adf5b-10c0.zip/node_modules/@rspress/core/dist/theme/assets/header.js ×

File: ../../.yarn/berry/cache/@rspress-core-npm-2.0.3-c87d0adf5b-10c0.zip/node_modules/@rspress/core/dist/theme/assets/header.js:2:1-16
  × Module not found: Can't resolve 'react' in '/home/dev/.yarn/berry/cache/@rspress-core-npm-2.0.3-c87d0adf5b-10c0.zip/node_modules/@rspress/core/dist/theme/assets'
   ╭─[2:0]
 1 │ import { jsx } from "react/jsx-runtime";
 2 │ import "react";
   · ───────────────
 3 │ const SvgHeader = (props)=>/*#__PURE__*/ jsx("svg", {
 4 │         xmlns: "http://www.w3.org/2000/svg",
   ╰────
Import traces (entry → error):
  ../../.yarn/berry/cache/@rspress-core-npm-2.0.3-c87d0adf5b-10c0.zip/node_modules/@rspress/core/dist/theme/index.js
  ../../.yarn/berry/cache/@rspress-core-npm-2.0.3-c87d0adf5b-10c0.zip/node_modules/@rspress/core/dist/theme/icons.js
  ../../.yarn/berry/cache/@rspress-core-npm-2.0.3-c87d0adf5b-10c0.zip/node_modules/@rspress/core/dist/theme/assets/header.js ×

File: ../../.yarn/berry/cache/@rspress-core-npm-2.0.3-c87d0adf5b-10c0.zip/node_modules/@rspress/core/dist/theme/assets/jump.js:1:1-41
  × Module not found: Can't resolve 'react/jsx-runtime' in '/home/dev/.yarn/berry/cache/@rspress-core-npm-2.0.3-c87d0adf5b-10c0.zip/node_modules/@rspress/core/dist/theme/assets'
   ╭─[1:0]
 1 │ import { jsx } from "react/jsx-runtime";
   · ────────────────────────────────────────
 2 │ import "react";
 3 │ const SvgJump = (props)=>/*#__PURE__*/ jsx("svg", {
   ╰────
Import traces (entry → error):
  ../../.yarn/berry/cache/@rspress-core-npm-2.0.3-c87d0adf5b-10c0.zip/node_modules/@rspress/core/dist/theme/index.js
  ../../.yarn/berry/cache/@rspress-core-npm-2.0.3-c87d0adf5b-10c0.zip/node_modules/@rspress/core/dist/theme/icons.js
  ../../.yarn/berry/cache/@rspress-core-npm-2.0.3-c87d0adf5b-10c0.zip/node_modules/@rspress/core/dist/theme/assets/jump.js ×

File: ../../.yarn/berry/cache/@rspress-core-npm-2.0.3-c87d0adf5b-10c0.zip/node_modules/@rspress/core/dist/theme/assets/jump.js:2:1-16
  × Module not found: Can't resolve 'react' in '/home/dev/.yarn/berry/cache/@rspress-core-npm-2.0.3-c87d0adf5b-10c0.zip/node_modules/@rspress/core/dist/theme/assets'
   ╭─[2:0]
 1 │ import { jsx } from "react/jsx-runtime";
 2 │ import "react";
   · ───────────────
 3 │ const SvgJump = (props)=>/*#__PURE__*/ jsx("svg", {
 4 │         xmlns: "http://www.w3.org/2000/svg",
   ╰────
Import traces (entry → error):
  ../../.yarn/berry/cache/@rspress-core-npm-2.0.3-c87d0adf5b-10c0.zip/node_modules/@rspress/core/dist/theme/index.js
  ../../.yarn/berry/cache/@rspress-core-npm-2.0.3-c87d0adf5b-10c0.zip/node_modules/@rspress/core/dist/theme/icons.js
  ../../.yarn/berry/cache/@rspress-core-npm-2.0.3-c87d0adf5b-10c0.zip/node_modules/@rspress/core/dist/theme/assets/jump.js ×

File: ../../.yarn/berry/cache/@rspress-core-npm-2.0.3-c87d0adf5b-10c0.zip/node_modules/@rspress/core/dist/theme/assets/link.js:1:1-47
  × Module not found: Can't resolve 'react/jsx-runtime' in '/home/dev/.yarn/berry/cache/@rspress-core-npm-2.0.3-c87d0adf5b-10c0.zip/node_modules/@rspress/core/dist/theme/assets'
   ╭─[1:0]
 1 │ import { jsx, jsxs } from "react/jsx-runtime";
   · ──────────────────────────────────────────────
 2 │ import "react";
 3 │ const SvgLink = (props)=>/*#__PURE__*/ jsx("svg", {
   ╰────
Import traces (entry → error):
  ../../.yarn/berry/cache/@rspress-core-npm-2.0.3-c87d0adf5b-10c0.zip/node_modules/@rspress/core/dist/theme/index.js
  ../../.yarn/berry/cache/@rspress-core-npm-2.0.3-c87d0adf5b-10c0.zip/node_modules/@rspress/core/dist/theme/icons.js
  ../../.yarn/berry/cache/@rspress-core-npm-2.0.3-c87d0adf5b-10c0.zip/node_modules/@rspress/core/dist/theme/assets/link.js ×

File: ../../.yarn/berry/cache/@rspress-core-npm-2.0.3-c87d0adf5b-10c0.zip/node_modules/@rspress/core/dist/theme/assets/link.js:2:1-16
  × Module not found: Can't resolve 'react' in '/home/dev/.yarn/berry/cache/@rspress-core-npm-2.0.3-c87d0adf5b-10c0.zip/node_modules/@rspress/core/dist/theme/assets'
   ╭─[2:0]
 1 │ import { jsx, jsxs } from "react/jsx-runtime";
 2 │ import "react";
   · ───────────────
 3 │ const SvgLink = (props)=>/*#__PURE__*/ jsx("svg", {
 4 │         xmlns: "http://www.w3.org/2000/svg",
   ╰────
Import traces (entry → error):
  ../../.yarn/berry/cache/@rspress-core-npm-2.0.3-c87d0adf5b-10c0.zip/node_modules/@rspress/core/dist/theme/index.js
  ../../.yarn/berry/cache/@rspress-core-npm-2.0.3-c87d0adf5b-10c0.zip/node_modules/@rspress/core/dist/theme/icons.js
  ../../.yarn/berry/cache/@rspress-core-npm-2.0.3-c87d0adf5b-10c0.zip/node_modules/@rspress/core/dist/theme/assets/link.js ×

File: ../../.yarn/berry/cache/@rspress-core-npm-2.0.3-c87d0adf5b-10c0.zip/node_modules/@rspress/core/dist/theme/assets/loading.js:1:1-47
  × Module not found: Can't resolve 'react/jsx-runtime' in '/home/dev/.yarn/berry/cache/@rspress-core-npm-2.0.3-c87d0adf5b-10c0.zip/node_modules/@rspress/core/dist/theme/assets'
   ╭─[1:0]
 1 │ import { jsx, jsxs } from "react/jsx-runtime";
   · ──────────────────────────────────────────────
 2 │ import "react";
 3 │ const SvgLoading = (props)=>/*#__PURE__*/ jsx("svg", {
   ╰────
Import traces (entry → error):
  ../../.yarn/berry/cache/@rspress-core-npm-2.0.3-c87d0adf5b-10c0.zip/node_modules/@rspress/core/dist/theme/index.js
  ../../.yarn/berry/cache/@rspress-core-npm-2.0.3-c87d0adf5b-10c0.zip/node_modules/@rspress/core/dist/theme/icons.js
  ../../.yarn/berry/cache/@rspress-core-npm-2.0.3-c87d0adf5b-10c0.zip/node_modules/@rspress/core/dist/theme/assets/loading.js ×

File: ../../.yarn/berry/cache/@rspress-core-npm-2.0.3-c87d0adf5b-10c0.zip/node_modules/@rspress/core/dist/theme/assets/loading.js:2:1-16
  × Module not found: Can't resolve 'react' in '/home/dev/.yarn/berry/cache/@rspress-core-npm-2.0.3-c87d0adf5b-10c0.zip/node_modules/@rspress/core/dist/theme/assets'
   ╭─[2:0]
 1 │ import { jsx, jsxs } from "react/jsx-runtime";
 2 │ import "react";
   · ───────────────
 3 │ const SvgLoading = (props)=>/*#__PURE__*/ jsx("svg", {
 4 │         width: 32,
   ╰────
Import traces (entry → error):
  ../../.yarn/berry/cache/@rspress-core-npm-2.0.3-c87d0adf5b-10c0.zip/node_modules/@rspress/core/dist/theme/index.js
  ../../.yarn/berry/cache/@rspress-core-npm-2.0.3-c87d0adf5b-10c0.zip/node_modules/@rspress/core/dist/theme/icons.js
  ../../.yarn/berry/cache/@rspress-core-npm-2.0.3-c87d0adf5b-10c0.zip/node_modules/@rspress/core/dist/theme/assets/loading.js ×

File: ../../.yarn/berry/cache/@rspress-core-npm-2.0.3-c87d0adf5b-10c0.zip/node_modules/@rspress/core/dist/theme/assets/menu.js:1:1-41
  × Module not found: Can't resolve 'react/jsx-runtime' in '/home/dev/.yarn/berry/cache/@rspress-core-npm-2.0.3-c87d0adf5b-10c0.zip/node_modules/@rspress/core/dist/theme/assets'
   ╭─[1:0]
 1 │ import { jsx } from "react/jsx-runtime";
   · ────────────────────────────────────────
 2 │ import "react";
 3 │ const SvgMenu = (props)=>/*#__PURE__*/ jsx("svg", {
   ╰────
Import traces (entry → error):
  ../../.yarn/berry/cache/@rspress-core-npm-2.0.3-c87d0adf5b-10c0.zip/node_modules/@rspress/core/dist/theme/index.js
  ../../.yarn/berry/cache/@rspress-core-npm-2.0.3-c87d0adf5b-10c0.zip/node_modules/@rspress/core/dist/theme/icons.js
  ../../.yarn/berry/cache/@rspress-core-npm-2.0.3-c87d0adf5b-10c0.zip/node_modules/@rspress/core/dist/theme/assets/menu.js ×

File: ../../.yarn/berry/cache/@rspress-core-npm-2.0.3-c87d0adf5b-10c0.zip/node_modules/@rspress/core/dist/theme/assets/menu.js:2:1-16
  × Module not found: Can't resolve 'react' in '/home/dev/.yarn/berry/cache/@rspress-core-npm-2.0.3-c87d0adf5b-10c0.zip/node_modules/@rspress/core/dist/theme/assets'
   ╭─[2:0]
 1 │ import { jsx } from "react/jsx-runtime";
 2 │ import "react";
   · ───────────────
 3 │ const SvgMenu = (props)=>/*#__PURE__*/ jsx("svg", {
 4 │         width: "1em",
   ╰────
Import traces (entry → error):
  ../../.yarn/berry/cache/@rspress-core-npm-2.0.3-c87d0adf5b-10c0.zip/node_modules/@rspress/core/dist/theme/index.js
  ../../.yarn/berry/cache/@rspress-core-npm-2.0.3-c87d0adf5b-10c0.zip/node_modules/@rspress/core/dist/theme/icons.js
  ../../.yarn/berry/cache/@rspress-core-npm-2.0.3-c87d0adf5b-10c0.zip/node_modules/@rspress/core/dist/theme/assets/menu.js ×

File: ../../.yarn/berry/cache/@rspress-core-npm-2.0.3-c87d0adf5b-10c0.zip/node_modules/@rspress/core/dist/theme/assets/moon.js:1:1-41
  × Module not found: Can't resolve 'react/jsx-runtime' in '/home/dev/.yarn/berry/cache/@rspress-core-npm-2.0.3-c87d0adf5b-10c0.zip/node_modules/@rspress/core/dist/theme/assets'
   ╭─[1:0]
 1 │ import { jsx } from "react/jsx-runtime";
   · ────────────────────────────────────────
 2 │ import "react";
 3 │ const SvgMoon = (props)=>/*#__PURE__*/ jsx("svg", {
   ╰────
Import traces (entry → error):
  ../../.yarn/berry/cache/@rspress-core-npm-2.0.3-c87d0adf5b-10c0.zip/node_modules/@rspress/core/dist/theme/index.js
  ../../.yarn/berry/cache/@rspress-core-npm-2.0.3-c87d0adf5b-10c0.zip/node_modules/@rspress/core/dist/theme/icons.js
  ../../.yarn/berry/cache/@rspress-core-npm-2.0.3-c87d0adf5b-10c0.zip/node_modules/@rspress/core/dist/theme/assets/moon.js ×

File: ../../.yarn/berry/cache/@rspress-core-npm-2.0.3-c87d0adf5b-10c0.zip/node_modules/@rspress/core/dist/theme/assets/moon.js:2:1-16
  × Module not found: Can't resolve 'react' in '/home/dev/.yarn/berry/cache/@rspress-core-npm-2.0.3-c87d0adf5b-10c0.zip/node_modules/@rspress/core/dist/theme/assets'
   ╭─[2:0]
 1 │ import { jsx } from "react/jsx-runtime";
 2 │ import "react";
   · ───────────────
 3 │ const SvgMoon = (props)=>/*#__PURE__*/ jsx("svg", {
 4 │         xmlns: "http://www.w3.org/2000/svg",
   ╰────
Import traces (entry → error):
  ../../.yarn/berry/cache/@rspress-core-npm-2.0.3-c87d0adf5b-10c0.zip/node_modules/@rspress/core/dist/theme/index.js
  ../../.yarn/berry/cache/@rspress-core-npm-2.0.3-c87d0adf5b-10c0.zip/node_modules/@rspress/core/dist/theme/icons.js
  ../../.yarn/berry/cache/@rspress-core-npm-2.0.3-c87d0adf5b-10c0.zip/node_modules/@rspress/core/dist/theme/assets/moon.js ×

File: ../../.yarn/berry/cache/@rspress-core-npm-2.0.3-c87d0adf5b-10c0.zip/node_modules/@rspress/core/dist/theme/assets/search.js:1:1-41
  × Module not found: Can't resolve 'react/jsx-runtime' in '/home/dev/.yarn/berry/cache/@rspress-core-npm-2.0.3-c87d0adf5b-10c0.zip/node_modules/@rspress/core/dist/theme/assets'
   ╭─[1:0]
 1 │ import { jsx } from "react/jsx-runtime";
   · ────────────────────────────────────────
 2 │ import "react";
 3 │ const SvgSearch = (props)=>/*#__PURE__*/ jsx("svg", {
   ╰────
Import traces (entry → error):
  ../../.yarn/berry/cache/@rspress-core-npm-2.0.3-c87d0adf5b-10c0.zip/node_modules/@rspress/core/dist/theme/index.js
  ../../.yarn/berry/cache/@rspress-core-npm-2.0.3-c87d0adf5b-10c0.zip/node_modules/@rspress/core/dist/theme/icons.js
  ../../.yarn/berry/cache/@rspress-core-npm-2.0.3-c87d0adf5b-10c0.zip/node_modules/@rspress/core/dist/theme/assets/search.js ×

File: ../../.yarn/berry/cache/@rspress-core-npm-2.0.3-c87d0adf5b-10c0.zip/node_modules/@rspress/core/dist/theme/assets/search.js:2:1-16
  × Module not found: Can't resolve 'react' in '/home/dev/.yarn/berry/cache/@rspress-core-npm-2.0.3-c87d0adf5b-10c0.zip/node_modules/@rspress/core/dist/theme/assets'
   ╭─[2:0]
 1 │ import { jsx } from "react/jsx-runtime";
 2 │ import "react";
   · ───────────────
 3 │ const SvgSearch = (props)=>/*#__PURE__*/ jsx("svg", {
 4 │         xmlns: "http://www.w3.org/2000/svg",
   ╰────
Import traces (entry → error):
  ../../.yarn/berry/cache/@rspress-core-npm-2.0.3-c87d0adf5b-10c0.zip/node_modules/@rspress/core/dist/theme/index.js
  ../../.yarn/berry/cache/@rspress-core-npm-2.0.3-c87d0adf5b-10c0.zip/node_modules/@rspress/core/dist/theme/icons.js
  ../../.yarn/berry/cache/@rspress-core-npm-2.0.3-c87d0adf5b-10c0.zip/node_modules/@rspress/core/dist/theme/assets/search.js ×

File: ../../.yarn/berry/cache/@rspress-core-npm-2.0.3-c87d0adf5b-10c0.zip/node_modules/@rspress/core/dist/theme/assets/small-menu.js:1:1-41
  × Module not found: Can't resolve 'react/jsx-runtime' in '/home/dev/.yarn/berry/cache/@rspress-core-npm-2.0.3-c87d0adf5b-10c0.zip/node_modules/@rspress/core/dist/theme/assets'
   ╭─[1:0]
 1 │ import { jsx } from "react/jsx-runtime";
   · ────────────────────────────────────────
 2 │ import "react";
 3 │ const SvgSmallMenu = (props)=>/*#__PURE__*/ jsx("svg", {
   ╰────
Import traces (entry → error):
  ../../.yarn/berry/cache/@rspress-core-npm-2.0.3-c87d0adf5b-10c0.zip/node_modules/@rspress/core/dist/theme/index.js
  ../../.yarn/berry/cache/@rspress-core-npm-2.0.3-c87d0adf5b-10c0.zip/node_modules/@rspress/core/dist/theme/icons.js
  ../../.yarn/berry/cache/@rspress-core-npm-2.0.3-c87d0adf5b-10c0.zip/node_modules/@rspress/core/dist/theme/assets/small-menu.js ×

File: ../../.yarn/berry/cache/@rspress-core-npm-2.0.3-c87d0adf5b-10c0.zip/node_modules/@rspress/core/dist/theme/assets/small-menu.js:2:1-16
  × Module not found: Can't resolve 'react' in '/home/dev/.yarn/berry/cache/@rspress-core-npm-2.0.3-c87d0adf5b-10c0.zip/node_modules/@rspress/core/dist/theme/assets'
   ╭─[2:0]
 1 │ import { jsx } from "react/jsx-runtime";
 2 │ import "react";
   · ───────────────
 3 │ const SvgSmallMenu = (props)=>/*#__PURE__*/ jsx("svg", {
 4 │         xmlns: "http://www.w3.org/2000/svg",
   ╰────
Import traces (entry → error):
  ../../.yarn/berry/cache/@rspress-core-npm-2.0.3-c87d0adf5b-10c0.zip/node_modules/@rspress/core/dist/theme/index.js
  ../../.yarn/berry/cache/@rspress-core-npm-2.0.3-c87d0adf5b-10c0.zip/node_modules/@rspress/core/dist/theme/icons.js
  ../../.yarn/berry/cache/@rspress-core-npm-2.0.3-c87d0adf5b-10c0.zip/node_modules/@rspress/core/dist/theme/assets/small-menu.js ×

File: ../../.yarn/berry/cache/@rspress-core-npm-2.0.3-c87d0adf5b-10c0.zip/node_modules/@rspress/core/dist/theme/assets/success.js:1:1-41
  × Module not found: Can't resolve 'react/jsx-runtime' in '/home/dev/.yarn/berry/cache/@rspress-core-npm-2.0.3-c87d0adf5b-10c0.zip/node_modules/@rspress/core/dist/theme/assets'
   ╭─[1:0]
 1 │ import { jsx } from "react/jsx-runtime";
   · ────────────────────────────────────────
 2 │ import "react";
 3 │ const SvgSuccess = (props)=>/*#__PURE__*/ jsx("svg", {
   ╰────
Import traces (entry → error):
  ../../.yarn/berry/cache/@rspress-core-npm-2.0.3-c87d0adf5b-10c0.zip/node_modules/@rspress/core/dist/theme/index.js
  ../../.yarn/berry/cache/@rspress-core-npm-2.0.3-c87d0adf5b-10c0.zip/node_modules/@rspress/core/dist/theme/icons.js
  ../../.yarn/berry/cache/@rspress-core-npm-2.0.3-c87d0adf5b-10c0.zip/node_modules/@rspress/core/dist/theme/assets/success.js ×

File: ../../.yarn/berry/cache/@rspress-core-npm-2.0.3-c87d0adf5b-10c0.zip/node_modules/@rspress/core/dist/theme/assets/success.js:2:1-16
  × Module not found: Can't resolve 'react' in '/home/dev/.yarn/berry/cache/@rspress-core-npm-2.0.3-c87d0adf5b-10c0.zip/node_modules/@rspress/core/dist/theme/assets'
   ╭─[2:0]
 1 │ import { jsx } from "react/jsx-runtime";
 2 │ import "react";
   · ───────────────
 3 │ const SvgSuccess = (props)=>/*#__PURE__*/ jsx("svg", {
 4 │         width: 32,
   ╰────
Import traces (entry → error):
  ../../.yarn/berry/cache/@rspress-core-npm-2.0.3-c87d0adf5b-10c0.zip/node_modules/@rspress/core/dist/theme/index.js
  ../../.yarn/berry/cache/@rspress-core-npm-2.0.3-c87d0adf5b-10c0.zip/node_modules/@rspress/core/dist/theme/icons.js
  ../../.yarn/berry/cache/@rspress-core-npm-2.0.3-c87d0adf5b-10c0.zip/node_modules/@rspress/core/dist/theme/assets/success.js ×

File: ../../.yarn/berry/cache/@rspress-core-npm-2.0.3-c87d0adf5b-10c0.zip/node_modules/@rspress/core/dist/theme/assets/sun.js:1:1-41
  × Module not found: Can't resolve 'react/jsx-runtime' in '/home/dev/.yarn/berry/cache/@rspress-core-npm-2.0.3-c87d0adf5b-10c0.zip/node_modules/@rspress/core/dist/theme/assets'
   ╭─[1:0]
 1 │ import { jsx } from "react/jsx-runtime";
   · ────────────────────────────────────────
 2 │ import "react";
 3 │ const SvgSun = (props)=>/*#__PURE__*/ jsx("svg", {
   ╰────
Import traces (entry → error):
  ../../.yarn/berry/cache/@rspress-core-npm-2.0.3-c87d0adf5b-10c0.zip/node_modules/@rspress/core/dist/theme/index.js
  ../../.yarn/berry/cache/@rspress-core-npm-2.0.3-c87d0adf5b-10c0.zip/node_modules/@rspress/core/dist/theme/icons.js
  ../../.yarn/berry/cache/@rspress-core-npm-2.0.3-c87d0adf5b-10c0.zip/node_modules/@rspress/core/dist/theme/assets/sun.js ×

File: ../../.yarn/berry/cache/@rspress-core-npm-2.0.3-c87d0adf5b-10c0.zip/node_modules/@rspress/core/dist/theme/assets/sun.js:2:1-16
  × Module not found: Can't resolve 'react' in '/home/dev/.yarn/berry/cache/@rspress-core-npm-2.0.3-c87d0adf5b-10c0.zip/node_modules/@rspress/core/dist/theme/assets'
   ╭─[2:0]
 1 │ import { jsx } from "react/jsx-runtime";
 2 │ import "react";
   · ───────────────
 3 │ const SvgSun = (props)=>/*#__PURE__*/ jsx("svg", {
 4 │         xmlns: "http://www.w3.org/2000/svg",
   ╰────
Import traces (entry → error):
  ../../.yarn/berry/cache/@rspress-core-npm-2.0.3-c87d0adf5b-10c0.zip/node_modules/@rspress/core/dist/theme/index.js
  ../../.yarn/berry/cache/@rspress-core-npm-2.0.3-c87d0adf5b-10c0.zip/node_modules/@rspress/core/dist/theme/icons.js
  ../../.yarn/berry/cache/@rspress-core-npm-2.0.3-c87d0adf5b-10c0.zip/node_modules/@rspress/core/dist/theme/assets/sun.js ×

File: ../../.yarn/berry/cache/@rspress-core-npm-2.0.3-c87d0adf5b-10c0.zip/node_modules/@rspress/core/dist/theme/assets/title.js:1:1-41
  × Module not found: Can't resolve 'react/jsx-runtime' in '/home/dev/.yarn/berry/cache/@rspress-core-npm-2.0.3-c87d0adf5b-10c0.zip/node_modules/@rspress/core/dist/theme/assets'
   ╭─[1:0]
 1 │ import { jsx } from "react/jsx-runtime";
   · ────────────────────────────────────────
 2 │ import "react";
 3 │ const SvgTitle = (props)=>/*#__PURE__*/ jsx("svg", {
   ╰────
Import traces (entry → error):
  ../../.yarn/berry/cache/@rspress-core-npm-2.0.3-c87d0adf5b-10c0.zip/node_modules/@rspress/core/dist/theme/index.js
  ../../.yarn/berry/cache/@rspress-core-npm-2.0.3-c87d0adf5b-10c0.zip/node_modules/@rspress/core/dist/theme/icons.js
  ../../.yarn/berry/cache/@rspress-core-npm-2.0.3-c87d0adf5b-10c0.zip/node_modules/@rspress/core/dist/theme/assets/title.js ×

File: ../../.yarn/berry/cache/@rspress-core-npm-2.0.3-c87d0adf5b-10c0.zip/node_modules/@rspress/core/dist/theme/assets/title.js:2:1-16
  × Module not found: Can't resolve 'react' in '/home/dev/.yarn/berry/cache/@rspress-core-npm-2.0.3-c87d0adf5b-10c0.zip/node_modules/@rspress/core/dist/theme/assets'
   ╭─[2:0]
 1 │ import { jsx } from "react/jsx-runtime";
 2 │ import "react";
   · ───────────────
 3 │ const SvgTitle = (props)=>/*#__PURE__*/ jsx("svg", {
 4 │         xmlns: "http://www.w3.org/2000/svg",
   ╰────
Import traces (entry → error):
  ../../.yarn/berry/cache/@rspress-core-npm-2.0.3-c87d0adf5b-10c0.zip/node_modules/@rspress/core/dist/theme/index.js
  ../../.yarn/berry/cache/@rspress-core-npm-2.0.3-c87d0adf5b-10c0.zip/node_modules/@rspress/core/dist/theme/icons.js
  ../../.yarn/berry/cache/@rspress-core-npm-2.0.3-c87d0adf5b-10c0.zip/node_modules/@rspress/core/dist/theme/assets/title.js ×

File: ../../.yarn/berry/cache/@rspress-core-npm-2.0.3-c87d0adf5b-10c0.zip/node_modules/@rspress/core/dist/theme/assets/wrap.js:1:1-41
  × Module not found: Can't resolve 'react/jsx-runtime' in '/home/dev/.yarn/berry/cache/@rspress-core-npm-2.0.3-c87d0adf5b-10c0.zip/node_modules/@rspress/core/dist/theme/assets'
   ╭─[1:0]
 1 │ import { jsx } from "react/jsx-runtime";
   · ────────────────────────────────────────
 2 │ import "react";
 3 │ const SvgWrap = (props)=>/*#__PURE__*/ jsx("svg", {
   ╰────
Import traces (entry → error):
  ../../.yarn/berry/cache/@rspress-core-npm-2.0.3-c87d0adf5b-10c0.zip/node_modules/@rspress/core/dist/theme/index.js
  ../../.yarn/berry/cache/@rspress-core-npm-2.0.3-c87d0adf5b-10c0.zip/node_modules/@rspress/core/dist/theme/icons.js
  ../../.yarn/berry/cache/@rspress-core-npm-2.0.3-c87d0adf5b-10c0.zip/node_modules/@rspress/core/dist/theme/assets/wrap.js ×

File: ../../.yarn/berry/cache/@rspress-core-npm-2.0.3-c87d0adf5b-10c0.zip/node_modules/@rspress/core/dist/theme/assets/wrap.js:2:1-16
  × Module not found: Can't resolve 'react' in '/home/dev/.yarn/berry/cache/@rspress-core-npm-2.0.3-c87d0adf5b-10c0.zip/node_modules/@rspress/core/dist/theme/assets'
   ╭─[2:0]
 1 │ import { jsx } from "react/jsx-runtime";
 2 │ import "react";
   · ───────────────
 3 │ const SvgWrap = (props)=>/*#__PURE__*/ jsx("svg", {
 4 │         xmlns: "http://www.w3.org/2000/svg",
   ╰────
Import traces (entry → error):
  ../../.yarn/berry/cache/@rspress-core-npm-2.0.3-c87d0adf5b-10c0.zip/node_modules/@rspress/core/dist/theme/index.js
  ../../.yarn/berry/cache/@rspress-core-npm-2.0.3-c87d0adf5b-10c0.zip/node_modules/@rspress/core/dist/theme/icons.js
  ../../.yarn/berry/cache/@rspress-core-npm-2.0.3-c87d0adf5b-10c0.zip/node_modules/@rspress/core/dist/theme/assets/wrap.js ×

File: ../../.yarn/berry/cache/@rspress-core-npm-2.0.3-c87d0adf5b-10c0.zip/node_modules/@rspress/core/dist/theme/assets/wrapped.js:1:1-41
  × Module not found: Can't resolve 'react/jsx-runtime' in '/home/dev/.yarn/berry/cache/@rspress-core-npm-2.0.3-c87d0adf5b-10c0.zip/node_modules/@rspress/core/dist/theme/assets'
   ╭─[1:0]
 1 │ import { jsx } from "react/jsx-runtime";
   · ────────────────────────────────────────
 2 │ import "react";
 3 │ const SvgWrapped = (props)=>/*#__PURE__*/ jsx("svg", {
   ╰────
Import traces (entry → error):
  ../../.yarn/berry/cache/@rspress-core-npm-2.0.3-c87d0adf5b-10c0.zip/node_modules/@rspress/core/dist/theme/index.js
  ../../.yarn/berry/cache/@rspress-core-npm-2.0.3-c87d0adf5b-10c0.zip/node_modules/@rspress/core/dist/theme/icons.js
  ../../.yarn/berry/cache/@rspress-core-npm-2.0.3-c87d0adf5b-10c0.zip/node_modules/@rspress/core/dist/theme/assets/wrapped.js ×

File: ../../.yarn/berry/cache/@rspress-core-npm-2.0.3-c87d0adf5b-10c0.zip/node_modules/@rspress/core/dist/theme/assets/wrapped.js:2:1-16
  × Module not found: Can't resolve 'react' in '/home/dev/.yarn/berry/cache/@rspress-core-npm-2.0.3-c87d0adf5b-10c0.zip/node_modules/@rspress/core/dist/theme/assets'
   ╭─[2:0]
 1 │ import { jsx } from "react/jsx-runtime";
 2 │ import "react";
   · ───────────────
 3 │ const SvgWrapped = (props)=>/*#__PURE__*/ jsx("svg", {
 4 │         xmlns: "http://www.w3.org/2000/svg",
   ╰────
Import traces (entry → error):
  ../../.yarn/berry/cache/@rspress-core-npm-2.0.3-c87d0adf5b-10c0.zip/node_modules/@rspress/core/dist/theme/index.js
  ../../.yarn/berry/cache/@rspress-core-npm-2.0.3-c87d0adf5b-10c0.zip/node_modules/@rspress/core/dist/theme/icons.js
  ../../.yarn/berry/cache/@rspress-core-npm-2.0.3-c87d0adf5b-10c0.zip/node_modules/@rspress/core/dist/theme/assets/wrapped.js ×

File: ../../.yarn/berry/cache/@rspress-core-npm-2.0.3-c87d0adf5b-10c0.zip/node_modules/@rspress/core/dist/theme/components/Badge/index.js:1:1-41
  × Module not found: Can't resolve 'react/jsx-runtime' in '/home/dev/.yarn/berry/cache/@rspress-core-npm-2.0.3-c87d0adf5b-10c0.zip/node_modules/@rspress/core/dist/theme/components/Badge'
   ╭─[1:0]
 1 │ import { jsx } from "react/jsx-runtime";
   · ────────────────────────────────────────
 2 │ import clsx from "clsx";
 3 │ import "./index.css";
   ╰────
Import traces (entry → error):
  ../../.yarn/berry/cache/@rspress-core-npm-2.0.3-c87d0adf5b-10c0.zip/node_modules/@rspress/core/dist/theme/index.js
  ../../.yarn/berry/cache/@rspress-core-npm-2.0.3-c87d0adf5b-10c0.zip/node_modules/@rspress/core/dist/theme/components/Badge/index.js ×

File: ../../.yarn/berry/cache/@rspress-core-npm-2.0.3-c87d0adf5b-10c0.zip/node_modules/@rspress/core/dist/theme/components/Badge/index.js:2:1-25
  × Module not found: Can't resolve 'clsx' in '/home/dev/.yarn/berry/cache/@rspress-core-npm-2.0.3-c87d0adf5b-10c0.zip/node_modules/@rspress/core/dist/theme/components/Badge'
   ╭─[2:0]
 1 │ import { jsx } from "react/jsx-runtime";
 2 │ import clsx from "clsx";
   · ────────────────────────
 3 │ import "./index.css";
 4 │ function Badge({ children, type = 'tip', text, outline = false }) {
   ╰────
Import traces (entry → error):
  ../../.yarn/berry/cache/@rspress-core-npm-2.0.3-c87d0adf5b-10c0.zip/node_modules/@rspress/core/dist/theme/index.js
  ../../.yarn/berry/cache/@rspress-core-npm-2.0.3-c87d0adf5b-10c0.zip/node_modules/@rspress/core/dist/theme/components/Badge/index.js ×

File: ../../.yarn/berry/cache/@rspress-core-npm-2.0.3-c87d0adf5b-10c0.zip/node_modules/@rspress/core/dist/theme/components/Banner/index.js:1:1-57
  × Module not found: Can't resolve 'react/jsx-runtime' in '/home/dev/.yarn/berry/cache/@rspress-core-npm-2.0.3-c87d0adf5b-10c0.zip/node_modules/@rspress/core/dist/theme/components/Banner'
   ╭─[1:0]
 1 │ import { Fragment, jsx, jsxs } from "react/jsx-runtime";
   · ────────────────────────────────────────────────────────
 2 │ import { IconClose, Link, SvgWrapper, mergeRefs } from "@theme";
 3 │ import clsx from "clsx";
   ╰────
Import traces (entry → error):
  ../../.yarn/berry/cache/@rspress-core-npm-2.0.3-c87d0adf5b-10c0.zip/node_modules/@rspress/core/dist/theme/index.js
  ../../.yarn/berry/cache/@rspress-core-npm-2.0.3-c87d0adf5b-10c0.zip/node_modules/@rspress/core/dist/theme/components/Banner/index.js ×

File: ../../.yarn/berry/cache/@rspress-core-npm-2.0.3-c87d0adf5b-10c0.zip/node_modules/@rspress/core/dist/theme/components/Banner/index.js:3:1-25
  × Module not found: Can't resolve 'clsx' in '/home/dev/.yarn/berry/cache/@rspress-core-npm-2.0.3-c87d0adf5b-10c0.zip/node_modules/@rspress/core/dist/theme/components/Banner'
   ╭─[3:0]
 1 │ import { Fragment, jsx, jsxs } from "react/jsx-runtime";
 2 │ import { IconClose, Link, SvgWrapper, mergeRefs } from "@theme";
 3 │ import clsx from "clsx";
   · ────────────────────────
 4 │ import { forwardRef, useEffect, useState } from "react";
 5 │ import "./index.css";
   ╰────
Import traces (entry → error):
  ../../.yarn/berry/cache/@rspress-core-npm-2.0.3-c87d0adf5b-10c0.zip/node_modules/@rspress/core/dist/theme/index.js
  ../../.yarn/berry/cache/@rspress-core-npm-2.0.3-c87d0adf5b-10c0.zip/node_modules/@rspress/core/dist/theme/components/Banner/index.js ×

File: ../../.yarn/berry/cache/@rspress-core-npm-2.0.3-c87d0adf5b-10c0.zip/node_modules/@rspress/core/dist/theme/components/Banner/index.js:4:1-57
  × Module not found: Can't resolve 'react' in '/home/dev/.yarn/berry/cache/@rspress-core-npm-2.0.3-c87d0adf5b-10c0.zip/node_modules/@rspress/core/dist/theme/components/Banner'
   ╭─[4:0]
 2 │ import { IconClose, Link, SvgWrapper, mergeRefs } from "@theme";
 3 │ import clsx from "clsx";
 4 │ import { forwardRef, useEffect, useState } from "react";
   · ────────────────────────────────────────────────────────
 5 │ import "./index.css";
 6 │ const Banner = /*#__PURE__*/ forwardRef((props, forwardedRef)=>{
   ╰────
Import traces (entry → error):
  ../../.yarn/berry/cache/@rspress-core-npm-2.0.3-c87d0adf5b-10c0.zip/node_modules/@rspress/core/dist/theme/index.js
  ../../.yarn/berry/cache/@rspress-core-npm-2.0.3-c87d0adf5b-10c0.zip/node_modules/@rspress/core/dist/theme/components/Banner/index.js ×

File: ../../.yarn/berry/cache/@rspress-core-npm-2.0.3-c87d0adf5b-10c0.zip/node_modules/@rspress/core/dist/theme/components/Button/index.js:2:1-25
  × Module not found: Can't resolve 'clsx' in '/home/dev/.yarn/berry/cache/@rspress-core-npm-2.0.3-c87d0adf5b-10c0.zip/node_modules/@rspress/core/dist/theme/components/Button'
   ╭─[2:0]
 1 │ import { Link } from "@theme";
 2 │ import clsx from "clsx";
   · ────────────────────────
 3 │ import react from "react";
 4 │ import "./index.css";
   ╰────
Import traces (entry → error):
  ../../.yarn/berry/cache/@rspress-core-npm-2.0.3-c87d0adf5b-10c0.zip/node_modules/@rspress/core/dist/theme/index.js
  ../../.yarn/berry/cache/@rspress-core-npm-2.0.3-c87d0adf5b-10c0.zip/node_modules/@rspress/core/dist/theme/components/Button/index.js ×

File: ../../.yarn/berry/cache/@rspress-core-npm-2.0.3-c87d0adf5b-10c0.zip/node_modules/@rspress/core/dist/theme/components/Button/index.js:3:1-27
  × Module not found: Can't resolve 'react' in '/home/dev/.yarn/berry/cache/@rspress-core-npm-2.0.3-c87d0adf5b-10c0.zip/node_modules/@rspress/core/dist/theme/components/Button'
   ╭─[3:0]
 1 │ import { Link } from "@theme";
 2 │ import clsx from "clsx";
 3 │ import react from "react";
   · ──────────────────────────
 4 │ import "./index.css";
 5 │ function Button(props) {
   ╰────
Import traces (entry → error):
  ../../.yarn/berry/cache/@rspress-core-npm-2.0.3-c87d0adf5b-10c0.zip/node_modules/@rspress/core/dist/theme/index.js
  ../../.yarn/berry/cache/@rspress-core-npm-2.0.3-c87d0adf5b-10c0.zip/node_modules/@rspress/core/dist/theme/components/Button/index.js ×

File: ../../.yarn/berry/cache/@rspress-core-npm-2.0.3-c87d0adf5b-10c0.zip/node_modules/@rspress/core/dist/theme/components/Callout/index.js:1:1-47
  × Module not found: Can't resolve 'react/jsx-runtime' in '/home/dev/.yarn/berry/cache/@rspress-core-npm-2.0.3-c87d0adf5b-10c0.zip/node_modules/@rspress/core/dist/theme/components/Callout'
   ╭─[1:0]
 1 │ import { jsx, jsxs } from "react/jsx-runtime";
   · ──────────────────────────────────────────────
 2 │ import "./index.css";
 3 │ function capitalize(type) {
   ╰────
Import traces (entry → error):
  ../../.yarn/berry/cache/@rspress-core-npm-2.0.3-c87d0adf5b-10c0.zip/node_modules/@rspress/core/dist/theme/index.js
  ../../.yarn/berry/cache/@rspress-core-npm-2.0.3-c87d0adf5b-10c0.zip/node_modules/@rspress/core/dist/theme/components/Callout/index.js ×

File: ../../.yarn/berry/cache/@rspress-core-npm-2.0.3-c87d0adf5b-10c0.zip/node_modules/@rspress/core/dist/theme/components/CodeBlock/index.js:1:1-57
  × Module not found: Can't resolve 'react/jsx-runtime' in '/home/dev/.yarn/berry/cache/@rspress-core-npm-2.0.3-c87d0adf5b-10c0.zip/node_modules/@rspress/core/dist/theme/components/CodeBlock'
   ╭─[1:0]
 1 │ import { Fragment, jsx, jsxs } from "react/jsx-runtime";
   · ────────────────────────────────────────────────────────
 2 │ import { CodeButtonGroup, useCodeButtonGroup } from "@theme";
 3 │ import clsx from "clsx";
   ╰────
Import traces (entry → error):
  ../../.yarn/berry/cache/@rspress-core-npm-2.0.3-c87d0adf5b-10c0.zip/node_modules/@rspress/core/dist/theme/index.js
  ../../.yarn/berry/cache/@rspress-core-npm-2.0.3-c87d0adf5b-10c0.zip/node_modules/@rspress/core/dist/theme/components/CodeBlock/index.js ×

File: ../../.yarn/berry/cache/@rspress-core-npm-2.0.3-c87d0adf5b-10c0.zip/node_modules/@rspress/core/dist/theme/components/CodeBlock/index.js:3:1-25
  × Module not found: Can't resolve 'clsx' in '/home/dev/.yarn/berry/cache/@rspress-core-npm-2.0.3-c87d0adf5b-10c0.zip/node_modules/@rspress/core/dist/theme/components/CodeBlock'
   ╭─[3:0]
 1 │ import { Fragment, jsx, jsxs } from "react/jsx-runtime";
 2 │ import { CodeButtonGroup, useCodeButtonGroup } from "@theme";
 3 │ import clsx from "clsx";
   · ────────────────────────
 4 │ import "./index.css";
 5 │ function CodeBlock({ containerElementClassName, title, lang = 'txt', wrapCode: wrapCodeProp = false, lineNumbers: lineNumbersProp = false, codeButtonGroupProps, children }) {
   ╰────
Import traces (entry → error):
  ../../.yarn/berry/cache/@rspress-core-npm-2.0.3-c87d0adf5b-10c0.zip/node_modules/@rspress/core/dist/theme/index.js
  ../../.yarn/berry/cache/@rspress-core-npm-2.0.3-c87d0adf5b-10c0.zip/node_modules/@rspress/core/dist/theme/components/CodeBlock/index.js ×

File: ../../.yarn/berry/cache/@rspress-core-npm-2.0.3-c87d0adf5b-10c0.zip/node_modules/@rspress/core/dist/theme/components/CodeBlockRuntime/index.js:1:1-47
  × Module not found: Can't resolve 'react/jsx-runtime' in '/home/dev/.yarn/berry/cache/@rspress-core-npm-2.0.3-c87d0adf5b-10c0.zip/node_modules/@rspress/core/dist/theme/components/CodeBlockRuntime'
   ╭─[1:0]
 1 │ import { jsx, jsxs } from "react/jsx-runtime";
   · ──────────────────────────────────────────────
 2 │ import { getCustomMDXComponent } from "@theme";
 3 │ import { toJsxRuntime } from "hast-util-to-jsx-runtime";
   ╰────
Import traces (entry → error):
  ../../.yarn/berry/cache/@rspress-core-npm-2.0.3-c87d0adf5b-10c0.zip/node_modules/@rspress/core/dist/theme/index.js
  ../../.yarn/berry/cache/@rspress-core-npm-2.0.3-c87d0adf5b-10c0.zip/node_modules/@rspress/core/dist/theme/components/CodeBlockRuntime/index.js ×

File: ../../.yarn/berry/cache/@rspress-core-npm-2.0.3-c87d0adf5b-10c0.zip/node_modules/@rspress/core/dist/theme/components/CodeBlockRuntime/index.js:3:1-57
  × Module not found: Can't resolve 'hast-util-to-jsx-runtime' in '/home/dev/.yarn/berry/cache/@rspress-core-npm-2.0.3-c87d0adf5b-10c0.zip/node_modules/@rspress/core/dist/theme/components/CodeBlockRuntime'
   ╭─[3:0]
 1 │ import { jsx, jsxs } from "react/jsx-runtime";
 2 │ import { getCustomMDXComponent } from "@theme";
 3 │ import { toJsxRuntime } from "hast-util-to-jsx-runtime";
   · ────────────────────────────────────────────────────────
 4 │ import { Fragment, useEffect, useMemo, useRef, useState } from "react";
 5 │ import { codeToHast, createCssVariablesTheme } from "shiki";
   ╰────
Import traces (entry → error):
  ../../.yarn/berry/cache/@rspress-core-npm-2.0.3-c87d0adf5b-10c0.zip/node_modules/@rspress/core/dist/theme/index.js
  ../../.yarn/berry/cache/@rspress-core-npm-2.0.3-c87d0adf5b-10c0.zip/node_modules/@rspress/core/dist/theme/components/CodeBlockRuntime/index.js ×

File: ../../.yarn/berry/cache/@rspress-core-npm-2.0.3-c87d0adf5b-10c0.zip/node_modules/@rspress/core/dist/theme/components/CodeBlockRuntime/index.js:4:1-72
  × Module not found: Can't resolve 'react' in '/home/dev/.yarn/berry/cache/@rspress-core-npm-2.0.3-c87d0adf5b-10c0.zip/node_modules/@rspress/core/dist/theme/components/CodeBlockRuntime'
   ╭─[4:0]
 2 │ import { getCustomMDXComponent } from "@theme";
 3 │ import { toJsxRuntime } from "hast-util-to-jsx-runtime";
 4 │ import { Fragment, useEffect, useMemo, useRef, useState } from "react";
   · ───────────────────────────────────────────────────────────────────────
 5 │ import { codeToHast, createCssVariablesTheme } from "shiki";
 6 │ const cssVariablesTheme = createCssVariablesTheme({
   ╰────
Import traces (entry → error):
  ../../.yarn/berry/cache/@rspress-core-npm-2.0.3-c87d0adf5b-10c0.zip/node_modules/@rspress/core/dist/theme/index.js
  ../../.yarn/berry/cache/@rspress-core-npm-2.0.3-c87d0adf5b-10c0.zip/node_modules/@rspress/core/dist/theme/components/CodeBlockRuntime/index.js ×

File: ../../.yarn/berry/cache/@rspress-core-npm-2.0.3-c87d0adf5b-10c0.zip/node_modules/@rspress/core/dist/theme/components/CodeBlockRuntime/index.js:5:1-61
  × Module not found: Can't resolve 'shiki' in '/home/dev/.yarn/berry/cache/@rspress-core-npm-2.0.3-c87d0adf5b-10c0.zip/node_modules/@rspress/core/dist/theme/components/CodeBlockRuntime'
   ╭─[5:0]
 3 │ import { toJsxRuntime } from "hast-util-to-jsx-runtime";
 4 │ import { Fragment, useEffect, useMemo, useRef, useState } from "react";
 5 │ import { codeToHast, createCssVariablesTheme } from "shiki";
   · ────────────────────────────────────────────────────────────
 6 │ const cssVariablesTheme = createCssVariablesTheme({
 7 │     name: 'css-variables',
   ╰────
Import traces (entry → error):
  ../../.yarn/berry/cache/@rspress-core-npm-2.0.3-c87d0adf5b-10c0.zip/node_modules/@rspress/core/dist/theme/index.js
  ../../.yarn/berry/cache/@rspress-core-npm-2.0.3-c87d0adf5b-10c0.zip/node_modules/@rspress/core/dist/theme/components/CodeBlockRuntime/index.js ×

File: ../../.yarn/berry/cache/@rspress-core-npm-2.0.3-c87d0adf5b-10c0.zip/node_modules/@rspress/core/dist/theme/components/CodeButtonGroup/CopyCodeButton.js:1:1-47
  × Module not found: Can't resolve 'react/jsx-runtime' in '/home/dev/.yarn/berry/cache/@rspress-core-npm-2.0.3-c87d0adf5b-10c0.zip/node_modules/@rspress/core/dist/theme/components/CodeButtonGroup'
   ╭─[1:0]
 1 │ import { jsx, jsxs } from "react/jsx-runtime";
   · ──────────────────────────────────────────────
 2 │ import { IconCopy, IconSuccess, SvgWrapper } from "@theme";
 3 │ import copy_to_clipboard from "copy-to-clipboard";
   ╰────
Import traces (entry → error):
  ../../.yarn/berry/cache/@rspress-core-npm-2.0.3-c87d0adf5b-10c0.zip/node_modules/@rspress/core/dist/theme/index.js
  ../../.yarn/berry/cache/@rspress-core-npm-2.0.3-c87d0adf5b-10c0.zip/node_modules/@rspress/core/dist/theme/components/CodeButtonGroup/index.js
  ../../.yarn/berry/cache/@rspress-core-npm-2.0.3-c87d0adf5b-10c0.zip/node_modules/@rspress/core/dist/theme/components/CodeButtonGroup/CopyCodeButton.js ×

File: ../../.yarn/berry/cache/@rspress-core-npm-2.0.3-c87d0adf5b-10c0.zip/node_modules/@rspress/core/dist/theme/components/CodeButtonGroup/CopyCodeButton.js:3:1-51
  × Module not found: Can't resolve 'copy-to-clipboard' in '/home/dev/.yarn/berry/cache/@rspress-core-npm-2.0.3-c87d0adf5b-10c0.zip/node_modules/@rspress/core/dist/theme/components/CodeButtonGroup'
   ╭─[3:0]
 1 │ import { jsx, jsxs } from "react/jsx-runtime";
 2 │ import { IconCopy, IconSuccess, SvgWrapper } from "@theme";
 3 │ import copy_to_clipboard from "copy-to-clipboard";
   · ──────────────────────────────────────────────────
 4 │ import { useRef } from "react";
 5 │ import "./CopyCodeButton.css";
   ╰────
Import traces (entry → error):
  ../../.yarn/berry/cache/@rspress-core-npm-2.0.3-c87d0adf5b-10c0.zip/node_modules/@rspress/core/dist/theme/index.js
  ../../.yarn/berry/cache/@rspress-core-npm-2.0.3-c87d0adf5b-10c0.zip/node_modules/@rspress/core/dist/theme/components/CodeButtonGroup/index.js
  ../../.yarn/berry/cache/@rspress-core-npm-2.0.3-c87d0adf5b-10c0.zip/node_modules/@rspress/core/dist/theme/components/CodeButtonGroup/CopyCodeButton.js ×

File: ../../.yarn/berry/cache/@rspress-core-npm-2.0.3-c87d0adf5b-10c0.zip/node_modules/@rspress/core/dist/theme/components/CodeButtonGroup/CopyCodeButton.js:4:1-32
  × Module not found: Can't resolve 'react' in '/home/dev/.yarn/berry/cache/@rspress-core-npm-2.0.3-c87d0adf5b-10c0.zip/node_modules/@rspress/core/dist/theme/components/CodeButtonGroup'
   ╭─[4:0]
 2 │ import { IconCopy, IconSuccess, SvgWrapper } from "@theme";
 3 │ import copy_to_clipboard from "copy-to-clipboard";
 4 │ import { useRef } from "react";
   · ───────────────────────────────
 5 │ import "./CopyCodeButton.css";
 6 │ import { useI18n } from "@rspress/core/runtime";
   ╰────
Import traces (entry → error):
  ../../.yarn/berry/cache/@rspress-core-npm-2.0.3-c87d0adf5b-10c0.zip/node_modules/@rspress/core/dist/theme/index.js
  ../../.yarn/berry/cache/@rspress-core-npm-2.0.3-c87d0adf5b-10c0.zip/node_modules/@rspress/core/dist/theme/components/CodeButtonGroup/index.js
  ../../.yarn/berry/cache/@rspress-core-npm-2.0.3-c87d0adf5b-10c0.zip/node_modules/@rspress/core/dist/theme/components/CodeButtonGroup/CopyCodeButton.js ×

File: ../../.yarn/berry/cache/@rspress-core-npm-2.0.3-c87d0adf5b-10c0.zip/node_modules/@rspress/core/dist/theme/components/CodeButtonGroup/index.js:1:1-57
  × Module not found: Can't resolve 'react/jsx-runtime' in '/home/dev/.yarn/berry/cache/@rspress-core-npm-2.0.3-c87d0adf5b-10c0.zip/node_modules/@rspress/core/dist/theme/components/CodeButtonGroup'
   ╭─[1:0]
 1 │ import { Fragment, jsx, jsxs } from "react/jsx-runtime";
   · ────────────────────────────────────────────────────────
 2 │ import { useSite } from "@rspress/core/runtime";
 3 │ import { IconWrap, IconWrapped, SvgWrapper } from "@theme";
   ╰────
Import traces (entry → error):
  ../../.yarn/berry/cache/@rspress-core-npm-2.0.3-c87d0adf5b-10c0.zip/node_modules/@rspress/core/dist/theme/index.js
  ../../.yarn/berry/cache/@rspress-core-npm-2.0.3-c87d0adf5b-10c0.zip/node_modules/@rspress/core/dist/theme/components/CodeButtonGroup/index.js ×

File: ../../.yarn/berry/cache/@rspress-core-npm-2.0.3-c87d0adf5b-10c0.zip/node_modules/@rspress/core/dist/theme/components/CodeButtonGroup/index.js:4:1-25
  × Module not found: Can't resolve 'clsx' in '/home/dev/.yarn/berry/cache/@rspress-core-npm-2.0.3-c87d0adf5b-10c0.zip/node_modules/@rspress/core/dist/theme/components/CodeButtonGroup'
   ╭─[4:0]
 2 │ import { useSite } from "@rspress/core/runtime";
 3 │ import { IconWrap, IconWrapped, SvgWrapper } from "@theme";
 4 │ import clsx from "clsx";
   · ────────────────────────
 5 │ import { useRef, useState } from "react";
 6 │ import "./index.css";
   ╰────
Import traces (entry → error):
  ../../.yarn/berry/cache/@rspress-core-npm-2.0.3-c87d0adf5b-10c0.zip/node_modules/@rspress/core/dist/theme/index.js
  ../../.yarn/berry/cache/@rspress-core-npm-2.0.3-c87d0adf5b-10c0.zip/node_modules/@rspress/core/dist/theme/components/CodeButtonGroup/index.js ×

File: ../../.yarn/berry/cache/@rspress-core-npm-2.0.3-c87d0adf5b-10c0.zip/node_modules/@rspress/core/dist/theme/components/CodeButtonGroup/index.js:5:1-42
  × Module not found: Can't resolve 'react' in '/home/dev/.yarn/berry/cache/@rspress-core-npm-2.0.3-c87d0adf5b-10c0.zip/node_modules/@rspress/core/dist/theme/components/CodeButtonGroup'
   ╭─[5:0]
 3 │ import { IconWrap, IconWrapped, SvgWrapper } from "@theme";
 4 │ import clsx from "clsx";
 5 │ import { useRef, useState } from "react";
   · ─────────────────────────────────────────
 6 │ import "./index.css";
 7 │ import { CopyCodeButton } from "./CopyCodeButton.js";
   ╰────
Import traces (entry → error):
  ../../.yarn/berry/cache/@rspress-core-npm-2.0.3-c87d0adf5b-10c0.zip/node_modules/@rspress/core/dist/theme/index.js
  ../../.yarn/berry/cache/@rspress-core-npm-2.0.3-c87d0adf5b-10c0.zip/node_modules/@rspress/core/dist/theme/components/CodeButtonGroup/index.js ×

File: ../../.yarn/berry/cache/@rspress-core-npm-2.0.3-c87d0adf5b-10c0.zip/node_modules/@rspress/core/dist/theme/components/DocContent/docComponents/a.js:1:1-41
  × Module not found: Can't resolve 'react/jsx-runtime' in '/home/dev/.yarn/berry/cache/@rspress-core-npm-2.0.3-c87d0adf5b-10c0.zip/node_modules/@rspress/core/dist/theme/components/DocContent/docComponents'
   ╭─[1:0]
 1 │ import { jsx } from "react/jsx-runtime";
   · ────────────────────────────────────────
 2 │ import { Link } from "@theme";
 3 │ const A = (props)=>/*#__PURE__*/ jsx(Link, {
   ╰────
Import traces (entry → error):
  ../../.yarn/berry/cache/@rspress-core-npm-2.0.3-c87d0adf5b-10c0.zip/node_modules/@rspress/core/dist/theme/index.js
  ../../.yarn/berry/cache/@rspress-core-npm-2.0.3-c87d0adf5b-10c0.zip/node_modules/@rspress/core/dist/theme/components/DocContent/docComponents/index.js
  ../../.yarn/berry/cache/@rspress-core-npm-2.0.3-c87d0adf5b-10c0.zip/node_modules/@rspress/core/dist/theme/components/DocContent/docComponents/a.js ×

File: ../../.yarn/berry/cache/@rspress-core-npm-2.0.3-c87d0adf5b-10c0.zip/node_modules/@rspress/core/dist/theme/components/DocContent/docComponents/code.js:1:1-41
  × Module not found: Can't resolve 'react/jsx-runtime' in '/home/dev/.yarn/berry/cache/@rspress-core-npm-2.0.3-c87d0adf5b-10c0.zip/node_modules/@rspress/core/dist/theme/components/DocContent/docComponents'
   ╭─[1:0]
 1 │ import { jsx } from "react/jsx-runtime";
   · ────────────────────────────────────────
 2 │ function Code(props) {
 3 │     return /*#__PURE__*/ jsx("code", {
   ╰────
Import traces (entry → error):
  ../../.yarn/berry/cache/@rspress-core-npm-2.0.3-c87d0adf5b-10c0.zip/node_modules/@rspress/core/dist/theme/index.js
  ../../.yarn/berry/cache/@rspress-core-npm-2.0.3-c87d0adf5b-10c0.zip/node_modules/@rspress/core/dist/theme/components/DocContent/docComponents/index.js
  ../../.yarn/berry/cache/@rspress-core-npm-2.0.3-c87d0adf5b-10c0.zip/node_modules/@rspress/core/dist/theme/components/DocContent/docComponents/code.js ×

File: ../../.yarn/berry/cache/@rspress-core-npm-2.0.3-c87d0adf5b-10c0.zip/node_modules/@rspress/core/dist/theme/components/DocContent/docComponents/hr.js:1:1-41
  × Module not found: Can't resolve 'react/jsx-runtime' in '/home/dev/.yarn/berry/cache/@rspress-core-npm-2.0.3-c87d0adf5b-10c0.zip/node_modules/@rspress/core/dist/theme/components/DocContent/docComponents'
   ╭─[1:0]
 1 │ import { jsx } from "react/jsx-runtime";
   · ────────────────────────────────────────
 2 │ const Hr = (props)=>/*#__PURE__*/ jsx("hr", {
 3 │         ...props
   ╰────
Import traces (entry → error):
  ../../.yarn/berry/cache/@rspress-core-npm-2.0.3-c87d0adf5b-10c0.zip/node_modules/@rspress/core/dist/theme/index.js
  ../../.yarn/berry/cache/@rspress-core-npm-2.0.3-c87d0adf5b-10c0.zip/node_modules/@rspress/core/dist/theme/components/DocContent/docComponents/index.js
  ../../.yarn/berry/cache/@rspress-core-npm-2.0.3-c87d0adf5b-10c0.zip/node_modules/@rspress/core/dist/theme/components/DocContent/docComponents/hr.js ×

File: ../../.yarn/berry/cache/@rspress-core-npm-2.0.3-c87d0adf5b-10c0.zip/node_modules/@rspress/core/dist/theme/components/DocContent/docComponents/img.js:1:1-41
  × Module not found: Can't resolve 'react/jsx-runtime' in '/home/dev/.yarn/berry/cache/@rspress-core-npm-2.0.3-c87d0adf5b-10c0.zip/node_modules/@rspress/core/dist/theme/components/DocContent/docComponents'
   ╭─[1:0]
 1 │ import { jsx } from "react/jsx-runtime";
   · ────────────────────────────────────────
 2 │ import { normalizeImagePath } from "@rspress/core/runtime";
 3 │ const Img = (props)=>/*#__PURE__*/ jsx("img", {
   ╰────
Import traces (entry → error):
  ../../.yarn/berry/cache/@rspress-core-npm-2.0.3-c87d0adf5b-10c0.zip/node_modules/@rspress/core/dist/theme/index.js
  ../../.yarn/berry/cache/@rspress-core-npm-2.0.3-c87d0adf5b-10c0.zip/node_modules/@rspress/core/dist/theme/components/DocContent/docComponents/index.js
  ../../.yarn/berry/cache/@rspress-core-npm-2.0.3-c87d0adf5b-10c0.zip/node_modules/@rspress/core/dist/theme/components/DocContent/docComponents/img.js ×

File: ../../.yarn/berry/cache/@rspress-core-npm-2.0.3-c87d0adf5b-10c0.zip/node_modules/@rspress/core/dist/theme/components/DocContent/docComponents/list.js:1:1-41
  × Module not found: Can't resolve 'react/jsx-runtime' in '/home/dev/.yarn/berry/cache/@rspress-core-npm-2.0.3-c87d0adf5b-10c0.zip/node_modules/@rspress/core/dist/theme/components/DocContent/docComponents'
   ╭─[1:0]
 1 │ import { jsx } from "react/jsx-runtime";
   · ────────────────────────────────────────
 2 │ const Ol = (props)=>/*#__PURE__*/ jsx("ol", {
 3 │         ...props
   ╰────
Import traces (entry → error):
  ../../.yarn/berry/cache/@rspress-core-npm-2.0.3-c87d0adf5b-10c0.zip/node_modules/@rspress/core/dist/theme/index.js
  ../../.yarn/berry/cache/@rspress-core-npm-2.0.3-c87d0adf5b-10c0.zip/node_modules/@rspress/core/dist/theme/components/DocContent/docComponents/index.js
  ../../.yarn/berry/cache/@rspress-core-npm-2.0.3-c87d0adf5b-10c0.zip/node_modules/@rspress/core/dist/theme/components/DocContent/docComponents/list.js ×

File: ../../.yarn/berry/cache/@rspress-core-npm-2.0.3-c87d0adf5b-10c0.zip/node_modules/@rspress/core/dist/theme/components/DocContent/docComponents/paragraph.js:1:1-41
  × Module not found: Can't resolve 'react/jsx-runtime' in '/home/dev/.yarn/berry/cache/@rspress-core-npm-2.0.3-c87d0adf5b-10c0.zip/node_modules/@rspress/core/dist/theme/components/DocContent/docComponents'
   ╭─[1:0]
 1 │ import { jsx } from "react/jsx-runtime";
   · ────────────────────────────────────────
 2 │ const P = (props)=>/*#__PURE__*/ jsx("p", {
 3 │         ...props
   ╰────
Import traces (entry → error):
  ../../.yarn/berry/cache/@rspress-core-npm-2.0.3-c87d0adf5b-10c0.zip/node_modules/@rspress/core/dist/theme/index.js
  ../../.yarn/berry/cache/@rspress-core-npm-2.0.3-c87d0adf5b-10c0.zip/node_modules/@rspress/core/dist/theme/components/DocContent/docComponents/index.js
  ../../.yarn/berry/cache/@rspress-core-npm-2.0.3-c87d0adf5b-10c0.zip/node_modules/@rspress/core/dist/theme/components/DocContent/docComponents/paragraph.js ×

File: ../../.yarn/berry/cache/@rspress-core-npm-2.0.3-c87d0adf5b-10c0.zip/node_modules/@rspress/core/dist/theme/components/DocContent/docComponents/pre.js:1:1-41
  × Module not found: Can't resolve 'react/jsx-runtime' in '/home/dev/.yarn/berry/cache/@rspress-core-npm-2.0.3-c87d0adf5b-10c0.zip/node_modules/@rspress/core/dist/theme/components/DocContent/docComponents'
   ╭─[1:0]
 1 │ import { jsx } from "react/jsx-runtime";
   · ────────────────────────────────────────
 2 │ import { CodeBlock } from "@theme";
 3 │ function ShikiPre({ title, lang, wrapCode, lineNumbers, containerElementClassName, codeButtonGroupProps, ...otherProps }) {
   ╰────
Import traces (entry → error):
  ../../.yarn/berry/cache/@rspress-core-npm-2.0.3-c87d0adf5b-10c0.zip/node_modules/@rspress/core/dist/theme/index.js
  ../../.yarn/berry/cache/@rspress-core-npm-2.0.3-c87d0adf5b-10c0.zip/node_modules/@rspress/core/dist/theme/components/DocContent/docComponents/index.js
  ../../.yarn/berry/cache/@rspress-core-npm-2.0.3-c87d0adf5b-10c0.zip/node_modules/@rspress/core/dist/theme/components/DocContent/docComponents/pre.js ×

File: ../../.yarn/berry/cache/@rspress-core-npm-2.0.3-c87d0adf5b-10c0.zip/node_modules/@rspress/core/dist/theme/components/DocContent/docComponents/table.js:1:1-41
  × Module not found: Can't resolve 'react/jsx-runtime' in '/home/dev/.yarn/berry/cache/@rspress-core-npm-2.0.3-c87d0adf5b-10c0.zip/node_modules/@rspress/core/dist/theme/components/DocContent/docComponents'
   ╭─[1:0]
 1 │ import { jsx } from "react/jsx-runtime";
   · ────────────────────────────────────────
 2 │ import { forwardRef } from "react";
 3 │ const Table = /*#__PURE__*/ forwardRef((props, ref)=>/*#__PURE__*/ jsx("div", {
   ╰────
Import traces (entry → error):
  ../../.yarn/berry/cache/@rspress-core-npm-2.0.3-c87d0adf5b-10c0.zip/node_modules/@rspress/core/dist/theme/index.js
  ../../.yarn/berry/cache/@rspress-core-npm-2.0.3-c87d0adf5b-10c0.zip/node_modules/@rspress/core/dist/theme/components/DocContent/docComponents/index.js
  ../../.yarn/berry/cache/@rspress-core-npm-2.0.3-c87d0adf5b-10c0.zip/node_modules/@rspress/core/dist/theme/components/DocContent/docComponents/table.js ×

File: ../../.yarn/berry/cache/@rspress-core-npm-2.0.3-c87d0adf5b-10c0.zip/node_modules/@rspress/core/dist/theme/components/DocContent/docComponents/table.js:2:1-36
  × Module not found: Can't resolve 'react' in '/home/dev/.yarn/berry/cache/@rspress-core-npm-2.0.3-c87d0adf5b-10c0.zip/node_modules/@rspress/core/dist/theme/components/DocContent/docComponents'
   ╭─[2:0]
 1 │ import { jsx } from "react/jsx-runtime";
 2 │ import { forwardRef } from "react";
   · ───────────────────────────────────
 3 │ const Table = /*#__PURE__*/ forwardRef((props, ref)=>/*#__PURE__*/ jsx("div", {
 4 │         className: "rp-table-scroll-container rp-scrollbar",
   ╰────
Import traces (entry → error):
  ../../.yarn/berry/cache/@rspress-core-npm-2.0.3-c87d0adf5b-10c0.zip/node_modules/@rspress/core/dist/theme/index.js
  ../../.yarn/berry/cache/@rspress-core-npm-2.0.3-c87d0adf5b-10c0.zip/node_modules/@rspress/core/dist/theme/components/DocContent/docComponents/index.js
  ../../.yarn/berry/cache/@rspress-core-npm-2.0.3-c87d0adf5b-10c0.zip/node_modules/@rspress/core/dist/theme/components/DocContent/docComponents/table.js ×

File: ../../.yarn/berry/cache/@rspress-core-npm-2.0.3-c87d0adf5b-10c0.zip/node_modules/@rspress/core/dist/theme/components/DocContent/docComponents/title.js:1:1-57
  × Module not found: Can't resolve 'react/jsx-runtime' in '/home/dev/.yarn/berry/cache/@rspress-core-npm-2.0.3-c87d0adf5b-10c0.zip/node_modules/@rspress/core/dist/theme/components/DocContent/docComponents'
   ╭─[1:0]
 1 │ import { Fragment, jsx, jsxs } from "react/jsx-runtime";
   · ────────────────────────────────────────────────────────
 2 │ import { useFrontmatter } from "@rspress/core/runtime";
 3 │ import { LlmsContainer, LlmsCopyButton, LlmsViewOptions, Tag } from "@theme";
   ╰────
Import traces (entry → error):
  ../../.yarn/berry/cache/@rspress-core-npm-2.0.3-c87d0adf5b-10c0.zip/node_modules/@rspress/core/dist/theme/index.js
  ../../.yarn/berry/cache/@rspress-core-npm-2.0.3-c87d0adf5b-10c0.zip/node_modules/@rspress/core/dist/theme/components/DocContent/docComponents/index.js
  ../../.yarn/berry/cache/@rspress-core-npm-2.0.3-c87d0adf5b-10c0.zip/node_modules/@rspress/core/dist/theme/components/DocContent/docComponents/title.js ×

File: ../../.yarn/berry/cache/@rspress-core-npm-2.0.3-c87d0adf5b-10c0.zip/node_modules/@rspress/core/dist/theme/components/DocContent/docComponents/title.js:4:1-25
  × Module not found: Can't resolve 'clsx' in '/home/dev/.yarn/berry/cache/@rspress-core-npm-2.0.3-c87d0adf5b-10c0.zip/node_modules/@rspress/core/dist/theme/components/DocContent/docComponents'
   ╭─[4:0]
 2 │ import { useFrontmatter } from "@rspress/core/runtime";
 3 │ import { LlmsContainer, LlmsCopyButton, LlmsViewOptions, Tag } from "@theme";
 4 │ import clsx from "clsx";
   · ────────────────────────
 5 │ const H1 = (props)=>{
 6 │     const { className, children, ...rest } = props;
   ╰────
Import traces (entry → error):
  ../../.yarn/berry/cache/@rspress-core-npm-2.0.3-c87d0adf5b-10c0.zip/node_modules/@rspress/core/dist/theme/index.js
  ../../.yarn/berry/cache/@rspress-core-npm-2.0.3-c87d0adf5b-10c0.zip/node_modules/@rspress/core/dist/theme/components/DocContent/docComponents/index.js
  ../../.yarn/berry/cache/@rspress-core-npm-2.0.3-c87d0adf5b-10c0.zip/node_modules/@rspress/core/dist/theme/components/DocContent/docComponents/title.js ×

File: ../../.yarn/berry/cache/@rspress-core-npm-2.0.3-c87d0adf5b-10c0.zip/node_modules/@rspress/core/dist/theme/components/DocContent/index.js:1:1-47
  × Module not found: Can't resolve 'react/jsx-runtime' in '/home/dev/.yarn/berry/cache/@rspress-core-npm-2.0.3-c87d0adf5b-10c0.zip/node_modules/@rspress/core/dist/theme/components/DocContent'
   ╭─[1:0]
 1 │ import { jsx, jsxs } from "react/jsx-runtime";
   · ──────────────────────────────────────────────
 2 │ import { MDXProvider } from "@mdx-js/react";
 3 │ import { Content, usePage, useSite } from "@rspress/core/runtime";
   ╰────
Import traces (entry → error):
  ../../.yarn/berry/cache/@rspress-core-npm-2.0.3-c87d0adf5b-10c0.zip/node_modules/@rspress/core/dist/theme/index.js
  ../../.yarn/berry/cache/@rspress-core-npm-2.0.3-c87d0adf5b-10c0.zip/node_modules/@rspress/core/dist/theme/components/DocContent/index.js ×

File: ../../.yarn/berry/cache/@rspress-core-npm-2.0.3-c87d0adf5b-10c0.zip/node_modules/@rspress/core/dist/theme/components/DocFooter/index.js:1:1-47
  × Module not found: Can't resolve 'react/jsx-runtime' in '/home/dev/.yarn/berry/cache/@rspress-core-npm-2.0.3-c87d0adf5b-10c0.zip/node_modules/@rspress/core/dist/theme/components/DocFooter'
   ╭─[1:0]
 1 │ import { jsx, jsxs } from "react/jsx-runtime";
   · ──────────────────────────────────────────────
 2 │ import { EditLink, LastUpdated, PrevNextPage } from "@theme";
 3 │ import "./index.css";
   ╰────
Import traces (entry → error):
  ../../.yarn/berry/cache/@rspress-core-npm-2.0.3-c87d0adf5b-10c0.zip/node_modules/@rspress/core/dist/theme/index.js
  ../../.yarn/berry/cache/@rspress-core-npm-2.0.3-c87d0adf5b-10c0.zip/node_modules/@rspress/core/dist/theme/components/DocFooter/index.js ×

File: ../../.yarn/berry/cache/@rspress-core-npm-2.0.3-c87d0adf5b-10c0.zip/node_modules/@rspress/core/dist/theme/components/EditLink/index.js:1:1-41
  × Module not found: Can't resolve 'react/jsx-runtime' in '/home/dev/.yarn/berry/cache/@rspress-core-npm-2.0.3-c87d0adf5b-10c0.zip/node_modules/@rspress/core/dist/theme/components/EditLink'
   ╭─[1:0]
 1 │ import { jsx } from "react/jsx-runtime";
   · ────────────────────────────────────────
 2 │ import "./index.css";
 3 │ import { useEditLink } from "./useEditLink.js";
   ╰────
Import traces (entry → error):
  ../../.yarn/berry/cache/@rspress-core-npm-2.0.3-c87d0adf5b-10c0.zip/node_modules/@rspress/core/dist/theme/index.js
  ../../.yarn/berry/cache/@rspress-core-npm-2.0.3-c87d0adf5b-10c0.zip/node_modules/@rspress/core/dist/theme/components/EditLink/index.js ×

File: ../../.yarn/berry/cache/@rspress-core-npm-2.0.3-c87d0adf5b-10c0.zip/node_modules/@rspress/core/dist/theme/components/FallbackHeading/index.js:1:1-57
  × Module not found: Can't resolve 'react/jsx-runtime' in '/home/dev/.yarn/berry/cache/@rspress-core-npm-2.0.3-c87d0adf5b-10c0.zip/node_modules/@rspress/core/dist/theme/components/FallbackHeading'
   ╭─[1:0]
 1 │ import { Fragment, jsx, jsxs } from "react/jsx-runtime";
   · ────────────────────────────────────────────────────────
 2 │ import { getCustomMDXComponent, renderInlineMarkdown } from "@theme";
 3 │ import { slug } from "github-slugger";
   ╰────
Import traces (entry → error):
  ../../.yarn/berry/cache/@rspress-core-npm-2.0.3-c87d0adf5b-10c0.zip/node_modules/@rspress/core/dist/theme/index.js
  ../../.yarn/berry/cache/@rspress-core-npm-2.0.3-c87d0adf5b-10c0.zip/node_modules/@rspress/core/dist/theme/components/FallbackHeading/index.js ×

File: ../../.yarn/berry/cache/@rspress-core-npm-2.0.3-c87d0adf5b-10c0.zip/node_modules/@rspress/core/dist/theme/components/FallbackHeading/index.js:3:1-39
  × Module not found: Can't resolve 'github-slugger' in '/home/dev/.yarn/berry/cache/@rspress-core-npm-2.0.3-c87d0adf5b-10c0.zip/node_modules/@rspress/core/dist/theme/components/FallbackHeading'
   ╭─[3:0]
 1 │ import { Fragment, jsx, jsxs } from "react/jsx-runtime";
 2 │ import { getCustomMDXComponent, renderInlineMarkdown } from "@theme";
 3 │ import { slug } from "github-slugger";
   · ──────────────────────────────────────
 4 │ import { useMemo } from "react";
 5 │ const getHeadingMap = ()=>{
   ╰────
Import traces (entry → error):
  ../../.yarn/berry/cache/@rspress-core-npm-2.0.3-c87d0adf5b-10c0.zip/node_modules/@rspress/core/dist/theme/index.js
  ../../.yarn/berry/cache/@rspress-core-npm-2.0.3-c87d0adf5b-10c0.zip/node_modules/@rspress/core/dist/theme/components/FallbackHeading/index.js ×

File: ../../.yarn/berry/cache/@rspress-core-npm-2.0.3-c87d0adf5b-10c0.zip/node_modules/@rspress/core/dist/theme/components/FallbackHeading/index.js:4:1-33
  × Module not found: Can't resolve 'react' in '/home/dev/.yarn/berry/cache/@rspress-core-npm-2.0.3-c87d0adf5b-10c0.zip/node_modules/@rspress/core/dist/theme/components/FallbackHeading'
   ╭─[4:0]
 2 │ import { getCustomMDXComponent, renderInlineMarkdown } from "@theme";
 3 │ import { slug } from "github-slugger";
 4 │ import { useMemo } from "react";
   · ────────────────────────────────
 5 │ const getHeadingMap = ()=>{
 6 │     const { h1, h2, h3, h4, h5, h6 } = getCustomMDXComponent();
   ╰────
Import traces (entry → error):
  ../../.yarn/berry/cache/@rspress-core-npm-2.0.3-c87d0adf5b-10c0.zip/node_modules/@rspress/core/dist/theme/index.js
  ../../.yarn/berry/cache/@rspress-core-npm-2.0.3-c87d0adf5b-10c0.zip/node_modules/@rspress/core/dist/theme/components/FallbackHeading/index.js ×

File: ../../.yarn/berry/cache/@rspress-core-npm-2.0.3-c87d0adf5b-10c0.zip/node_modules/@rspress/core/dist/theme/components/HomeBackground/index.js:1:1-57
  × Module not found: Can't resolve 'react/jsx-runtime' in '/home/dev/.yarn/berry/cache/@rspress-core-npm-2.0.3-c87d0adf5b-10c0.zip/node_modules/@rspress/core/dist/theme/components/HomeBackground'
   ╭─[1:0]
 1 │ import { Fragment, jsx, jsxs } from "react/jsx-runtime";
   · ────────────────────────────────────────────────────────
 2 │ import { useNavTransparent } from "./useNavTransparent.js";
 3 │ import "./index.css";
   ╰────
Import traces (entry → error):
  ../../.yarn/berry/cache/@rspress-core-npm-2.0.3-c87d0adf5b-10c0.zip/node_modules/@rspress/core/dist/theme/index.js
  ../../.yarn/berry/cache/@rspress-core-npm-2.0.3-c87d0adf5b-10c0.zip/node_modules/@rspress/core/dist/theme/components/HomeBackground/index.js ×

File: ../../.yarn/berry/cache/@rspress-core-npm-2.0.3-c87d0adf5b-10c0.zip/node_modules/@rspress/core/dist/theme/components/HomeBackground/index.js:4:1-25
  × Module not found: Can't resolve 'clsx' in '/home/dev/.yarn/berry/cache/@rspress-core-npm-2.0.3-c87d0adf5b-10c0.zip/node_modules/@rspress/core/dist/theme/components/HomeBackground'
   ╭─[4:0]
 2 │ import { useNavTransparent } from "./useNavTransparent.js";
 3 │ import "./index.css";
 4 │ import clsx from "clsx";
   · ────────────────────────
 5 │ function HomeBackground({ className, ...otherProps }) {
 6 │     const styleDom = useNavTransparent();
   ╰────
Import traces (entry → error):
  ../../.yarn/berry/cache/@rspress-core-npm-2.0.3-c87d0adf5b-10c0.zip/node_modules/@rspress/core/dist/theme/index.js
  ../../.yarn/berry/cache/@rspress-core-npm-2.0.3-c87d0adf5b-10c0.zip/node_modules/@rspress/core/dist/theme/components/HomeBackground/index.js ×

File: ../../.yarn/berry/cache/@rspress-core-npm-2.0.3-c87d0adf5b-10c0.zip/node_modules/@rspress/core/dist/theme/components/HomeBackground/useNavTransparent.js:1:1-41
  × Module not found: Can't resolve 'react/jsx-runtime' in '/home/dev/.yarn/berry/cache/@rspress-core-npm-2.0.3-c87d0adf5b-10c0.zip/node_modules/@rspress/core/dist/theme/components/HomeBackground'
   ╭─[1:0]
 1 │ import { jsx } from "react/jsx-runtime";
   · ────────────────────────────────────────
 2 │ import { useEffect, useState } from "react";
 3 │ const useTopArrived = ()=>{
   ╰────
Import traces (entry → error):
  ../../.yarn/berry/cache/@rspress-core-npm-2.0.3-c87d0adf5b-10c0.zip/node_modules/@rspress/core/dist/theme/index.js
  ../../.yarn/berry/cache/@rspress-core-npm-2.0.3-c87d0adf5b-10c0.zip/node_modules/@rspress/core/dist/theme/components/HomeBackground/index.js
  ../../.yarn/berry/cache/@rspress-core-npm-2.0.3-c87d0adf5b-10c0.zip/node_modules/@rspress/core/dist/theme/components/HomeBackground/useNavTransparent.js ×

File: ../../.yarn/berry/cache/@rspress-core-npm-2.0.3-c87d0adf5b-10c0.zip/node_modules/@rspress/core/dist/theme/components/HomeBackground/useNavTransparent.js:2:1-45
  × Module not found: Can't resolve 'react' in '/home/dev/.yarn/berry/cache/@rspress-core-npm-2.0.3-c87d0adf5b-10c0.zip/node_modules/@rspress/core/dist/theme/components/HomeBackground'
   ╭─[2:0]
 1 │ import { jsx } from "react/jsx-runtime";
 2 │ import { useEffect, useState } from "react";
   · ────────────────────────────────────────────
 3 │ const useTopArrived = ()=>{
 4 │     const [scrollY, setScrollY] = useState(0);
   ╰────
Import traces (entry → error):
  ../../.yarn/berry/cache/@rspress-core-npm-2.0.3-c87d0adf5b-10c0.zip/node_modules/@rspress/core/dist/theme/index.js
  ../../.yarn/berry/cache/@rspress-core-npm-2.0.3-c87d0adf5b-10c0.zip/node_modules/@rspress/core/dist/theme/components/HomeBackground/index.js
  ../../.yarn/berry/cache/@rspress-core-npm-2.0.3-c87d0adf5b-10c0.zip/node_modules/@rspress/core/dist/theme/components/HomeBackground/useNavTransparent.js ×

File: ../../.yarn/berry/cache/@rspress-core-npm-2.0.3-c87d0adf5b-10c0.zip/node_modules/@rspress/core/dist/theme/components/HomeFeature/index.js:1:1-47
  × Module not found: Can't resolve 'react/jsx-runtime' in '/home/dev/.yarn/berry/cache/@rspress-core-npm-2.0.3-c87d0adf5b-10c0.zip/node_modules/@rspress/core/dist/theme/components/HomeFeature'
   ╭─[1:0]
 1 │ import { jsx, jsxs } from "react/jsx-runtime";
   · ──────────────────────────────────────────────
 2 │ import { useFrontmatter } from "@rspress/core/runtime";
 3 │ import { SvgWrapper, renderHtmlOrText, useLinkNavigate } from "@theme";
   ╰────
Import traces (entry → error):
  ../../.yarn/berry/cache/@rspress-core-npm-2.0.3-c87d0adf5b-10c0.zip/node_modules/@rspress/core/dist/theme/index.js
  ../../.yarn/berry/cache/@rspress-core-npm-2.0.3-c87d0adf5b-10c0.zip/node_modules/@rspress/core/dist/theme/components/HomeFeature/index.js ×

File: ../../.yarn/berry/cache/@rspress-core-npm-2.0.3-c87d0adf5b-10c0.zip/node_modules/@rspress/core/dist/theme/components/HomeFeature/useCardAnimation.js:1:1-41
  × Module not found: Can't resolve 'react/jsx-runtime' in '/home/dev/.yarn/berry/cache/@rspress-core-npm-2.0.3-c87d0adf5b-10c0.zip/node_modules/@rspress/core/dist/theme/components/HomeFeature'
   ╭─[1:0]
 1 │ import { jsx } from "react/jsx-runtime";
   · ────────────────────────────────────────
 2 │ import { useRef, useState } from "react";
 3 │ const useCardAnimation = ()=>{
   ╰────
Import traces (entry → error):
  ../../.yarn/berry/cache/@rspress-core-npm-2.0.3-c87d0adf5b-10c0.zip/node_modules/@rspress/core/dist/theme/index.js
  ../../.yarn/berry/cache/@rspress-core-npm-2.0.3-c87d0adf5b-10c0.zip/node_modules/@rspress/core/dist/theme/components/HomeFeature/index.js
  ../../.yarn/berry/cache/@rspress-core-npm-2.0.3-c87d0adf5b-10c0.zip/node_modules/@rspress/core/dist/theme/components/HomeFeature/useCardAnimation.js ×

File: ../../.yarn/berry/cache/@rspress-core-npm-2.0.3-c87d0adf5b-10c0.zip/node_modules/@rspress/core/dist/theme/components/HomeFeature/useCardAnimation.js:2:1-42
  × Module not found: Can't resolve 'react' in '/home/dev/.yarn/berry/cache/@rspress-core-npm-2.0.3-c87d0adf5b-10c0.zip/node_modules/@rspress/core/dist/theme/components/HomeFeature'
   ╭─[2:0]
 1 │ import { jsx } from "react/jsx-runtime";
 2 │ import { useRef, useState } from "react";
   · ─────────────────────────────────────────
 3 │ const useCardAnimation = ()=>{
 4 │     const [pageX, setPageX] = useState(null);
   ╰────
Import traces (entry → error):
  ../../.yarn/berry/cache/@rspress-core-npm-2.0.3-c87d0adf5b-10c0.zip/node_modules/@rspress/core/dist/theme/index.js
  ../../.yarn/berry/cache/@rspress-core-npm-2.0.3-c87d0adf5b-10c0.zip/node_modules/@rspress/core/dist/theme/components/HomeFeature/index.js
  ../../.yarn/berry/cache/@rspress-core-npm-2.0.3-c87d0adf5b-10c0.zip/node_modules/@rspress/core/dist/theme/components/HomeFeature/useCardAnimation.js ×

File: ../../.yarn/berry/cache/@rspress-core-npm-2.0.3-c87d0adf5b-10c0.zip/node_modules/@rspress/core/dist/theme/components/HomeFooter/index.js:1:1-41
  × Module not found: Can't resolve 'react/jsx-runtime' in '/home/dev/.yarn/berry/cache/@rspress-core-npm-2.0.3-c87d0adf5b-10c0.zip/node_modules/@rspress/core/dist/theme/components/HomeFooter'
   ╭─[1:0]
 1 │ import { jsx } from "react/jsx-runtime";
   · ────────────────────────────────────────
 2 │ import { useSite } from "@rspress/core/runtime";
 3 │ import { renderHtmlOrText } from "@theme";
   ╰────
Import traces (entry → error):
  ../../.yarn/berry/cache/@rspress-core-npm-2.0.3-c87d0adf5b-10c0.zip/node_modules/@rspress/core/dist/theme/index.js
  ../../.yarn/berry/cache/@rspress-core-npm-2.0.3-c87d0adf5b-10c0.zip/node_modules/@rspress/core/dist/theme/components/HomeFooter/index.js ×

File: ../../.yarn/berry/cache/@rspress-core-npm-2.0.3-c87d0adf5b-10c0.zip/node_modules/@rspress/core/dist/theme/components/HomeHero/index.js:1:1-57
  × Module not found: Can't resolve 'react/jsx-runtime' in '/home/dev/.yarn/berry/cache/@rspress-core-npm-2.0.3-c87d0adf5b-10c0.zip/node_modules/@rspress/core/dist/theme/components/HomeHero'
   ╭─[1:0]
 1 │ import { Fragment, jsx, jsxs } from "react/jsx-runtime";
   · ────────────────────────────────────────────────────────
 2 │ import { normalizeImagePath, useFrontmatter } from "@rspress/core/runtime";
 3 │ import { Button, Link, renderHtmlOrText } from "@theme";
   ╰────
Import traces (entry → error):
  ../../.yarn/berry/cache/@rspress-core-npm-2.0.3-c87d0adf5b-10c0.zip/node_modules/@rspress/core/dist/theme/index.js
  ../../.yarn/berry/cache/@rspress-core-npm-2.0.3-c87d0adf5b-10c0.zip/node_modules/@rspress/core/dist/theme/components/HomeHero/index.js ×

File: ../../.yarn/berry/cache/@rspress-core-npm-2.0.3-c87d0adf5b-10c0.zip/node_modules/@rspress/core/dist/theme/components/HomeHero/index.js:5:1-25
  × Module not found: Can't resolve 'clsx' in '/home/dev/.yarn/berry/cache/@rspress-core-npm-2.0.3-c87d0adf5b-10c0.zip/node_modules/@rspress/core/dist/theme/components/HomeHero'
   ╭─[5:0]
 3 │ import { Button, Link, renderHtmlOrText } from "@theme";
 4 │ import "./index.css";
 5 │ import clsx from "clsx";
   · ────────────────────────
 6 │ const DEFAULT_HERO = {
 7 │     badge: '',
   ╰────
Import traces (entry → error):
  ../../.yarn/berry/cache/@rspress-core-npm-2.0.3-c87d0adf5b-10c0.zip/node_modules/@rspress/core/dist/theme/index.js
  ../../.yarn/berry/cache/@rspress-core-npm-2.0.3-c87d0adf5b-10c0.zip/node_modules/@rspress/core/dist/theme/components/HomeHero/index.js ×

File: ../../.yarn/berry/cache/@rspress-core-npm-2.0.3-c87d0adf5b-10c0.zip/node_modules/@rspress/core/dist/theme/components/HoverGroup/index.js:1:1-57
  × Module not found: Can't resolve 'react/jsx-runtime' in '/home/dev/.yarn/berry/cache/@rspress-core-npm-2.0.3-c87d0adf5b-10c0.zip/node_modules/@rspress/core/dist/theme/components/HoverGroup'
   ╭─[1:0]
 1 │ import { Fragment, jsx, jsxs } from "react/jsx-runtime";
   · ────────────────────────────────────────────────────────
 2 │ import { matchNavbar, useLocation } from "@rspress/core/runtime";
 3 │ import { Link, Tag } from "@theme";
   ╰────
Import traces (entry → error):
  ../../.yarn/berry/cache/@rspress-core-npm-2.0.3-c87d0adf5b-10c0.zip/node_modules/@rspress/core/dist/theme/index.js
  ../../.yarn/berry/cache/@rspress-core-npm-2.0.3-c87d0adf5b-10c0.zip/node_modules/@rspress/core/dist/theme/components/HoverGroup/index.js ×

File: ../../.yarn/berry/cache/@rspress-core-npm-2.0.3-c87d0adf5b-10c0.zip/node_modules/@rspress/core/dist/theme/components/HoverGroup/index.js:4:1-25
  × Module not found: Can't resolve 'clsx' in '/home/dev/.yarn/berry/cache/@rspress-core-npm-2.0.3-c87d0adf5b-10c0.zip/node_modules/@rspress/core/dist/theme/components/HoverGroup'
   ╭─[4:0]
 2 │ import { matchNavbar, useLocation } from "@rspress/core/runtime";
 3 │ import { Link, Tag } from "@theme";
 4 │ import clsx from "clsx";
   · ────────────────────────
 5 │ import "./index.css";
 6 │ function HoverGroupItem({ item, activeMatcher, depth = 0 }) {
   ╰────
Import traces (entry → error):
  ../../.yarn/berry/cache/@rspress-core-npm-2.0.3-c87d0adf5b-10c0.zip/node_modules/@rspress/core/dist/theme/index.js
  ../../.yarn/berry/cache/@rspress-core-npm-2.0.3-c87d0adf5b-10c0.zip/node_modules/@rspress/core/dist/theme/components/HoverGroup/index.js ×

File: ../../.yarn/berry/cache/@rspress-core-npm-2.0.3-c87d0adf5b-10c0.zip/node_modules/@rspress/core/dist/theme/components/HoverGroup/index.js:7:26-37
  × ESModulesLinkingError: export 'useLocation' (imported as 'useLocation') was not found in '@rspress/core/runtime' (possible exports: Content, NoSSR, PageContext, ThemeContext, addLeadingSlash, addTrailingSlash, cleanUrlByConfig, getSidebarDataGroup, isActive, isEqualPath, isProduction, normalizeHrefInRuntime, normalizeImagePath, pathnameToRouteService, preloadLink, removeBase, removeTrailingSlash, routePathToMdPath, useActiveMatcher, useDark, useFrontmatter, useI18n, useLang, useLocaleSiteData, useNav, usePage, usePageData, useSidebar, useSidebarDynamic, useSite, useVersion, useWindowSize, withBase)
   ╭─[7:25]
 5 │ import "./index.css";
 6 │ function HoverGroupItem({ item, activeMatcher, depth = 0 }) {
 7 │     const { pathname } = useLocation();
   ·                          ───────────
 8 │     if ('items' in item && item.items && item.items.length > 0) {
 9 │         const hasLink = 'link' in item && item.link;
   ╰────
Import traces (entry → error):
  ../../.yarn/berry/cache/@rspress-core-npm-2.0.3-c87d0adf5b-10c0.zip/node_modules/@rspress/core/dist/theme/index.js
  ../../.yarn/berry/cache/@rspress-core-npm-2.0.3-c87d0adf5b-10c0.zip/node_modules/@rspress/core/dist/theme/components/HoverGroup/index.js ×

File: ../../.yarn/berry/cache/@rspress-core-npm-2.0.3-c87d0adf5b-10c0.zip/node_modules/@rspress/core/dist/theme/components/HoverGroup/index.js:40:68-79
  × ESModulesLinkingError: export 'matchNavbar' (imported as 'matchNavbar') was not found in '@rspress/core/runtime' (possible exports: Content, NoSSR, PageContext, ThemeContext, addLeadingSlash, addTrailingSlash, cleanUrlByConfig, getSidebarDataGroup, isActive, isEqualPath, isProduction, normalizeHrefInRuntime, normalizeImagePath, pathnameToRouteService, preloadLink, removeBase, removeTrailingSlash, routePathToMdPath, useActiveMatcher, useDark, useFrontmatter, useI18n, useLang, useLocaleSiteData, useNav, usePage, usePageData, useSidebar, useSidebarDynamic, useSite, useVersion, useWindowSize, withBase)
    ╭─[40:67]
 38 │     if ('link' in item) {
 39 │         const { text, link } = item;
 40 │         const isActiveItem = activeMatcher ? activeMatcher(item) : matchNavbar(item, pathname);
    ·                                                                    ───────────
 41 │         return /*#__PURE__*/ jsx("li", {
 42 │             className: clsx('rp-hover-group__item', {
    ╰────
Import traces (entry → error):
  ../../.yarn/berry/cache/@rspress-core-npm-2.0.3-c87d0adf5b-10c0.zip/node_modules/@rspress/core/dist/theme/index.js
  ../../.yarn/berry/cache/@rspress-core-npm-2.0.3-c87d0adf5b-10c0.zip/node_modules/@rspress/core/dist/theme/components/HoverGroup/index.js ×

File: ../../.yarn/berry/cache/@rspress-core-npm-2.0.3-c87d0adf5b-10c0.zip/node_modules/@rspress/core/dist/theme/components/HoverGroup/useHoverGroup.js:1:1-41
  × Module not found: Can't resolve 'react/jsx-runtime' in '/home/dev/.yarn/berry/cache/@rspress-core-npm-2.0.3-c87d0adf5b-10c0.zip/node_modules/@rspress/core/dist/theme/components/HoverGroup'
   ╭─[1:0]
 1 │ import { jsx } from "react/jsx-runtime";
   · ────────────────────────────────────────
 2 │ import { useCallback, useMemo, useRef, useState } from "react";
 3 │ import { HoverGroup } from "./index.js";
   ╰────
Import traces (entry → error):
  ../../.yarn/berry/cache/@rspress-core-npm-2.0.3-c87d0adf5b-10c0.zip/node_modules/@rspress/core/dist/theme/index.js
  ../../.yarn/berry/cache/@rspress-core-npm-2.0.3-c87d0adf5b-10c0.zip/node_modules/@rspress/core/dist/theme/components/HoverGroup/useHoverGroup.js ×

File: ../../.yarn/berry/cache/@rspress-core-npm-2.0.3-c87d0adf5b-10c0.zip/node_modules/@rspress/core/dist/theme/components/HoverGroup/useHoverGroup.js:2:1-64
  × Module not found: Can't resolve 'react' in '/home/dev/.yarn/berry/cache/@rspress-core-npm-2.0.3-c87d0adf5b-10c0.zip/node_modules/@rspress/core/dist/theme/components/HoverGroup'
   ╭─[2:0]
 1 │ import { jsx } from "react/jsx-runtime";
 2 │ import { useCallback, useMemo, useRef, useState } from "react";
   · ───────────────────────────────────────────────────────────────
 3 │ import { HoverGroup } from "./index.js";
 4 │ function useHoverGroup(props) {
   ╰────
Import traces (entry → error):
  ../../.yarn/berry/cache/@rspress-core-npm-2.0.3-c87d0adf5b-10c0.zip/node_modules/@rspress/core/dist/theme/index.js
  ../../.yarn/berry/cache/@rspress-core-npm-2.0.3-c87d0adf5b-10c0.zip/node_modules/@rspress/core/dist/theme/components/HoverGroup/useHoverGroup.js ×

File: ../../.yarn/berry/cache/@rspress-core-npm-2.0.3-c87d0adf5b-10c0.zip/node_modules/@rspress/core/dist/theme/components/LastUpdated/index.js:1:1-47
  × Module not found: Can't resolve 'react/jsx-runtime' in '/home/dev/.yarn/berry/cache/@rspress-core-npm-2.0.3-c87d0adf5b-10c0.zip/node_modules/@rspress/core/dist/theme/components/LastUpdated'
   ╭─[1:0]
 1 │ import { jsx, jsxs } from "react/jsx-runtime";
   · ──────────────────────────────────────────────
 2 │ import { useI18n, usePage, useSite } from "@rspress/core/runtime";
 3 │ import "./index.css";
   ╰────
Import traces (entry → error):
  ../../.yarn/berry/cache/@rspress-core-npm-2.0.3-c87d0adf5b-10c0.zip/node_modules/@rspress/core/dist/theme/index.js
  ../../.yarn/berry/cache/@rspress-core-npm-2.0.3-c87d0adf5b-10c0.zip/node_modules/@rspress/core/dist/theme/components/LastUpdated/index.js ×

File: ../../.yarn/berry/cache/@rspress-core-npm-2.0.3-c87d0adf5b-10c0.zip/node_modules/@rspress/core/dist/theme/components/Link/index.js:1:1-41
  × Module not found: Can't resolve 'react/jsx-runtime' in '/home/dev/.yarn/berry/cache/@rspress-core-npm-2.0.3-c87d0adf5b-10c0.zip/node_modules/@rspress/core/dist/theme/components/Link'
   ╭─[1:0]
 1 │ import { jsx } from "react/jsx-runtime";
   · ────────────────────────────────────────
 2 │ import { preloadLink } from "@rspress/core/runtime";
 3 │ import clsx from "clsx";
   ╰────
Import traces (entry → error):
  ../../.yarn/berry/cache/@rspress-core-npm-2.0.3-c87d0adf5b-10c0.zip/node_modules/@rspress/core/dist/theme/index.js
  ../../.yarn/berry/cache/@rspress-core-npm-2.0.3-c87d0adf5b-10c0.zip/node_modules/@rspress/core/dist/theme/components/Link/index.js ×

File: ../../.yarn/berry/cache/@rspress-core-npm-2.0.3-c87d0adf5b-10c0.zip/node_modules/@rspress/core/dist/theme/components/Link/index.js:3:1-25
  × Module not found: Can't resolve 'clsx' in '/home/dev/.yarn/berry/cache/@rspress-core-npm-2.0.3-c87d0adf5b-10c0.zip/node_modules/@rspress/core/dist/theme/components/Link'
   ╭─[3:0]
 1 │ import { jsx } from "react/jsx-runtime";
 2 │ import { preloadLink } from "@rspress/core/runtime";
 3 │ import clsx from "clsx";
   · ────────────────────────
 4 │ import nprogress from "nprogress";
 5 │ import { forwardRef } from "react";
   ╰────
Import traces (entry → error):
  ../../.yarn/berry/cache/@rspress-core-npm-2.0.3-c87d0adf5b-10c0.zip/node_modules/@rspress/core/dist/theme/index.js
  ../../.yarn/berry/cache/@rspress-core-npm-2.0.3-c87d0adf5b-10c0.zip/node_modules/@rspress/core/dist/theme/components/Link/index.js ×

File: ../../.yarn/berry/cache/@rspress-core-npm-2.0.3-c87d0adf5b-10c0.zip/node_modules/@rspress/core/dist/theme/components/Link/index.js:4:1-35
  × Module not found: Can't resolve 'nprogress' in '/home/dev/.yarn/berry/cache/@rspress-core-npm-2.0.3-c87d0adf5b-10c0.zip/node_modules/@rspress/core/dist/theme/components/Link'
   ╭─[4:0]
 2 │ import { preloadLink } from "@rspress/core/runtime";
 3 │ import clsx from "clsx";
 4 │ import nprogress from "nprogress";
   · ──────────────────────────────────
 5 │ import { forwardRef } from "react";
 6 │ import "./index.css";
   ╰────
Import traces (entry → error):
  ../../.yarn/berry/cache/@rspress-core-npm-2.0.3-c87d0adf5b-10c0.zip/node_modules/@rspress/core/dist/theme/index.js
  ../../.yarn/berry/cache/@rspress-core-npm-2.0.3-c87d0adf5b-10c0.zip/node_modules/@rspress/core/dist/theme/components/Link/index.js ×

File: ../../.yarn/berry/cache/@rspress-core-npm-2.0.3-c87d0adf5b-10c0.zip/node_modules/@rspress/core/dist/theme/components/Link/index.js:5:1-36
  × Module not found: Can't resolve 'react' in '/home/dev/.yarn/berry/cache/@rspress-core-npm-2.0.3-c87d0adf5b-10c0.zip/node_modules/@rspress/core/dist/theme/components/Link'
   ╭─[5:0]
 3 │ import clsx from "clsx";
 4 │ import nprogress from "nprogress";
 5 │ import { forwardRef } from "react";
   · ───────────────────────────────────
 6 │ import "./index.css";
 7 │ import { getHref, useLinkNavigate } from "./useLinkNavigate.js";
   ╰────
Import traces (entry → error):
  ../../.yarn/berry/cache/@rspress-core-npm-2.0.3-c87d0adf5b-10c0.zip/node_modules/@rspress/core/dist/theme/index.js
  ../../.yarn/berry/cache/@rspress-core-npm-2.0.3-c87d0adf5b-10c0.zip/node_modules/@rspress/core/dist/theme/components/Link/index.js ×

File: ../../.yarn/berry/cache/@rspress-core-npm-2.0.3-c87d0adf5b-10c0.zip/node_modules/@rspress/core/dist/theme/components/Link/useLinkNavigate.js:2:1-35
  × Module not found: Can't resolve 'nprogress' in '/home/dev/.yarn/berry/cache/@rspress-core-npm-2.0.3-c87d0adf5b-10c0.zip/node_modules/@rspress/core/dist/theme/components/Link'
   ╭─[2:0]
 1 │ import { cleanUrlByConfig, isActive, isExternalUrl, pathnameToRouteService, removeBase, useLocation, useNavigate, withBase } from "@rspress/core/runtime";
 2 │ import nprogress from "nprogress";
   · ──────────────────────────────────
 3 │ import { startTransition as external_react_startTransition, useCallback } from "react";
 4 │ nprogress.configure({
   ╰────
Import traces (entry → error):
  ../../.yarn/berry/cache/@rspress-core-npm-2.0.3-c87d0adf5b-10c0.zip/node_modules/@rspress/core/dist/theme/index.js
  ../../.yarn/berry/cache/@rspress-core-npm-2.0.3-c87d0adf5b-10c0.zip/node_modules/@rspress/core/dist/theme/components/Link/useLinkNavigate.js ×

File: ../../.yarn/berry/cache/@rspress-core-npm-2.0.3-c87d0adf5b-10c0.zip/node_modules/@rspress/core/dist/theme/components/Link/useLinkNavigate.js:3:1-88
  × Module not found: Can't resolve 'react' in '/home/dev/.yarn/berry/cache/@rspress-core-npm-2.0.3-c87d0adf5b-10c0.zip/node_modules/@rspress/core/dist/theme/components/Link'
   ╭─[3:0]
 1 │ import { cleanUrlByConfig, isActive, isExternalUrl, pathnameToRouteService, removeBase, useLocation, useNavigate, withBase } from "@rspress/core/runtime";
 2 │ import nprogress from "nprogress";
 3 │ import { startTransition as external_react_startTransition, useCallback } from "react";
   · ───────────────────────────────────────────────────────────────────────────────────────
 4 │ nprogress.configure({
 5 │     showSpinner: false
   ╰────
Import traces (entry → error):
  ../../.yarn/berry/cache/@rspress-core-npm-2.0.3-c87d0adf5b-10c0.zip/node_modules/@rspress/core/dist/theme/index.js
  ../../.yarn/berry/cache/@rspress-core-npm-2.0.3-c87d0adf5b-10c0.zip/node_modules/@rspress/core/dist/theme/components/Link/useLinkNavigate.js ×

File: ../../.yarn/berry/cache/@rspress-core-npm-2.0.3-c87d0adf5b-10c0.zip/node_modules/@rspress/core/dist/theme/components/Link/useLinkNavigate.js:11:9-22
  × ESModulesLinkingError: export 'isExternalUrl' (imported as 'isExternalUrl') was not found in '@rspress/core/runtime' (possible exports: Content, NoSSR, PageContext, ThemeContext, addLeadingSlash, addTrailingSlash, cleanUrlByConfig, getSidebarDataGroup, isActive, isEqualPath, isProduction, normalizeHrefInRuntime, normalizeImagePath, pathnameToRouteService, preloadLink, removeBase, removeTrailingSlash, routePathToMdPath, useActiveMatcher, useDark, useFrontmatter, useI18n, useLang, useLocaleSiteData, useNav, usePage, usePageData, useSidebar, useSidebarDynamic, useSite, useVersion, useWindowSize, withBase)
    ╭─[11:8]
  9 │ }
 10 │ function getLinkType(href) {
 11 │     if (isExternalUrl(href)) return 'external';
    ·         ─────────────
 12 │     if (href.startsWith('#')) return 'hashOnly';
 13 │     if (!isAbsoluteUrl(href)) return 'relative';
    ╰────
Import traces (entry → error):
  ../../.yarn/berry/cache/@rspress-core-npm-2.0.3-c87d0adf5b-10c0.zip/node_modules/@rspress/core/dist/theme/index.js
  ../../.yarn/berry/cache/@rspress-core-npm-2.0.3-c87d0adf5b-10c0.zip/node_modules/@rspress/core/dist/theme/components/Link/useLinkNavigate.js ×

File: ../../.yarn/berry/cache/@rspress-core-npm-2.0.3-c87d0adf5b-10c0.zip/node_modules/@rspress/core/dist/theme/components/Link/useLinkNavigate.js:35:44-55
  × ESModulesLinkingError: export 'useLocation' (imported as 'useLocation') was not found in '@rspress/core/runtime' (possible exports: Content, NoSSR, PageContext, ThemeContext, addLeadingSlash, addTrailingSlash, cleanUrlByConfig, getSidebarDataGroup, isActive, isEqualPath, isProduction, normalizeHrefInRuntime, normalizeImagePath, pathnameToRouteService, preloadLink, removeBase, removeTrailingSlash, routePathToMdPath, useActiveMatcher, useDark, useFrontmatter, useI18n, useLang, useLocaleSiteData, useNav, usePage, usePageData, useSidebar, useSidebarDynamic, useSite, useVersion, useWindowSize, withBase)
    ╭─[35:43]
 33 │     startTransition: external_react_startTransition
 34 │ }) {
 35 │     const { pathname: currPagePathname } = useLocation();
    ·                                            ───────────
 36 │     const navigate = useNavigate();
 37 │     return useCallback(async (href)=>{
    ╰────
Import traces (entry → error):
  ../../.yarn/berry/cache/@rspress-core-npm-2.0.3-c87d0adf5b-10c0.zip/node_modules/@rspress/core/dist/theme/index.js
  ../../.yarn/berry/cache/@rspress-core-npm-2.0.3-c87d0adf5b-10c0.zip/node_modules/@rspress/core/dist/theme/components/Link/useLinkNavigate.js ×

File: ../../.yarn/berry/cache/@rspress-core-npm-2.0.3-c87d0adf5b-10c0.zip/node_modules/@rspress/core/dist/theme/components/Link/useLinkNavigate.js:36:22-33
  × ESModulesLinkingError: export 'useNavigate' (imported as 'useNavigate') was not found in '@rspress/core/runtime' (possible exports: Content, NoSSR, PageContext, ThemeContext, addLeadingSlash, addTrailingSlash, cleanUrlByConfig, getSidebarDataGroup, isActive, isEqualPath, isProduction, normalizeHrefInRuntime, normalizeImagePath, pathnameToRouteService, preloadLink, removeBase, removeTrailingSlash, routePathToMdPath, useActiveMatcher, useDark, useFrontmatter, useI18n, useLang, useLocaleSiteData, useNav, usePage, usePageData, useSidebar, useSidebarDynamic, useSite, useVersion, useWindowSize, withBase)
    ╭─[36:21]
 34 │ }) {
 35 │     const { pathname: currPagePathname } = useLocation();
 36 │     const navigate = useNavigate();
    ·                      ───────────
 37 │     return useCallback(async (href)=>{
 38 │         const { linkType, removeBaseHref, withBaseHref } = getHref(href);
    ╰────
Import traces (entry → error):
  ../../.yarn/berry/cache/@rspress-core-npm-2.0.3-c87d0adf5b-10c0.zip/node_modules/@rspress/core/dist/theme/index.js
  ../../.yarn/berry/cache/@rspress-core-npm-2.0.3-c87d0adf5b-10c0.zip/node_modules/@rspress/core/dist/theme/components/Link/useLinkNavigate.js ×

File: ../../.yarn/berry/cache/@rspress-core-npm-2.0.3-c87d0adf5b-10c0.zip/node_modules/@rspress/core/dist/theme/components/Llms/LlmsContainer.js:1:1-41
  × Module not found: Can't resolve 'react/jsx-runtime' in '/home/dev/.yarn/berry/cache/@rspress-core-npm-2.0.3-c87d0adf5b-10c0.zip/node_modules/@rspress/core/dist/theme/components/Llms'
   ╭─[1:0]
 1 │ import { jsx } from "react/jsx-runtime";
   · ────────────────────────────────────────
 2 │ import "./LlmsContainer.css";
 3 │ function LlmsContainer(props) {
   ╰────
Import traces (entry → error):
  ../../.yarn/berry/cache/@rspress-core-npm-2.0.3-c87d0adf5b-10c0.zip/node_modules/@rspress/core/dist/theme/index.js
  ../../.yarn/berry/cache/@rspress-core-npm-2.0.3-c87d0adf5b-10c0.zip/node_modules/@rspress/core/dist/theme/components/Llms/index.js
  ../../.yarn/berry/cache/@rspress-core-npm-2.0.3-c87d0adf5b-10c0.zip/node_modules/@rspress/core/dist/theme/components/Llms/LlmsContainer.js ×

File: ../../.yarn/berry/cache/@rspress-core-npm-2.0.3-c87d0adf5b-10c0.zip/node_modules/@rspress/core/dist/theme/components/Llms/LlmsCopyButton.js:1:73-129
  × Module not found: Can't resolve 'react/jsx-runtime' in '/home/dev/.yarn/berry/cache/@rspress-core-npm-2.0.3-c87d0adf5b-10c0.zip/node_modules/@rspress/core/dist/theme/components/Llms'
   ╭─[1:72]
 1 │ /*! For license information please see LlmsCopyButton.js.LICENSE.txt */ import { Fragment, jsx, jsxs } from "react/jsx-runtime";
   ·                                                                         ────────────────────────────────────────────────────────
 2 │ import { useI18n } from "@rspress/core/runtime";
 3 │ import { IconCopy, IconSuccess } from "@theme";
   ╰────
Import traces (entry → error):
  ../../.yarn/berry/cache/@rspress-core-npm-2.0.3-c87d0adf5b-10c0.zip/node_modules/@rspress/core/dist/theme/index.js
  ../../.yarn/berry/cache/@rspress-core-npm-2.0.3-c87d0adf5b-10c0.zip/node_modules/@rspress/core/dist/theme/components/Llms/index.js
  ../../.yarn/berry/cache/@rspress-core-npm-2.0.3-c87d0adf5b-10c0.zip/node_modules/@rspress/core/dist/theme/components/Llms/LlmsCopyButton.js ×

File: ../../.yarn/berry/cache/@rspress-core-npm-2.0.3-c87d0adf5b-10c0.zip/node_modules/@rspress/core/dist/theme/components/Llms/LlmsCopyButton.js:4:1-55
  × Module not found: Can't resolve 'react' in '/home/dev/.yarn/berry/cache/@rspress-core-npm-2.0.3-c87d0adf5b-10c0.zip/node_modules/@rspress/core/dist/theme/components/Llms'
   ╭─[4:0]
 2 │ import { useI18n } from "@rspress/core/runtime";
 3 │ import { IconCopy, IconSuccess } from "@theme";
 4 │ import { useCallback, useRef, useState } from "react";
   · ──────────────────────────────────────────────────────
 5 │ import { SvgWrapper } from "../SvgWrapper/index.js";
 6 │ import "./index.css";
   ╰────
Import traces (entry → error):
  ../../.yarn/berry/cache/@rspress-core-npm-2.0.3-c87d0adf5b-10c0.zip/node_modules/@rspress/core/dist/theme/index.js
  ../../.yarn/berry/cache/@rspress-core-npm-2.0.3-c87d0adf5b-10c0.zip/node_modules/@rspress/core/dist/theme/components/Llms/index.js
  ../../.yarn/berry/cache/@rspress-core-npm-2.0.3-c87d0adf5b-10c0.zip/node_modules/@rspress/core/dist/theme/components/Llms/LlmsCopyButton.js ×

File: ../../.yarn/berry/cache/@rspress-core-npm-2.0.3-c87d0adf5b-10c0.zip/node_modules/@rspress/core/dist/theme/components/Llms/LlmsViewOptions.js:1:74-130
  × Module not found: Can't resolve 'react/jsx-runtime' in '/home/dev/.yarn/berry/cache/@rspress-core-npm-2.0.3-c87d0adf5b-10c0.zip/node_modules/@rspress/core/dist/theme/components/Llms'
   ╭─[1:73]
 1 │ /*! For license information please see LlmsViewOptions.js.LICENSE.txt */ import { Fragment, jsx, jsxs } from "react/jsx-runtime";
   ·                                                                          ────────────────────────────────────────────────────────
 2 │ import { useI18n, useSite } from "@rspress/core/runtime";
 3 │ import { IconDown, IconExternalLink, IconLink } from "@theme";
   ╰────
Import traces (entry → error):
  ../../.yarn/berry/cache/@rspress-core-npm-2.0.3-c87d0adf5b-10c0.zip/node_modules/@rspress/core/dist/theme/index.js
  ../../.yarn/berry/cache/@rspress-core-npm-2.0.3-c87d0adf5b-10c0.zip/node_modules/@rspress/core/dist/theme/components/Llms/index.js
  ../../.yarn/berry/cache/@rspress-core-npm-2.0.3-c87d0adf5b-10c0.zip/node_modules/@rspress/core/dist/theme/components/Llms/LlmsViewOptions.js ×

File: ../../.yarn/berry/cache/@rspress-core-npm-2.0.3-c87d0adf5b-10c0.zip/node_modules/@rspress/core/dist/theme/components/Llms/LlmsViewOptions.js:4:1-62
  × Module not found: Can't resolve 'react' in '/home/dev/.yarn/berry/cache/@rspress-core-npm-2.0.3-c87d0adf5b-10c0.zip/node_modules/@rspress/core/dist/theme/components/Llms'
   ╭─[4:0]
 2 │ import { useI18n, useSite } from "@rspress/core/runtime";
 3 │ import { IconDown, IconExternalLink, IconLink } from "@theme";
 4 │ import { useEffect, useMemo, useRef, useState } from "react";
   · ─────────────────────────────────────────────────────────────
 5 │ import { SvgWrapper } from "../SvgWrapper/index.js";
 6 │ import "./index.css";
   ╰────
Import traces (entry → error):
  ../../.yarn/berry/cache/@rspress-core-npm-2.0.3-c87d0adf5b-10c0.zip/node_modules/@rspress/core/dist/theme/index.js
  ../../.yarn/berry/cache/@rspress-core-npm-2.0.3-c87d0adf5b-10c0.zip/node_modules/@rspress/core/dist/theme/components/Llms/index.js
  ../../.yarn/berry/cache/@rspress-core-npm-2.0.3-c87d0adf5b-10c0.zip/node_modules/@rspress/core/dist/theme/components/Llms/LlmsViewOptions.js ×

File: ../../.yarn/berry/cache/@rspress-core-npm-2.0.3-c87d0adf5b-10c0.zip/node_modules/@rspress/core/dist/theme/components/Llms/useMdUrl.js:2:1-33
  × Module not found: Can't resolve 'react' in '/home/dev/.yarn/berry/cache/@rspress-core-npm-2.0.3-c87d0adf5b-10c0.zip/node_modules/@rspress/core/dist/theme/components/Llms'
   ╭─[2:0]
 1 │ import { routePathToMdPath, usePageData } from "@rspress/core/runtime";
 2 │ import { useMemo } from "react";
   · ────────────────────────────────
 3 │ function useMdUrl() {
 4 │     const { page } = usePageData();
   ╰────
Import traces (entry → error):
  ../../.yarn/berry/cache/@rspress-core-npm-2.0.3-c87d0adf5b-10c0.zip/node_modules/@rspress/core/dist/theme/index.js
  ../../.yarn/berry/cache/@rspress-core-npm-2.0.3-c87d0adf5b-10c0.zip/node_modules/@rspress/core/dist/theme/components/Llms/index.js
  ../../.yarn/berry/cache/@rspress-core-npm-2.0.3-c87d0adf5b-10c0.zip/node_modules/@rspress/core/dist/theme/components/Llms/useMdUrl.js ×

File: ../../.yarn/berry/cache/@rspress-core-npm-2.0.3-c87d0adf5b-10c0.zip/node_modules/@rspress/core/dist/theme/components/Nav/NavMenu.js:1:1-57
  × Module not found: Can't resolve 'react/jsx-runtime' in '/home/dev/.yarn/berry/cache/@rspress-core-npm-2.0.3-c87d0adf5b-10c0.zip/node_modules/@rspress/core/dist/theme/components/Nav'
   ╭─[1:0]
 1 │ import { Fragment, jsx, jsxs } from "react/jsx-runtime";
   · ────────────────────────────────────────────────────────
 2 │ import { matchNavbar, useLocation } from "@rspress/core/runtime";
 3 │ import { IconArrowDown, Link, SvgWrapper, Tag, useHoverGroup } from "@theme";
   ╰────
Import traces (entry → error):
  ../../.yarn/berry/cache/@rspress-core-npm-2.0.3-c87d0adf5b-10c0.zip/node_modules/@rspress/core/dist/theme/index.js
  ../../.yarn/berry/cache/@rspress-core-npm-2.0.3-c87d0adf5b-10c0.zip/node_modules/@rspress/core/dist/theme/components/Nav/index.js
  ../../.yarn/berry/cache/@rspress-core-npm-2.0.3-c87d0adf5b-10c0.zip/node_modules/@rspress/core/dist/theme/components/Nav/NavMenu.js ×

File: ../../.yarn/berry/cache/@rspress-core-npm-2.0.3-c87d0adf5b-10c0.zip/node_modules/@rspress/core/dist/theme/components/Nav/NavMenu.js:4:1-25
  × Module not found: Can't resolve 'clsx' in '/home/dev/.yarn/berry/cache/@rspress-core-npm-2.0.3-c87d0adf5b-10c0.zip/node_modules/@rspress/core/dist/theme/components/Nav'
   ╭─[4:0]
 2 │ import { matchNavbar, useLocation } from "@rspress/core/runtime";
 3 │ import { IconArrowDown, Link, SvgWrapper, Tag, useHoverGroup } from "@theme";
 4 │ import clsx from "clsx";
   · ────────────────────────
 5 │ import { useMemo } from "react";
 6 │ import { useLangsMenu, useVersionsMenu } from "./hooks.js";
   ╰────
Import traces (entry → error):
  ../../.yarn/berry/cache/@rspress-core-npm-2.0.3-c87d0adf5b-10c0.zip/node_modules/@rspress/core/dist/theme/index.js
  ../../.yarn/berry/cache/@rspress-core-npm-2.0.3-c87d0adf5b-10c0.zip/node_modules/@rspress/core/dist/theme/components/Nav/index.js
  ../../.yarn/berry/cache/@rspress-core-npm-2.0.3-c87d0adf5b-10c0.zip/node_modules/@rspress/core/dist/theme/components/Nav/NavMenu.js ×

File: ../../.yarn/berry/cache/@rspress-core-npm-2.0.3-c87d0adf5b-10c0.zip/node_modules/@rspress/core/dist/theme/components/Nav/NavMenu.js:5:1-33
  × Module not found: Can't resolve 'react' in '/home/dev/.yarn/berry/cache/@rspress-core-npm-2.0.3-c87d0adf5b-10c0.zip/node_modules/@rspress/core/dist/theme/components/Nav'
   ╭─[5:0]
 3 │ import { IconArrowDown, Link, SvgWrapper, Tag, useHoverGroup } from "@theme";
 4 │ import clsx from "clsx";
 5 │ import { useMemo } from "react";
   · ────────────────────────────────
 6 │ import { useLangsMenu, useVersionsMenu } from "./hooks.js";
 7 │ import "./NavMenu.css";
   ╰────
Import traces (entry → error):
  ../../.yarn/berry/cache/@rspress-core-npm-2.0.3-c87d0adf5b-10c0.zip/node_modules/@rspress/core/dist/theme/index.js
  ../../.yarn/berry/cache/@rspress-core-npm-2.0.3-c87d0adf5b-10c0.zip/node_modules/@rspress/core/dist/theme/components/Nav/index.js
  ../../.yarn/berry/cache/@rspress-core-npm-2.0.3-c87d0adf5b-10c0.zip/node_modules/@rspress/core/dist/theme/components/Nav/NavMenu.js ×

File: ../../.yarn/berry/cache/@rspress-core-npm-2.0.3-c87d0adf5b-10c0.zip/node_modules/@rspress/core/dist/theme/components/Nav/NavMenu.js:59:26-37
  × ESModulesLinkingError: export 'useLocation' (imported as 'useLocation') was not found in '@rspress/core/runtime' (possible exports: Content, NoSSR, PageContext, ThemeContext, addLeadingSlash, addTrailingSlash, cleanUrlByConfig, getSidebarDataGroup, isActive, isEqualPath, isProduction, normalizeHrefInRuntime, normalizeImagePath, pathnameToRouteService, preloadLink, removeBase, removeTrailingSlash, routePathToMdPath, useActiveMatcher, useDark, useFrontmatter, useI18n, useLang, useLocaleSiteData, useNav, usePage, usePageData, useSidebar, useSidebarDynamic, useSite, useVersion, useWindowSize, withBase)
    ╭─[59:25]
 57 │ }
 58 │ function NavMenuItemWithLink({ menuItem }) {
 59 │     const { pathname } = useLocation();
    ·                          ───────────
 60 │     const isActive = useMemo(()=>matchNavbar(menuItem, pathname), [
 61 │         menuItem,
    ╰────
Import traces (entry → error):
  ../../.yarn/berry/cache/@rspress-core-npm-2.0.3-c87d0adf5b-10c0.zip/node_modules/@rspress/core/dist/theme/index.js
  ../../.yarn/berry/cache/@rspress-core-npm-2.0.3-c87d0adf5b-10c0.zip/node_modules/@rspress/core/dist/theme/components/Nav/index.js
  ../../.yarn/berry/cache/@rspress-core-npm-2.0.3-c87d0adf5b-10c0.zip/node_modules/@rspress/core/dist/theme/components/Nav/NavMenu.js ×

File: ../../.yarn/berry/cache/@rspress-core-npm-2.0.3-c87d0adf5b-10c0.zip/node_modules/@rspress/core/dist/theme/components/Nav/NavMenu.js:60:34-45
  × ESModulesLinkingError: export 'matchNavbar' (imported as 'matchNavbar') was not found in '@rspress/core/runtime' (possible exports: Content, NoSSR, PageContext, ThemeContext, addLeadingSlash, addTrailingSlash, cleanUrlByConfig, getSidebarDataGroup, isActive, isEqualPath, isProduction, normalizeHrefInRuntime, normalizeImagePath, pathnameToRouteService, preloadLink, removeBase, removeTrailingSlash, routePathToMdPath, useActiveMatcher, useDark, useFrontmatter, useI18n, useLang, useLocaleSiteData, useNav, usePage, usePageData, useSidebar, useSidebarDynamic, useSite, useVersion, useWindowSize, withBase)
    ╭─[60:33]
 58 │ function NavMenuItemWithLink({ menuItem }) {
 59 │     const { pathname } = useLocation();
 60 │     const isActive = useMemo(()=>matchNavbar(menuItem, pathname), [
    ·                                  ───────────
 61 │         menuItem,
 62 │         pathname
    ╰────
Import traces (entry → error):
  ../../.yarn/berry/cache/@rspress-core-npm-2.0.3-c87d0adf5b-10c0.zip/node_modules/@rspress/core/dist/theme/index.js
  ../../.yarn/berry/cache/@rspress-core-npm-2.0.3-c87d0adf5b-10c0.zip/node_modules/@rspress/core/dist/theme/components/Nav/index.js
  ../../.yarn/berry/cache/@rspress-core-npm-2.0.3-c87d0adf5b-10c0.zip/node_modules/@rspress/core/dist/theme/components/Nav/NavMenu.js ×

File: ../../.yarn/berry/cache/@rspress-core-npm-2.0.3-c87d0adf5b-10c0.zip/node_modules/@rspress/core/dist/theme/components/Nav/hooks.js:27:34-45
  × ESModulesLinkingError: export 'useLocation' (imported as 'useLocation') was not found in '@rspress/core/runtime' (possible exports: Content, NoSSR, PageContext, ThemeContext, addLeadingSlash, addTrailingSlash, cleanUrlByConfig, getSidebarDataGroup, isActive, isEqualPath, isProduction, normalizeHrefInRuntime, normalizeImagePath, pathnameToRouteService, preloadLink, removeBase, removeTrailingSlash, routePathToMdPath, useActiveMatcher, useDark, useFrontmatter, useI18n, useLang, useLocaleSiteData, useNav, usePage, usePageData, useSidebar, useSidebarDynamic, useSite, useVersion, useWindowSize, withBase)
    ╭─[27:33]
 25 │     const { site } = useSite();
 26 │     const currentVersion = useVersion();
 27 │     const { pathname, search } = useLocation();
    ·                                  ───────────
 28 │     const defaultLang = site.lang || '';
 29 │     const defaultVersion = site.multiVersion.default || '';
    ╰────
Import traces (entry → error):
  ../../.yarn/berry/cache/@rspress-core-npm-2.0.3-c87d0adf5b-10c0.zip/node_modules/@rspress/core/dist/theme/index.js
  ../../.yarn/berry/cache/@rspress-core-npm-2.0.3-c87d0adf5b-10c0.zip/node_modules/@rspress/core/dist/theme/components/NavHamburger/index.js
  ../../.yarn/berry/cache/@rspress-core-npm-2.0.3-c87d0adf5b-10c0.zip/node_modules/@rspress/core/dist/theme/components/NavScreen/NavScreenLangs.js
  ../../.yarn/berry/cache/@rspress-core-npm-2.0.3-c87d0adf5b-10c0.zip/node_modules/@rspress/core/dist/theme/components/Nav/hooks.js ×

File: ../../.yarn/berry/cache/@rspress-core-npm-2.0.3-c87d0adf5b-10c0.zip/node_modules/@rspress/core/dist/theme/components/Nav/hooks.js:72:26-37
  × ESModulesLinkingError: export 'useLocation' (imported as 'useLocation') was not found in '@rspress/core/runtime' (possible exports: Content, NoSSR, PageContext, ThemeContext, addLeadingSlash, addTrailingSlash, cleanUrlByConfig, getSidebarDataGroup, isActive, isEqualPath, isProduction, normalizeHrefInRuntime, normalizeImagePath, pathnameToRouteService, preloadLink, removeBase, removeTrailingSlash, routePathToMdPath, useActiveMatcher, useDark, useFrontmatter, useI18n, useLang, useLocaleSiteData, useNav, usePage, usePageData, useSidebar, useSidebarDynamic, useSite, useVersion, useWindowSize, withBase)
    ╭─[72:25]
 70 │     const { site } = useSite();
 71 │     const currentVersion = useVersion();
 72 │     const { pathname } = useLocation();
    ·                          ───────────
 73 │     const cleanUrls = site.route?.cleanUrls || false;
 74 │     const defaultVersion = site.multiVersion.default || '';
    ╰────
Import traces (entry → error):
  ../../.yarn/berry/cache/@rspress-core-npm-2.0.3-c87d0adf5b-10c0.zip/node_modules/@rspress/core/dist/theme/index.js
  ../../.yarn/berry/cache/@rspress-core-npm-2.0.3-c87d0adf5b-10c0.zip/node_modules/@rspress/core/dist/theme/components/NavHamburger/index.js
  ../../.yarn/berry/cache/@rspress-core-npm-2.0.3-c87d0adf5b-10c0.zip/node_modules/@rspress/core/dist/theme/components/NavScreen/NavScreenLangs.js
  ../../.yarn/berry/cache/@rspress-core-npm-2.0.3-c87d0adf5b-10c0.zip/node_modules/@rspress/core/dist/theme/components/Nav/hooks.js ×

File: ../../.yarn/berry/cache/@rspress-core-npm-2.0.3-c87d0adf5b-10c0.zip/node_modules/@rspress/core/dist/theme/components/Nav/index.js:1:1-47
  × Module not found: Can't resolve 'react/jsx-runtime' in '/home/dev/.yarn/berry/cache/@rspress-core-npm-2.0.3-c87d0adf5b-10c0.zip/node_modules/@rspress/core/dist/theme/components/Nav'
   ╭─[1:0]
 1 │ import { jsx, jsxs } from "react/jsx-runtime";
   · ──────────────────────────────────────────────
 2 │ import { useNav, useSite } from "@rspress/core/runtime";
 3 │ import { NavHamburger, NavTitle, Search, SocialLinks, SwitchAppearance } from "@theme";
   ╰────
Import traces (entry → error):
  ../../.yarn/berry/cache/@rspress-core-npm-2.0.3-c87d0adf5b-10c0.zip/node_modules/@rspress/core/dist/theme/index.js
  ../../.yarn/berry/cache/@rspress-core-npm-2.0.3-c87d0adf5b-10c0.zip/node_modules/@rspress/core/dist/theme/components/Nav/index.js ×

File: ../../.yarn/berry/cache/@rspress-core-npm-2.0.3-c87d0adf5b-10c0.zip/node_modules/@rspress/core/dist/theme/components/NavHamburger/index.js:1:1-57
  × Module not found: Can't resolve 'react/jsx-runtime' in '/home/dev/.yarn/berry/cache/@rspress-core-npm-2.0.3-c87d0adf5b-10c0.zip/node_modules/@rspress/core/dist/theme/components/NavHamburger'
   ╭─[1:0]
 1 │ import { Fragment, jsx, jsxs } from "react/jsx-runtime";
   · ────────────────────────────────────────────────────────
 2 │ import { IconSmallMenu, SocialLinks, SvgWrapper, useHoverGroup } from "@theme";
 3 │ import clsx from "clsx";
   ╰────
Import traces (entry → error):
  ../../.yarn/berry/cache/@rspress-core-npm-2.0.3-c87d0adf5b-10c0.zip/node_modules/@rspress/core/dist/theme/index.js
  ../../.yarn/berry/cache/@rspress-core-npm-2.0.3-c87d0adf5b-10c0.zip/node_modules/@rspress/core/dist/theme/components/NavHamburger/index.js ×

File: ../../.yarn/berry/cache/@rspress-core-npm-2.0.3-c87d0adf5b-10c0.zip/node_modules/@rspress/core/dist/theme/components/NavHamburger/index.js:3:1-25
  × Module not found: Can't resolve 'clsx' in '/home/dev/.yarn/berry/cache/@rspress-core-npm-2.0.3-c87d0adf5b-10c0.zip/node_modules/@rspress/core/dist/theme/components/NavHamburger'
   ╭─[3:0]
 1 │ import { Fragment, jsx, jsxs } from "react/jsx-runtime";
 2 │ import { IconSmallMenu, SocialLinks, SvgWrapper, useHoverGroup } from "@theme";
 3 │ import clsx from "clsx";
   · ────────────────────────
 4 │ import { createPortal } from "react-dom";
 5 │ import { NavVersions } from "../Nav/NavMenu.js";
   ╰────
Import traces (entry → error):
  ../../.yarn/berry/cache/@rspress-core-npm-2.0.3-c87d0adf5b-10c0.zip/node_modules/@rspress/core/dist/theme/index.js
  ../../.yarn/berry/cache/@rspress-core-npm-2.0.3-c87d0adf5b-10c0.zip/node_modules/@rspress/core/dist/theme/components/NavHamburger/index.js ×

File: ../../.yarn/berry/cache/@rspress-core-npm-2.0.3-c87d0adf5b-10c0.zip/node_modules/@rspress/core/dist/theme/components/NavHamburger/index.js:4:1-42
  × Module not found: Can't resolve 'react-dom' in '/home/dev/.yarn/berry/cache/@rspress-core-npm-2.0.3-c87d0adf5b-10c0.zip/node_modules/@rspress/core/dist/theme/components/NavHamburger'
   ╭─[4:0]
 2 │ import { IconSmallMenu, SocialLinks, SvgWrapper, useHoverGroup } from "@theme";
 3 │ import clsx from "clsx";
 4 │ import { createPortal } from "react-dom";
   · ─────────────────────────────────────────
 5 │ import { NavVersions } from "../Nav/NavMenu.js";
 6 │ import { NavScreen, NavScreenDivider } from "../NavScreen/index.js";
   ╰────
Import traces (entry → error):
  ../../.yarn/berry/cache/@rspress-core-npm-2.0.3-c87d0adf5b-10c0.zip/node_modules/@rspress/core/dist/theme/index.js
  ../../.yarn/berry/cache/@rspress-core-npm-2.0.3-c87d0adf5b-10c0.zip/node_modules/@rspress/core/dist/theme/components/NavHamburger/index.js ×

File: ../../.yarn/berry/cache/@rspress-core-npm-2.0.3-c87d0adf5b-10c0.zip/node_modules/@rspress/core/dist/theme/components/NavHamburger/useNavScreen.js:2:1-45
  × Module not found: Can't resolve 'react' in '/home/dev/.yarn/berry/cache/@rspress-core-npm-2.0.3-c87d0adf5b-10c0.zip/node_modules/@rspress/core/dist/theme/components/NavHamburger'
   ╭─[2:0]
 1 │ import { useLocation } from "@rspress/core/runtime";
 2 │ import { useEffect, useState } from "react";
   · ────────────────────────────────────────────
 3 │ function useNavScreen() {
 4 │     const { pathname, hash } = useLocation();
   ╰────
Import traces (entry → error):
  ../../.yarn/berry/cache/@rspress-core-npm-2.0.3-c87d0adf5b-10c0.zip/node_modules/@rspress/core/dist/theme/index.js
  ../../.yarn/berry/cache/@rspress-core-npm-2.0.3-c87d0adf5b-10c0.zip/node_modules/@rspress/core/dist/theme/components/NavHamburger/index.js
  ../../.yarn/berry/cache/@rspress-core-npm-2.0.3-c87d0adf5b-10c0.zip/node_modules/@rspress/core/dist/theme/components/NavHamburger/useNavScreen.js ×

File: ../../.yarn/berry/cache/@rspress-core-npm-2.0.3-c87d0adf5b-10c0.zip/node_modules/@rspress/core/dist/theme/components/NavHamburger/useNavScreen.js:4:32-43
  × ESModulesLinkingError: export 'useLocation' (imported as 'useLocation') was not found in '@rspress/core/runtime' (possible exports: Content, NoSSR, PageContext, ThemeContext, addLeadingSlash, addTrailingSlash, cleanUrlByConfig, getSidebarDataGroup, isActive, isEqualPath, isProduction, normalizeHrefInRuntime, normalizeImagePath, pathnameToRouteService, preloadLink, removeBase, removeTrailingSlash, routePathToMdPath, useActiveMatcher, useDark, useFrontmatter, useI18n, useLang, useLocaleSiteData, useNav, usePage, usePageData, useSidebar, useSidebarDynamic, useSite, useVersion, useWindowSize, withBase)
   ╭─[4:31]
 2 │ import { useEffect, useState } from "react";
 3 │ function useNavScreen() {
 4 │     const { pathname, hash } = useLocation();
   ·                                ───────────
 5 │     const [isScreenOpen, setIsScreenOpen] = useState(false);
 6 │     function openScreen() {
   ╰────
Import traces (entry → error):
  ../../.yarn/berry/cache/@rspress-core-npm-2.0.3-c87d0adf5b-10c0.zip/node_modules/@rspress/core/dist/theme/index.js
  ../../.yarn/berry/cache/@rspress-core-npm-2.0.3-c87d0adf5b-10c0.zip/node_modules/@rspress/core/dist/theme/components/NavHamburger/index.js
  ../../.yarn/berry/cache/@rspress-core-npm-2.0.3-c87d0adf5b-10c0.zip/node_modules/@rspress/core/dist/theme/components/NavHamburger/useNavScreen.js ×

File: ../../.yarn/berry/cache/@rspress-core-npm-2.0.3-c87d0adf5b-10c0.zip/node_modules/@rspress/core/dist/theme/components/NavScreen/NavScreenAppearance.js:1:1-57
  × Module not found: Can't resolve 'react/jsx-runtime' in '/home/dev/.yarn/berry/cache/@rspress-core-npm-2.0.3-c87d0adf5b-10c0.zip/node_modules/@rspress/core/dist/theme/components/NavScreen'
   ╭─[1:0]
 1 │ import { Fragment, jsx, jsxs } from "react/jsx-runtime";
   · ────────────────────────────────────────────────────────
 2 │ import { NoSSR, useI18n, useSite } from "@rspress/core/runtime";
 3 │ import { SwitchAppearance } from "@theme";
   ╰────
Import traces (entry → error):
  ../../.yarn/berry/cache/@rspress-core-npm-2.0.3-c87d0adf5b-10c0.zip/node_modules/@rspress/core/dist/theme/index.js
  ../../.yarn/berry/cache/@rspress-core-npm-2.0.3-c87d0adf5b-10c0.zip/node_modules/@rspress/core/dist/theme/components/NavHamburger/index.js
  ../../.yarn/berry/cache/@rspress-core-npm-2.0.3-c87d0adf5b-10c0.zip/node_modules/@rspress/core/dist/theme/components/NavScreen/NavScreenAppearance.js ×

File: ../../.yarn/berry/cache/@rspress-core-npm-2.0.3-c87d0adf5b-10c0.zip/node_modules/@rspress/core/dist/theme/components/NavScreen/NavScreenLangs.js:1:1-57
  × Module not found: Can't resolve 'react/jsx-runtime' in '/home/dev/.yarn/berry/cache/@rspress-core-npm-2.0.3-c87d0adf5b-10c0.zip/node_modules/@rspress/core/dist/theme/components/NavScreen'
   ╭─[1:0]
 1 │ import { Fragment, jsx, jsxs } from "react/jsx-runtime";
   · ────────────────────────────────────────────────────────
 2 │ import { useState } from "react";
 3 │ import { useLangsMenu } from "../Nav/hooks.js";
   ╰────
Import traces (entry → error):
  ../../.yarn/berry/cache/@rspress-core-npm-2.0.3-c87d0adf5b-10c0.zip/node_modules/@rspress/core/dist/theme/index.js
  ../../.yarn/berry/cache/@rspress-core-npm-2.0.3-c87d0adf5b-10c0.zip/node_modules/@rspress/core/dist/theme/components/NavHamburger/index.js
  ../../.yarn/berry/cache/@rspress-core-npm-2.0.3-c87d0adf5b-10c0.zip/node_modules/@rspress/core/dist/theme/components/NavScreen/NavScreenLangs.js ×

File: ../../.yarn/berry/cache/@rspress-core-npm-2.0.3-c87d0adf5b-10c0.zip/node_modules/@rspress/core/dist/theme/components/NavScreen/NavScreenLangs.js:2:1-34
  × Module not found: Can't resolve 'react' in '/home/dev/.yarn/berry/cache/@rspress-core-npm-2.0.3-c87d0adf5b-10c0.zip/node_modules/@rspress/core/dist/theme/components/NavScreen'
   ╭─[2:0]
 1 │ import { Fragment, jsx, jsxs } from "react/jsx-runtime";
 2 │ import { useState } from "react";
   · ─────────────────────────────────
 3 │ import { useLangsMenu } from "../Nav/hooks.js";
 4 │ import "./NavScreenLangs.css";
   ╰────
Import traces (entry → error):
  ../../.yarn/berry/cache/@rspress-core-npm-2.0.3-c87d0adf5b-10c0.zip/node_modules/@rspress/core/dist/theme/index.js
  ../../.yarn/berry/cache/@rspress-core-npm-2.0.3-c87d0adf5b-10c0.zip/node_modules/@rspress/core/dist/theme/components/NavHamburger/index.js
  ../../.yarn/berry/cache/@rspress-core-npm-2.0.3-c87d0adf5b-10c0.zip/node_modules/@rspress/core/dist/theme/components/NavScreen/NavScreenLangs.js ×

File: ../../.yarn/berry/cache/@rspress-core-npm-2.0.3-c87d0adf5b-10c0.zip/node_modules/@rspress/core/dist/theme/components/NavScreen/NavScreenLangs.js:7:1-25
  × Module not found: Can't resolve 'clsx' in '/home/dev/.yarn/berry/cache/@rspress-core-npm-2.0.3-c87d0adf5b-10c0.zip/node_modules/@rspress/core/dist/theme/components/NavScreen'
   ╭─[7:0]
 5 │ import { useI18n } from "@rspress/core/runtime";
 6 │ import { Link } from "@theme";
 7 │ import clsx from "clsx";
   · ────────────────────────
 8 │ import { SvgDown } from "./NavScreenMenuItem.js";
 9 │ function NavScreenLangs() {
   ╰────
Import traces (entry → error):
  ../../.yarn/berry/cache/@rspress-core-npm-2.0.3-c87d0adf5b-10c0.zip/node_modules/@rspress/core/dist/theme/index.js
  ../../.yarn/berry/cache/@rspress-core-npm-2.0.3-c87d0adf5b-10c0.zip/node_modules/@rspress/core/dist/theme/components/NavHamburger/index.js
  ../../.yarn/berry/cache/@rspress-core-npm-2.0.3-c87d0adf5b-10c0.zip/node_modules/@rspress/core/dist/theme/components/NavScreen/NavScreenLangs.js ×

File: ../../.yarn/berry/cache/@rspress-core-npm-2.0.3-c87d0adf5b-10c0.zip/node_modules/@rspress/core/dist/theme/components/NavScreen/NavScreenMenu.js:1:1-51
  × Module not found: Can't resolve 'react/jsx-runtime' in '/home/dev/.yarn/berry/cache/@rspress-core-npm-2.0.3-c87d0adf5b-10c0.zip/node_modules/@rspress/core/dist/theme/components/NavScreen'
   ╭─[1:0]
 1 │ import { Fragment, jsx } from "react/jsx-runtime";
   · ──────────────────────────────────────────────────
 2 │ import { NavScreenMenuItem } from "./NavScreenMenuItem.js";
 3 │ import "./NavScreenMenu.css";
   ╰────
Import traces (entry → error):
  ../../.yarn/berry/cache/@rspress-core-npm-2.0.3-c87d0adf5b-10c0.zip/node_modules/@rspress/core/dist/theme/index.js
  ../../.yarn/berry/cache/@rspress-core-npm-2.0.3-c87d0adf5b-10c0.zip/node_modules/@rspress/core/dist/theme/components/NavHamburger/index.js
  ../../.yarn/berry/cache/@rspress-core-npm-2.0.3-c87d0adf5b-10c0.zip/node_modules/@rspress/core/dist/theme/components/NavScreen/index.js
  ../../.yarn/berry/cache/@rspress-core-npm-2.0.3-c87d0adf5b-10c0.zip/node_modules/@rspress/core/dist/theme/components/NavScreen/NavScreenMenu.js ×

File: ../../.yarn/berry/cache/@rspress-core-npm-2.0.3-c87d0adf5b-10c0.zip/node_modules/@rspress/core/dist/theme/components/NavScreen/NavScreenMenuItem.js:1:1-57
  × Module not found: Can't resolve 'react/jsx-runtime' in '/home/dev/.yarn/berry/cache/@rspress-core-npm-2.0.3-c87d0adf5b-10c0.zip/node_modules/@rspress/core/dist/theme/components/NavScreen'
   ╭─[1:0]
 1 │ import { Fragment, jsx, jsxs } from "react/jsx-runtime";
   · ────────────────────────────────────────────────────────
 2 │ import { matchNavbar, useLocation } from "@rspress/core/runtime";
 3 │ import { IconArrowDown, Link, SvgWrapper, Tag } from "@theme";
   ╰────
Import traces (entry → error):
  ../../.yarn/berry/cache/@rspress-core-npm-2.0.3-c87d0adf5b-10c0.zip/node_modules/@rspress/core/dist/theme/index.js
  ../../.yarn/berry/cache/@rspress-core-npm-2.0.3-c87d0adf5b-10c0.zip/node_modules/@rspress/core/dist/theme/components/NavHamburger/index.js
  ../../.yarn/berry/cache/@rspress-core-npm-2.0.3-c87d0adf5b-10c0.zip/node_modules/@rspress/core/dist/theme/components/NavScreen/NavScreenLangs.js
  ../../.yarn/berry/cache/@rspress-core-npm-2.0.3-c87d0adf5b-10c0.zip/node_modules/@rspress/core/dist/theme/components/NavScreen/NavScreenMenuItem.js ×

File: ../../.yarn/berry/cache/@rspress-core-npm-2.0.3-c87d0adf5b-10c0.zip/node_modules/@rspress/core/dist/theme/components/NavScreen/NavScreenMenuItem.js:4:1-25
  × Module not found: Can't resolve 'clsx' in '/home/dev/.yarn/berry/cache/@rspress-core-npm-2.0.3-c87d0adf5b-10c0.zip/node_modules/@rspress/core/dist/theme/components/NavScreen'
   ╭─[4:0]
 2 │ import { matchNavbar, useLocation } from "@rspress/core/runtime";
 3 │ import { IconArrowDown, Link, SvgWrapper, Tag } from "@theme";
 4 │ import clsx from "clsx";
   · ────────────────────────
 5 │ import { useMemo, useState } from "react";
 6 │ import "./NavScreenMenuItem.css";
   ╰────
Import traces (entry → error):
  ../../.yarn/berry/cache/@rspress-core-npm-2.0.3-c87d0adf5b-10c0.zip/node_modules/@rspress/core/dist/theme/index.js
  ../../.yarn/berry/cache/@rspress-core-npm-2.0.3-c87d0adf5b-10c0.zip/node_modules/@rspress/core/dist/theme/components/NavHamburger/index.js
  ../../.yarn/berry/cache/@rspress-core-npm-2.0.3-c87d0adf5b-10c0.zip/node_modules/@rspress/core/dist/theme/components/NavScreen/NavScreenLangs.js
  ../../.yarn/berry/cache/@rspress-core-npm-2.0.3-c87d0adf5b-10c0.zip/node_modules/@rspress/core/dist/theme/components/NavScreen/NavScreenMenuItem.js ×

File: ../../.yarn/berry/cache/@rspress-core-npm-2.0.3-c87d0adf5b-10c0.zip/node_modules/@rspress/core/dist/theme/components/NavScreen/NavScreenMenuItem.js:5:1-43
  × Module not found: Can't resolve 'react' in '/home/dev/.yarn/berry/cache/@rspress-core-npm-2.0.3-c87d0adf5b-10c0.zip/node_modules/@rspress/core/dist/theme/components/NavScreen'
   ╭─[5:0]
 3 │ import { IconArrowDown, Link, SvgWrapper, Tag } from "@theme";
 4 │ import clsx from "clsx";
 5 │ import { useMemo, useState } from "react";
   · ──────────────────────────────────────────
 6 │ import "./NavScreenMenuItem.css";
 7 │ const SvgDown = (props)=>/*#__PURE__*/ jsx(SvgWrapper, {
   ╰────
Import traces (entry → error):
  ../../.yarn/berry/cache/@rspress-core-npm-2.0.3-c87d0adf5b-10c0.zip/node_modules/@rspress/core/dist/theme/index.js
  ../../.yarn/berry/cache/@rspress-core-npm-2.0.3-c87d0adf5b-10c0.zip/node_modules/@rspress/core/dist/theme/components/NavHamburger/index.js
  ../../.yarn/berry/cache/@rspress-core-npm-2.0.3-c87d0adf5b-10c0.zip/node_modules/@rspress/core/dist/theme/components/NavScreen/NavScreenLangs.js
  ../../.yarn/berry/cache/@rspress-core-npm-2.0.3-c87d0adf5b-10c0.zip/node_modules/@rspress/core/dist/theme/components/NavScreen/NavScreenMenuItem.js ×

File: ../../.yarn/berry/cache/@rspress-core-npm-2.0.3-c87d0adf5b-10c0.zip/node_modules/@rspress/core/dist/theme/components/NavScreen/NavScreenMenuItem.js:43:26-37
  × ESModulesLinkingError: export 'useLocation' (imported as 'useLocation') was not found in '@rspress/core/runtime' (possible exports: Content, NoSSR, PageContext, ThemeContext, addLeadingSlash, addTrailingSlash, cleanUrlByConfig, getSidebarDataGroup, isActive, isEqualPath, isProduction, normalizeHrefInRuntime, normalizeImagePath, pathnameToRouteService, preloadLink, removeBase, removeTrailingSlash, routePathToMdPath, useActiveMatcher, useDark, useFrontmatter, useI18n, useLang, useLocaleSiteData, useNav, usePage, usePageData, useSidebar, useSidebarDynamic, useSite, useVersion, useWindowSize, withBase)
    ╭─[43:25]
 41 │ }
 42 │ function NavScreenMenuItemWithLink({ menuItem }) {
 43 │     const { pathname } = useLocation();
    ·                          ───────────
 44 │     const isActive = useMemo(()=>matchNavbar(menuItem, pathname), [
 45 │         menuItem,
    ╰────
Import traces (entry → error):
  ../../.yarn/berry/cache/@rspress-core-npm-2.0.3-c87d0adf5b-10c0.zip/node_modules/@rspress/core/dist/theme/index.js
  ../../.yarn/berry/cache/@rspress-core-npm-2.0.3-c87d0adf5b-10c0.zip/node_modules/@rspress/core/dist/theme/components/NavHamburger/index.js
  ../../.yarn/berry/cache/@rspress-core-npm-2.0.3-c87d0adf5b-10c0.zip/node_modules/@rspress/core/dist/theme/components/NavScreen/NavScreenLangs.js
  ../../.yarn/berry/cache/@rspress-core-npm-2.0.3-c87d0adf5b-10c0.zip/node_modules/@rspress/core/dist/theme/components/NavScreen/NavScreenMenuItem.js ×

File: ../../.yarn/berry/cache/@rspress-core-npm-2.0.3-c87d0adf5b-10c0.zip/node_modules/@rspress/core/dist/theme/components/NavScreen/NavScreenMenuItem.js:44:34-45
  × ESModulesLinkingError: export 'matchNavbar' (imported as 'matchNavbar') was not found in '@rspress/core/runtime' (possible exports: Content, NoSSR, PageContext, ThemeContext, addLeadingSlash, addTrailingSlash, cleanUrlByConfig, getSidebarDataGroup, isActive, isEqualPath, isProduction, normalizeHrefInRuntime, normalizeImagePath, pathnameToRouteService, preloadLink, removeBase, removeTrailingSlash, routePathToMdPath, useActiveMatcher, useDark, useFrontmatter, useI18n, useLang, useLocaleSiteData, useNav, usePage, usePageData, useSidebar, useSidebarDynamic, useSite, useVersion, useWindowSize, withBase)
    ╭─[44:33]
 42 │ function NavScreenMenuItemWithLink({ menuItem }) {
 43 │     const { pathname } = useLocation();
 44 │     const isActive = useMemo(()=>matchNavbar(menuItem, pathname), [
    ·                                  ───────────
 45 │         menuItem,
 46 │         pathname
    ╰────
Import traces (entry → error):
  ../../.yarn/berry/cache/@rspress-core-npm-2.0.3-c87d0adf5b-10c0.zip/node_modules/@rspress/core/dist/theme/index.js
  ../../.yarn/berry/cache/@rspress-core-npm-2.0.3-c87d0adf5b-10c0.zip/node_modules/@rspress/core/dist/theme/components/NavHamburger/index.js
  ../../.yarn/berry/cache/@rspress-core-npm-2.0.3-c87d0adf5b-10c0.zip/node_modules/@rspress/core/dist/theme/components/NavScreen/NavScreenLangs.js
  ../../.yarn/berry/cache/@rspress-core-npm-2.0.3-c87d0adf5b-10c0.zip/node_modules/@rspress/core/dist/theme/components/NavScreen/NavScreenMenuItem.js ×

File: ../../.yarn/berry/cache/@rspress-core-npm-2.0.3-c87d0adf5b-10c0.zip/node_modules/@rspress/core/dist/theme/components/NavScreen/NavScreenVersions.js:1:1-57
  × Module not found: Can't resolve 'react/jsx-runtime' in '/home/dev/.yarn/berry/cache/@rspress-core-npm-2.0.3-c87d0adf5b-10c0.zip/node_modules/@rspress/core/dist/theme/components/NavScreen'
   ╭─[1:0]
 1 │ import { Fragment, jsx, jsxs } from "react/jsx-runtime";
   · ────────────────────────────────────────────────────────
 2 │ import { useState } from "react";
 3 │ import { useVersionsMenu } from "../Nav/hooks.js";
   ╰────
Import traces (entry → error):
  ../../.yarn/berry/cache/@rspress-core-npm-2.0.3-c87d0adf5b-10c0.zip/node_modules/@rspress/core/dist/theme/index.js
  ../../.yarn/berry/cache/@rspress-core-npm-2.0.3-c87d0adf5b-10c0.zip/node_modules/@rspress/core/dist/theme/components/NavHamburger/index.js
  ../../.yarn/berry/cache/@rspress-core-npm-2.0.3-c87d0adf5b-10c0.zip/node_modules/@rspress/core/dist/theme/components/NavScreen/index.js
  ../../.yarn/berry/cache/@rspress-core-npm-2.0.3-c87d0adf5b-10c0.zip/node_modules/@rspress/core/dist/theme/components/NavScreen/NavScreenVersions.js ×

File: ../../.yarn/berry/cache/@rspress-core-npm-2.0.3-c87d0adf5b-10c0.zip/node_modules/@rspress/core/dist/theme/components/NavScreen/NavScreenVersions.js:2:1-34
  × Module not found: Can't resolve 'react' in '/home/dev/.yarn/berry/cache/@rspress-core-npm-2.0.3-c87d0adf5b-10c0.zip/node_modules/@rspress/core/dist/theme/components/NavScreen'
   ╭─[2:0]
 1 │ import { Fragment, jsx, jsxs } from "react/jsx-runtime";
 2 │ import { useState } from "react";
   · ─────────────────────────────────
 3 │ import { useVersionsMenu } from "../Nav/hooks.js";
 4 │ import "./NavScreenVersions.css";
   ╰────
Import traces (entry → error):
  ../../.yarn/berry/cache/@rspress-core-npm-2.0.3-c87d0adf5b-10c0.zip/node_modules/@rspress/core/dist/theme/index.js
  ../../.yarn/berry/cache/@rspress-core-npm-2.0.3-c87d0adf5b-10c0.zip/node_modules/@rspress/core/dist/theme/components/NavHamburger/index.js
  ../../.yarn/berry/cache/@rspress-core-npm-2.0.3-c87d0adf5b-10c0.zip/node_modules/@rspress/core/dist/theme/components/NavScreen/index.js
  ../../.yarn/berry/cache/@rspress-core-npm-2.0.3-c87d0adf5b-10c0.zip/node_modules/@rspress/core/dist/theme/components/NavScreen/NavScreenVersions.js ×

File: ../../.yarn/berry/cache/@rspress-core-npm-2.0.3-c87d0adf5b-10c0.zip/node_modules/@rspress/core/dist/theme/components/NavScreen/NavScreenVersions.js:7:1-25
  × Module not found: Can't resolve 'clsx' in '/home/dev/.yarn/berry/cache/@rspress-core-npm-2.0.3-c87d0adf5b-10c0.zip/node_modules/@rspress/core/dist/theme/components/NavScreen'
   ╭─[7:0]
 5 │ import { useI18n } from "@rspress/core/runtime";
 6 │ import { Link } from "@theme";
 7 │ import clsx from "clsx";
   · ────────────────────────
 8 │ import { SvgDown } from "./NavScreenMenuItem.js";
 9 │ function NavScreenVersions() {
   ╰────
Import traces (entry → error):
  ../../.yarn/berry/cache/@rspress-core-npm-2.0.3-c87d0adf5b-10c0.zip/node_modules/@rspress/core/dist/theme/index.js
  ../../.yarn/berry/cache/@rspress-core-npm-2.0.3-c87d0adf5b-10c0.zip/node_modules/@rspress/core/dist/theme/components/NavHamburger/index.js
  ../../.yarn/berry/cache/@rspress-core-npm-2.0.3-c87d0adf5b-10c0.zip/node_modules/@rspress/core/dist/theme/components/NavScreen/index.js
  ../../.yarn/berry/cache/@rspress-core-npm-2.0.3-c87d0adf5b-10c0.zip/node_modules/@rspress/core/dist/theme/components/NavScreen/NavScreenVersions.js ×

File: ../../.yarn/berry/cache/@rspress-core-npm-2.0.3-c87d0adf5b-10c0.zip/node_modules/@rspress/core/dist/theme/components/NavScreen/index.js:1:1-47
  × Module not found: Can't resolve 'react/jsx-runtime' in '/home/dev/.yarn/berry/cache/@rspress-core-npm-2.0.3-c87d0adf5b-10c0.zip/node_modules/@rspress/core/dist/theme/components/NavScreen'
   ╭─[1:0]
 1 │ import { jsx, jsxs } from "react/jsx-runtime";
   · ──────────────────────────────────────────────
 2 │ import { useNav } from "@rspress/core/runtime";
 3 │ import { SocialLinks } from "@theme";
   ╰────
Import traces (entry → error):
  ../../.yarn/berry/cache/@rspress-core-npm-2.0.3-c87d0adf5b-10c0.zip/node_modules/@rspress/core/dist/theme/index.js
  ../../.yarn/berry/cache/@rspress-core-npm-2.0.3-c87d0adf5b-10c0.zip/node_modules/@rspress/core/dist/theme/components/NavHamburger/index.js
  ../../.yarn/berry/cache/@rspress-core-npm-2.0.3-c87d0adf5b-10c0.zip/node_modules/@rspress/core/dist/theme/components/NavScreen/index.js ×

File: ../../.yarn/berry/cache/@rspress-core-npm-2.0.3-c87d0adf5b-10c0.zip/node_modules/@rspress/core/dist/theme/components/NavScreen/index.js:4:1-79
  × Module not found: Can't resolve 'body-scroll-lock' in '/home/dev/.yarn/berry/cache/@rspress-core-npm-2.0.3-c87d0adf5b-10c0.zip/node_modules/@rspress/core/dist/theme/components/NavScreen'
   ╭─[4:0]
 2 │ import { useNav } from "@rspress/core/runtime";
 3 │ import { SocialLinks } from "@theme";
 4 │ import { clearAllBodyScrollLocks, disableBodyScroll } from "body-scroll-lock";
   · ──────────────────────────────────────────────────────────────────────────────
 5 │ import clsx from "clsx";
 6 │ import { useEffect, useRef } from "react";
   ╰────
Import traces (entry → error):
  ../../.yarn/berry/cache/@rspress-core-npm-2.0.3-c87d0adf5b-10c0.zip/node_modules/@rspress/core/dist/theme/index.js
  ../../.yarn/berry/cache/@rspress-core-npm-2.0.3-c87d0adf5b-10c0.zip/node_modules/@rspress/core/dist/theme/components/NavHamburger/index.js
  ../../.yarn/berry/cache/@rspress-core-npm-2.0.3-c87d0adf5b-10c0.zip/node_modules/@rspress/core/dist/theme/components/NavScreen/index.js ×

File: ../../.yarn/berry/cache/@rspress-core-npm-2.0.3-c87d0adf5b-10c0.zip/node_modules/@rspress/core/dist/theme/components/NavScreen/index.js:5:1-25
  × Module not found: Can't resolve 'clsx' in '/home/dev/.yarn/berry/cache/@rspress-core-npm-2.0.3-c87d0adf5b-10c0.zip/node_modules/@rspress/core/dist/theme/components/NavScreen'
   ╭─[5:0]
 3 │ import { SocialLinks } from "@theme";
 4 │ import { clearAllBodyScrollLocks, disableBodyScroll } from "body-scroll-lock";
 5 │ import clsx from "clsx";
   · ────────────────────────
 6 │ import { useEffect, useRef } from "react";
 7 │ import "./index.css";
   ╰────
Import traces (entry → error):
  ../../.yarn/berry/cache/@rspress-core-npm-2.0.3-c87d0adf5b-10c0.zip/node_modules/@rspress/core/dist/theme/index.js
  ../../.yarn/berry/cache/@rspress-core-npm-2.0.3-c87d0adf5b-10c0.zip/node_modules/@rspress/core/dist/theme/components/NavHamburger/index.js
  ../../.yarn/berry/cache/@rspress-core-npm-2.0.3-c87d0adf5b-10c0.zip/node_modules/@rspress/core/dist/theme/components/NavScreen/index.js ×

File: ../../.yarn/berry/cache/@rspress-core-npm-2.0.3-c87d0adf5b-10c0.zip/node_modules/@rspress/core/dist/theme/components/NavScreen/index.js:6:1-43
  × Module not found: Can't resolve 'react' in '/home/dev/.yarn/berry/cache/@rspress-core-npm-2.0.3-c87d0adf5b-10c0.zip/node_modules/@rspress/core/dist/theme/components/NavScreen'
   ╭─[6:0]
 4 │ import { clearAllBodyScrollLocks, disableBodyScroll } from "body-scroll-lock";
 5 │ import clsx from "clsx";
 6 │ import { useEffect, useRef } from "react";
   · ──────────────────────────────────────────
 7 │ import "./index.css";
 8 │ import { NavScreenAppearance } from "./NavScreenAppearance.js";
   ╰────
Import traces (entry → error):
  ../../.yarn/berry/cache/@rspress-core-npm-2.0.3-c87d0adf5b-10c0.zip/node_modules/@rspress/core/dist/theme/index.js
  ../../.yarn/berry/cache/@rspress-core-npm-2.0.3-c87d0adf5b-10c0.zip/node_modules/@rspress/core/dist/theme/components/NavHamburger/index.js
  ../../.yarn/berry/cache/@rspress-core-npm-2.0.3-c87d0adf5b-10c0.zip/node_modules/@rspress/core/dist/theme/components/NavScreen/index.js ×

File: ../../.yarn/berry/cache/@rspress-core-npm-2.0.3-c87d0adf5b-10c0.zip/node_modules/@rspress/core/dist/theme/components/NavTitle/index.js:1:1-57
  × Module not found: Can't resolve 'react/jsx-runtime' in '/home/dev/.yarn/berry/cache/@rspress-core-npm-2.0.3-c87d0adf5b-10c0.zip/node_modules/@rspress/core/dist/theme/components/NavTitle'
   ╭─[1:0]
 1 │ import { Fragment, jsx, jsxs } from "react/jsx-runtime";
   · ────────────────────────────────────────────────────────
 2 │ import { addLeadingSlash, addTrailingSlash, normalizeImagePath, useLang, useSite } from "@rspress/core/runtime";
 3 │ import { Link } from "@theme";
   ╰────
Import traces (entry → error):
  ../../.yarn/berry/cache/@rspress-core-npm-2.0.3-c87d0adf5b-10c0.zip/node_modules/@rspress/core/dist/theme/index.js
  ../../.yarn/berry/cache/@rspress-core-npm-2.0.3-c87d0adf5b-10c0.zip/node_modules/@rspress/core/dist/theme/components/NavTitle/index.js ×

File: ../../.yarn/berry/cache/@rspress-core-npm-2.0.3-c87d0adf5b-10c0.zip/node_modules/@rspress/core/dist/theme/components/NavTitle/index.js:4:1-33
  × Module not found: Can't resolve 'react' in '/home/dev/.yarn/berry/cache/@rspress-core-npm-2.0.3-c87d0adf5b-10c0.zip/node_modules/@rspress/core/dist/theme/components/NavTitle'
   ╭─[4:0]
 2 │ import { addLeadingSlash, addTrailingSlash, normalizeImagePath, useLang, useSite } from "@rspress/core/runtime";
 3 │ import { Link } from "@theme";
 4 │ import { useMemo } from "react";
   · ────────────────────────────────
 5 │ import "./index.css";
 6 │ const NavTitle = ()=>{
   ╰────
Import traces (entry → error):
  ../../.yarn/berry/cache/@rspress-core-npm-2.0.3-c87d0adf5b-10c0.zip/node_modules/@rspress/core/dist/theme/index.js
  ../../.yarn/berry/cache/@rspress-core-npm-2.0.3-c87d0adf5b-10c0.zip/node_modules/@rspress/core/dist/theme/components/NavTitle/index.js ×

File: ../../.yarn/berry/cache/@rspress-core-npm-2.0.3-c87d0adf5b-10c0.zip/node_modules/@rspress/core/dist/theme/components/Outline/ScrollToTop.js:1:1-47
  × Module not found: Can't resolve 'react/jsx-runtime' in '/home/dev/.yarn/berry/cache/@rspress-core-npm-2.0.3-c87d0adf5b-10c0.zip/node_modules/@rspress/core/dist/theme/components/Outline'
   ╭─[1:0]
 1 │ import { jsx, jsxs } from "react/jsx-runtime";
   · ──────────────────────────────────────────────
 2 │ import { useI18n } from "@rspress/core/runtime";
 3 │ import "./ScrollToTop.css";
   ╰────
Import traces (entry → error):
  ../../.yarn/berry/cache/@rspress-core-npm-2.0.3-c87d0adf5b-10c0.zip/node_modules/@rspress/core/dist/theme/index.js
  ../../.yarn/berry/cache/@rspress-core-npm-2.0.3-c87d0adf5b-10c0.zip/node_modules/@rspress/core/dist/theme/components/Outline/index.js
  ../../.yarn/berry/cache/@rspress-core-npm-2.0.3-c87d0adf5b-10c0.zip/node_modules/@rspress/core/dist/theme/components/Outline/ScrollToTop.js ×

File: ../../.yarn/berry/cache/@rspress-core-npm-2.0.3-c87d0adf5b-10c0.zip/node_modules/@rspress/core/dist/theme/components/Outline/index.js:1:1-57
  × Module not found: Can't resolve 'react/jsx-runtime' in '/home/dev/.yarn/berry/cache/@rspress-core-npm-2.0.3-c87d0adf5b-10c0.zip/node_modules/@rspress/core/dist/theme/components/Outline'
   ╭─[1:0]
 1 │ import { Fragment, jsx, jsxs } from "react/jsx-runtime";
   · ────────────────────────────────────────────────────────
 2 │ import { useI18n, useSite } from "@rspress/core/runtime";
 3 │ import { ReadPercent, Toc, useDynamicToc } from "@theme";
   ╰────
Import traces (entry → error):
  ../../.yarn/berry/cache/@rspress-core-npm-2.0.3-c87d0adf5b-10c0.zip/node_modules/@rspress/core/dist/theme/index.js
  ../../.yarn/berry/cache/@rspress-core-npm-2.0.3-c87d0adf5b-10c0.zip/node_modules/@rspress/core/dist/theme/components/Outline/index.js ×

File: ../../.yarn/berry/cache/@rspress-core-npm-2.0.3-c87d0adf5b-10c0.zip/node_modules/@rspress/core/dist/theme/components/Overview/index.js:1:1-57
  × Module not found: Can't resolve 'react/jsx-runtime' in '/home/dev/.yarn/berry/cache/@rspress-core-npm-2.0.3-c87d0adf5b-10c0.zip/node_modules/@rspress/core/dist/theme/components/Overview'
   ╭─[1:0]
 1 │ import { Fragment, jsx, jsxs } from "react/jsx-runtime";
   · ────────────────────────────────────────────────────────
 2 │ import { isEqualPath, useI18n, usePageData, useSidebar } from "@rspress/core/runtime";
 3 │ import { FallbackHeading, OverviewGroup } from "@theme";
   ╰────
Import traces (entry → error):
  ../../.yarn/berry/cache/@rspress-core-npm-2.0.3-c87d0adf5b-10c0.zip/node_modules/@rspress/core/dist/theme/index.js
  ../../.yarn/berry/cache/@rspress-core-npm-2.0.3-c87d0adf5b-10c0.zip/node_modules/@rspress/core/dist/theme/components/Overview/index.js ×

File: ../../.yarn/berry/cache/@rspress-core-npm-2.0.3-c87d0adf5b-10c0.zip/node_modules/@rspress/core/dist/theme/components/Overview/index.js:4:1-62
  × Module not found: Can't resolve 'react' in '/home/dev/.yarn/berry/cache/@rspress-core-npm-2.0.3-c87d0adf5b-10c0.zip/node_modules/@rspress/core/dist/theme/components/Overview'
   ╭─[4:0]
 2 │ import { isEqualPath, useI18n, usePageData, useSidebar } from "@rspress/core/runtime";
 3 │ import { FallbackHeading, OverviewGroup } from "@theme";
 4 │ import { useEffect, useMemo, useRef, useState } from "react";
   · ─────────────────────────────────────────────────────────────
 5 │ import { isSidebarDivider, isSidebarSectionHeader, isSidebarSingleFile } from "../Sidebar/utils.js";
 6 │ import "./index.css";
   ╰────
Import traces (entry → error):
  ../../.yarn/berry/cache/@rspress-core-npm-2.0.3-c87d0adf5b-10c0.zip/node_modules/@rspress/core/dist/theme/index.js
  ../../.yarn/berry/cache/@rspress-core-npm-2.0.3-c87d0adf5b-10c0.zip/node_modules/@rspress/core/dist/theme/components/Overview/index.js ×

File: ../../.yarn/berry/cache/@rspress-core-npm-2.0.3-c87d0adf5b-10c0.zip/node_modules/@rspress/core/dist/theme/components/Overview/utils.js:4:12-25
  × ESModulesLinkingError: export 'normalizeHref' (imported as 'normalizeHref') was not found in '@rspress/core/runtime' (possible exports: Content, NoSSR, PageContext, ThemeContext, addLeadingSlash, addTrailingSlash, cleanUrlByConfig, getSidebarDataGroup, isActive, isEqualPath, isProduction, normalizeHrefInRuntime, normalizeImagePath, pathnameToRouteService, preloadLink, removeBase, removeTrailingSlash, routePathToMdPath, useActiveMatcher, useDark, useFrontmatter, useI18n, useLang, useLocaleSiteData, useNav, usePage, usePageData, useSidebar, useSidebarDynamic, useSite, useVersion, useWindowSize, withBase)
   ╭─[4:11]
 2 │ import { isSidebarDivider, isSidebarSectionHeader } from "../Sidebar/utils.js";
 3 │ function removeIndex(link) {
 4 │     return normalizeHref(link, true);
   ·            ─────────────
 5 │ }
 6 │ function findItemByRoutePath(items, routePath) {
   ╰────
Import traces (entry → error):
  ../../.yarn/berry/cache/@rspress-core-npm-2.0.3-c87d0adf5b-10c0.zip/node_modules/@rspress/core/dist/theme/index.js
  ../../.yarn/berry/cache/@rspress-core-npm-2.0.3-c87d0adf5b-10c0.zip/node_modules/@rspress/core/dist/theme/components/Overview/index.js
  ../../.yarn/berry/cache/@rspress-core-npm-2.0.3-c87d0adf5b-10c0.zip/node_modules/@rspress/core/dist/theme/components/Overview/utils.js ×

File: ../../.yarn/berry/cache/@rspress-core-npm-2.0.3-c87d0adf5b-10c0.zip/node_modules/@rspress/core/dist/theme/components/OverviewGroup/icons/plugin.js:1:1-41
  × Module not found: Can't resolve 'react/jsx-runtime' in '/home/dev/.yarn/berry/cache/@rspress-core-npm-2.0.3-c87d0adf5b-10c0.zip/node_modules/@rspress/core/dist/theme/components/OverviewGroup/icons'
   ╭─[1:0]
 1 │ import { jsx } from "react/jsx-runtime";
   · ────────────────────────────────────────
 2 │ import "react";
 3 │ const SvgPlugin = (props)=>/*#__PURE__*/ jsx("svg", {
   ╰────
Import traces (entry → error):
  ../../.yarn/berry/cache/@rspress-core-npm-2.0.3-c87d0adf5b-10c0.zip/node_modules/@rspress/core/dist/theme/index.js
  ../../.yarn/berry/cache/@rspress-core-npm-2.0.3-c87d0adf5b-10c0.zip/node_modules/@rspress/core/dist/theme/components/OverviewGroup/index.js
  ../../.yarn/berry/cache/@rspress-core-npm-2.0.3-c87d0adf5b-10c0.zip/node_modules/@rspress/core/dist/theme/components/OverviewGroup/icons/plugin.js ×

File: ../../.yarn/berry/cache/@rspress-core-npm-2.0.3-c87d0adf5b-10c0.zip/node_modules/@rspress/core/dist/theme/components/OverviewGroup/icons/plugin.js:2:1-16
  × Module not found: Can't resolve 'react' in '/home/dev/.yarn/berry/cache/@rspress-core-npm-2.0.3-c87d0adf5b-10c0.zip/node_modules/@rspress/core/dist/theme/components/OverviewGroup/icons'
   ╭─[2:0]
 1 │ import { jsx } from "react/jsx-runtime";
 2 │ import "react";
   · ───────────────
 3 │ const SvgPlugin = (props)=>/*#__PURE__*/ jsx("svg", {
 4 │         xmlns: "http://www.w3.org/2000/svg",
   ╰────
Import traces (entry → error):
  ../../.yarn/berry/cache/@rspress-core-npm-2.0.3-c87d0adf5b-10c0.zip/node_modules/@rspress/core/dist/theme/index.js
  ../../.yarn/berry/cache/@rspress-core-npm-2.0.3-c87d0adf5b-10c0.zip/node_modules/@rspress/core/dist/theme/components/OverviewGroup/index.js
  ../../.yarn/berry/cache/@rspress-core-npm-2.0.3-c87d0adf5b-10c0.zip/node_modules/@rspress/core/dist/theme/components/OverviewGroup/icons/plugin.js ×

File: ../../.yarn/berry/cache/@rspress-core-npm-2.0.3-c87d0adf5b-10c0.zip/node_modules/@rspress/core/dist/theme/components/OverviewGroup/index.js:1:1-57
  × Module not found: Can't resolve 'react/jsx-runtime' in '/home/dev/.yarn/berry/cache/@rspress-core-npm-2.0.3-c87d0adf5b-10c0.zip/node_modules/@rspress/core/dist/theme/components/OverviewGroup'
   ╭─[1:0]
 1 │ import { Fragment, jsx, jsxs } from "react/jsx-runtime";
   · ────────────────────────────────────────────────────────
 2 │ import { FallbackHeading, Link, SvgWrapper, renderInlineMarkdown } from "@theme";
 3 │ import "./index.css";
   ╰────
Import traces (entry → error):
  ../../.yarn/berry/cache/@rspress-core-npm-2.0.3-c87d0adf5b-10c0.zip/node_modules/@rspress/core/dist/theme/index.js
  ../../.yarn/berry/cache/@rspress-core-npm-2.0.3-c87d0adf5b-10c0.zip/node_modules/@rspress/core/dist/theme/components/OverviewGroup/index.js ×

File: ../../.yarn/berry/cache/@rspress-core-npm-2.0.3-c87d0adf5b-10c0.zip/node_modules/@rspress/core/dist/theme/components/OverviewGroup/index.js:5:1-33
  × Module not found: Can't resolve 'react' in '/home/dev/.yarn/berry/cache/@rspress-core-npm-2.0.3-c87d0adf5b-10c0.zip/node_modules/@rspress/core/dist/theme/components/OverviewGroup'
   ╭─[5:0]
 3 │ import "./index.css";
 4 │ import { routePathToMdPath } from "@rspress/core/runtime";
 5 │ import { useMemo } from "react";
   · ────────────────────────────────
 6 │ import icons_plugin from "./icons/plugin.js";
 7 │ function OverviewGroupMarkdown({ group }) {
   ╰────
Import traces (entry → error):
  ../../.yarn/berry/cache/@rspress-core-npm-2.0.3-c87d0adf5b-10c0.zip/node_modules/@rspress/core/dist/theme/index.js
  ../../.yarn/berry/cache/@rspress-core-npm-2.0.3-c87d0adf5b-10c0.zip/node_modules/@rspress/core/dist/theme/components/OverviewGroup/index.js ×

File: ../../.yarn/berry/cache/@rspress-core-npm-2.0.3-c87d0adf5b-10c0.zip/node_modules/@rspress/core/dist/theme/components/PackageManagerTabs/icons/Bun.js:1:1-47
  × Module not found: Can't resolve 'react/jsx-runtime' in '/home/dev/.yarn/berry/cache/@rspress-core-npm-2.0.3-c87d0adf5b-10c0.zip/node_modules/@rspress/core/dist/theme/components/PackageManagerTabs/icons'
   ╭─[1:0]
 1 │ import { jsx, jsxs } from "react/jsx-runtime";
   · ──────────────────────────────────────────────
 2 │ function Bun(props) {
 3 │     return /*#__PURE__*/ jsxs("svg", {
   ╰────
Import traces (entry → error):
  ../../.yarn/berry/cache/@rspress-core-npm-2.0.3-c87d0adf5b-10c0.zip/node_modules/@rspress/core/dist/theme/index.js
  ../../.yarn/berry/cache/@rspress-core-npm-2.0.3-c87d0adf5b-10c0.zip/node_modules/@rspress/core/dist/theme/components/PackageManagerTabs/index.js
  ../../.yarn/berry/cache/@rspress-core-npm-2.0.3-c87d0adf5b-10c0.zip/node_modules/@rspress/core/dist/theme/components/PackageManagerTabs/icons/Bun.js ×

File: ../../.yarn/berry/cache/@rspress-core-npm-2.0.3-c87d0adf5b-10c0.zip/node_modules/@rspress/core/dist/theme/components/PackageManagerTabs/icons/Deno.js:1:1-41
  × Module not found: Can't resolve 'react/jsx-runtime' in '/home/dev/.yarn/berry/cache/@rspress-core-npm-2.0.3-c87d0adf5b-10c0.zip/node_modules/@rspress/core/dist/theme/components/PackageManagerTabs/icons'
   ╭─[1:0]
 1 │ import { jsx } from "react/jsx-runtime";
   · ────────────────────────────────────────
 2 │ function Deno(props) {
 3 │     return /*#__PURE__*/ jsx("svg", {
   ╰────
Import traces (entry → error):
  ../../.yarn/berry/cache/@rspress-core-npm-2.0.3-c87d0adf5b-10c0.zip/node_modules/@rspress/core/dist/theme/index.js
  ../../.yarn/berry/cache/@rspress-core-npm-2.0.3-c87d0adf5b-10c0.zip/node_modules/@rspress/core/dist/theme/components/PackageManagerTabs/index.js
  ../../.yarn/berry/cache/@rspress-core-npm-2.0.3-c87d0adf5b-10c0.zip/node_modules/@rspress/core/dist/theme/components/PackageManagerTabs/icons/Deno.js ×

File: ../../.yarn/berry/cache/@rspress-core-npm-2.0.3-c87d0adf5b-10c0.zip/node_modules/@rspress/core/dist/theme/components/PackageManagerTabs/icons/Npm.js:1:1-47
  × Module not found: Can't resolve 'react/jsx-runtime' in '/home/dev/.yarn/berry/cache/@rspress-core-npm-2.0.3-c87d0adf5b-10c0.zip/node_modules/@rspress/core/dist/theme/components/PackageManagerTabs/icons'
   ╭─[1:0]
 1 │ import { jsx, jsxs } from "react/jsx-runtime";
   · ──────────────────────────────────────────────
 2 │ function Npm(props) {
 3 │     return /*#__PURE__*/ jsxs("svg", {
   ╰────
Import traces (entry → error):
  ../../.yarn/berry/cache/@rspress-core-npm-2.0.3-c87d0adf5b-10c0.zip/node_modules/@rspress/core/dist/theme/index.js
  ../../.yarn/berry/cache/@rspress-core-npm-2.0.3-c87d0adf5b-10c0.zip/node_modules/@rspress/core/dist/theme/components/PackageManagerTabs/index.js
  ../../.yarn/berry/cache/@rspress-core-npm-2.0.3-c87d0adf5b-10c0.zip/node_modules/@rspress/core/dist/theme/components/PackageManagerTabs/icons/Npm.js ×

File: ../../.yarn/berry/cache/@rspress-core-npm-2.0.3-c87d0adf5b-10c0.zip/node_modules/@rspress/core/dist/theme/components/PackageManagerTabs/icons/Pnpm.js:1:1-47
  × Module not found: Can't resolve 'react/jsx-runtime' in '/home/dev/.yarn/berry/cache/@rspress-core-npm-2.0.3-c87d0adf5b-10c0.zip/node_modules/@rspress/core/dist/theme/components/PackageManagerTabs/icons'
   ╭─[1:0]
 1 │ import { jsx, jsxs } from "react/jsx-runtime";
   · ──────────────────────────────────────────────
 2 │ function Pnpm(props) {
 3 │     return /*#__PURE__*/ jsxs("svg", {
   ╰────
Import traces (entry → error):
  ../../.yarn/berry/cache/@rspress-core-npm-2.0.3-c87d0adf5b-10c0.zip/node_modules/@rspress/core/dist/theme/index.js
  ../../.yarn/berry/cache/@rspress-core-npm-2.0.3-c87d0adf5b-10c0.zip/node_modules/@rspress/core/dist/theme/components/PackageManagerTabs/index.js
  ../../.yarn/berry/cache/@rspress-core-npm-2.0.3-c87d0adf5b-10c0.zip/node_modules/@rspress/core/dist/theme/components/PackageManagerTabs/icons/Pnpm.js ×

File: ../../.yarn/berry/cache/@rspress-core-npm-2.0.3-c87d0adf5b-10c0.zip/node_modules/@rspress/core/dist/theme/components/PackageManagerTabs/icons/Yarn.js:1:1-47
  × Module not found: Can't resolve 'react/jsx-runtime' in '/home/dev/.yarn/berry/cache/@rspress-core-npm-2.0.3-c87d0adf5b-10c0.zip/node_modules/@rspress/core/dist/theme/components/PackageManagerTabs/icons'
   ╭─[1:0]
 1 │ import { jsx, jsxs } from "react/jsx-runtime";
   · ──────────────────────────────────────────────
 2 │ function Yarn(props) {
 3 │     return /*#__PURE__*/ jsx("svg", {
   ╰────
Import traces (entry → error):
  ../../.yarn/berry/cache/@rspress-core-npm-2.0.3-c87d0adf5b-10c0.zip/node_modules/@rspress/core/dist/theme/index.js
  ../../.yarn/berry/cache/@rspress-core-npm-2.0.3-c87d0adf5b-10c0.zip/node_modules/@rspress/core/dist/theme/components/PackageManagerTabs/index.js
  ../../.yarn/berry/cache/@rspress-core-npm-2.0.3-c87d0adf5b-10c0.zip/node_modules/@rspress/core/dist/theme/components/PackageManagerTabs/icons/Yarn.js ×

File: ../../.yarn/berry/cache/@rspress-core-npm-2.0.3-c87d0adf5b-10c0.zip/node_modules/@rspress/core/dist/theme/components/PackageManagerTabs/index.js:1:1-47
  × Module not found: Can't resolve 'react/jsx-runtime' in '/home/dev/.yarn/berry/cache/@rspress-core-npm-2.0.3-c87d0adf5b-10c0.zip/node_modules/@rspress/core/dist/theme/components/PackageManagerTabs'
   ╭─[1:0]
 1 │ import { jsx, jsxs } from "react/jsx-runtime";
   · ──────────────────────────────────────────────
 2 │ import { Tab, Tabs, getCustomMDXComponent } from "@theme";
 3 │ import { useMemo } from "react";
   ╰────
Import traces (entry → error):
  ../../.yarn/berry/cache/@rspress-core-npm-2.0.3-c87d0adf5b-10c0.zip/node_modules/@rspress/core/dist/theme/index.js
  ../../.yarn/berry/cache/@rspress-core-npm-2.0.3-c87d0adf5b-10c0.zip/node_modules/@rspress/core/dist/theme/components/PackageManagerTabs/index.js ×

File: ../../.yarn/berry/cache/@rspress-core-npm-2.0.3-c87d0adf5b-10c0.zip/node_modules/@rspress/core/dist/theme/components/PackageManagerTabs/index.js:3:1-33
  × Module not found: Can't resolve 'react' in '/home/dev/.yarn/berry/cache/@rspress-core-npm-2.0.3-c87d0adf5b-10c0.zip/node_modules/@rspress/core/dist/theme/components/PackageManagerTabs'
   ╭─[3:0]
 1 │ import { jsx, jsxs } from "react/jsx-runtime";
 2 │ import { Tab, Tabs, getCustomMDXComponent } from "@theme";
 3 │ import { useMemo } from "react";
   · ────────────────────────────────
 4 │ import { Bun } from "./icons/Bun.js";
 5 │ import { Deno } from "./icons/Deno.js";
   ╰────
Import traces (entry → error):
  ../../.yarn/berry/cache/@rspress-core-npm-2.0.3-c87d0adf5b-10c0.zip/node_modules/@rspress/core/dist/theme/index.js
  ../../.yarn/berry/cache/@rspress-core-npm-2.0.3-c87d0adf5b-10c0.zip/node_modules/@rspress/core/dist/theme/components/PackageManagerTabs/index.js ×

File: ../../.yarn/berry/cache/@rspress-core-npm-2.0.3-c87d0adf5b-10c0.zip/node_modules/@rspress/core/dist/theme/components/PageTabs/index.js:1:1-57
  × Module not found: Can't resolve 'react/jsx-runtime' in '/home/dev/.yarn/berry/cache/@rspress-core-npm-2.0.3-c87d0adf5b-10c0.zip/node_modules/@rspress/core/dist/theme/components/PageTabs'
   ╭─[1:0]
 1 │ import { Fragment, jsx, jsxs } from "react/jsx-runtime";
   · ────────────────────────────────────────────────────────
 2 │ import { useSearchParams } from "@rspress/core/runtime";
 3 │ import clsx from "clsx";
   ╰────
Import traces (entry → error):
  ../../.yarn/berry/cache/@rspress-core-npm-2.0.3-c87d0adf5b-10c0.zip/node_modules/@rspress/core/dist/theme/index.js
  ../../.yarn/berry/cache/@rspress-core-npm-2.0.3-c87d0adf5b-10c0.zip/node_modules/@rspress/core/dist/theme/components/PageTabs/index.js ×

File: ../../.yarn/berry/cache/@rspress-core-npm-2.0.3-c87d0adf5b-10c0.zip/node_modules/@rspress/core/dist/theme/components/PageTabs/index.js:3:1-25
  × Module not found: Can't resolve 'clsx' in '/home/dev/.yarn/berry/cache/@rspress-core-npm-2.0.3-c87d0adf5b-10c0.zip/node_modules/@rspress/core/dist/theme/components/PageTabs'
   ╭─[3:0]
 1 │ import { Fragment, jsx, jsxs } from "react/jsx-runtime";
 2 │ import { useSearchParams } from "@rspress/core/runtime";
 3 │ import clsx from "clsx";
   · ────────────────────────
 4 │ import { Children, forwardRef, isValidElement, useEffect, useMemo } from "react";
 5 │ import "./index.css";
   ╰────
Import traces (entry → error):
  ../../.yarn/berry/cache/@rspress-core-npm-2.0.3-c87d0adf5b-10c0.zip/node_modules/@rspress/core/dist/theme/index.js
  ../../.yarn/berry/cache/@rspress-core-npm-2.0.3-c87d0adf5b-10c0.zip/node_modules/@rspress/core/dist/theme/components/PageTabs/index.js ×

File: ../../.yarn/berry/cache/@rspress-core-npm-2.0.3-c87d0adf5b-10c0.zip/node_modules/@rspress/core/dist/theme/components/PageTabs/index.js:4:1-82
  × Module not found: Can't resolve 'react' in '/home/dev/.yarn/berry/cache/@rspress-core-npm-2.0.3-c87d0adf5b-10c0.zip/node_modules/@rspress/core/dist/theme/components/PageTabs'
   ╭─[4:0]
 2 │ import { useSearchParams } from "@rspress/core/runtime";
 3 │ import clsx from "clsx";
 4 │ import { Children, forwardRef, isValidElement, useEffect, useMemo } from "react";
   · ─────────────────────────────────────────────────────────────────────────────────
 5 │ import "./index.css";
 6 │ function getTabValuesFromChildren(children) {
   ╰────
Import traces (entry → error):
  ../../.yarn/berry/cache/@rspress-core-npm-2.0.3-c87d0adf5b-10c0.zip/node_modules/@rspress/core/dist/theme/index.js
  ../../.yarn/berry/cache/@rspress-core-npm-2.0.3-c87d0adf5b-10c0.zip/node_modules/@rspress/core/dist/theme/components/PageTabs/index.js ×

File: ../../.yarn/berry/cache/@rspress-core-npm-2.0.3-c87d0adf5b-10c0.zip/node_modules/@rspress/core/dist/theme/components/PageTabs/index.js:19:45-60
  × ESModulesLinkingError: export 'useSearchParams' (imported as 'useSearchParams') was not found in '@rspress/core/runtime' (possible exports: Content, NoSSR, PageContext, ThemeContext, addLeadingSlash, addTrailingSlash, cleanUrlByConfig, getSidebarDataGroup, isActive, isEqualPath, isProduction, normalizeHrefInRuntime, normalizeImagePath, pathnameToRouteService, preloadLink, removeBase, removeTrailingSlash, routePathToMdPath, useActiveMatcher, useDark, useFrontmatter, useI18n, useLang, useLocaleSiteData, useNav, usePage, usePageData, useSidebar, useSidebarDynamic, useSite, useVersion, useWindowSize, withBase)
    ╭─[19:44]
 17 │ }
 18 │ function usePageTabs(id, children) {
 19 │     const [searchParams, setSearchParams] = useSearchParams();
    ·                                             ───────────────
 20 │     const tabValues = useMemo(()=>getTabValuesFromChildren(children), [
 21 │         children
    ╰────
Import traces (entry → error):
  ../../.yarn/berry/cache/@rspress-core-npm-2.0.3-c87d0adf5b-10c0.zip/node_modules/@rspress/core/dist/theme/index.js
  ../../.yarn/berry/cache/@rspress-core-npm-2.0.3-c87d0adf5b-10c0.zip/node_modules/@rspress/core/dist/theme/components/PageTabs/index.js ×

File: ../../.yarn/berry/cache/@rspress-core-npm-2.0.3-c87d0adf5b-10c0.zip/node_modules/@rspress/core/dist/theme/components/PrevNextPage/index.js:1:1-47
  × Module not found: Can't resolve 'react/jsx-runtime' in '/home/dev/.yarn/berry/cache/@rspress-core-npm-2.0.3-c87d0adf5b-10c0.zip/node_modules/@rspress/core/dist/theme/components/PrevNextPage'
   ╭─[1:0]
 1 │ import { jsx, jsxs } from "react/jsx-runtime";
   · ──────────────────────────────────────────────
 2 │ import { useI18n } from "@rspress/core/runtime";
 3 │ import { IconArrowRight, Link, SvgWrapper, renderInlineMarkdown, usePrevNextPage } from "@theme";
   ╰────
Import traces (entry → error):
  ../../.yarn/berry/cache/@rspress-core-npm-2.0.3-c87d0adf5b-10c0.zip/node_modules/@rspress/core/dist/theme/index.js
  ../../.yarn/berry/cache/@rspress-core-npm-2.0.3-c87d0adf5b-10c0.zip/node_modules/@rspress/core/dist/theme/components/PrevNextPage/index.js ×

File: ../../.yarn/berry/cache/@rspress-core-npm-2.0.3-c87d0adf5b-10c0.zip/node_modules/@rspress/core/dist/theme/components/PrevNextPage/index.js:4:1-25
  × Module not found: Can't resolve 'clsx' in '/home/dev/.yarn/berry/cache/@rspress-core-npm-2.0.3-c87d0adf5b-10c0.zip/node_modules/@rspress/core/dist/theme/components/PrevNextPage'
   ╭─[4:0]
 2 │ import { useI18n } from "@rspress/core/runtime";
 3 │ import { IconArrowRight, Link, SvgWrapper, renderInlineMarkdown, usePrevNextPage } from "@theme";
 4 │ import clsx from "clsx";
   · ────────────────────────
 5 │ import "./index.css";
 6 │ function PrevNextPage() {
   ╰────
Import traces (entry → error):
  ../../.yarn/berry/cache/@rspress-core-npm-2.0.3-c87d0adf5b-10c0.zip/node_modules/@rspress/core/dist/theme/index.js
  ../../.yarn/berry/cache/@rspress-core-npm-2.0.3-c87d0adf5b-10c0.zip/node_modules/@rspress/core/dist/theme/components/PrevNextPage/index.js ×

File: ../../.yarn/berry/cache/@rspress-core-npm-2.0.3-c87d0adf5b-10c0.zip/node_modules/@rspress/core/dist/theme/components/ReadPercent/ProgressCircle.js:1:1-47
  × Module not found: Can't resolve 'react/jsx-runtime' in '/home/dev/.yarn/berry/cache/@rspress-core-npm-2.0.3-c87d0adf5b-10c0.zip/node_modules/@rspress/core/dist/theme/components/ReadPercent'
   ╭─[1:0]
 1 │ import { jsx, jsxs } from "react/jsx-runtime";
   · ──────────────────────────────────────────────
 2 │ import clsx from "clsx";
 3 │ import "./index.css";
   ╰────
Import traces (entry → error):
  ../../.yarn/berry/cache/@rspress-core-npm-2.0.3-c87d0adf5b-10c0.zip/node_modules/@rspress/core/dist/theme/index.js
  ../../.yarn/berry/cache/@rspress-core-npm-2.0.3-c87d0adf5b-10c0.zip/node_modules/@rspress/core/dist/theme/components/ReadPercent/index.js
  ../../.yarn/berry/cache/@rspress-core-npm-2.0.3-c87d0adf5b-10c0.zip/node_modules/@rspress/core/dist/theme/components/ReadPercent/ProgressCircle.js ×

File: ../../.yarn/berry/cache/@rspress-core-npm-2.0.3-c87d0adf5b-10c0.zip/node_modules/@rspress/core/dist/theme/components/ReadPercent/ProgressCircle.js:2:1-25
  × Module not found: Can't resolve 'clsx' in '/home/dev/.yarn/berry/cache/@rspress-core-npm-2.0.3-c87d0adf5b-10c0.zip/node_modules/@rspress/core/dist/theme/components/ReadPercent'
   ╭─[2:0]
 1 │ import { jsx, jsxs } from "react/jsx-runtime";
 2 │ import clsx from "clsx";
   · ────────────────────────
 3 │ import "./index.css";
 4 │ const ProgressCircle = ({ percent, size = 100, strokeWidth = 8, strokeColor = 'var(--rp-c-brand)', backgroundColor = 'var(--rp-c-divider-light)', className })=>{
   ╰────
Import traces (entry → error):
  ../../.yarn/berry/cache/@rspress-core-npm-2.0.3-c87d0adf5b-10c0.zip/node_modules/@rspress/core/dist/theme/index.js
  ../../.yarn/berry/cache/@rspress-core-npm-2.0.3-c87d0adf5b-10c0.zip/node_modules/@rspress/core/dist/theme/components/ReadPercent/index.js
  ../../.yarn/berry/cache/@rspress-core-npm-2.0.3-c87d0adf5b-10c0.zip/node_modules/@rspress/core/dist/theme/components/ReadPercent/ProgressCircle.js ×

File: ../../.yarn/berry/cache/@rspress-core-npm-2.0.3-c87d0adf5b-10c0.zip/node_modules/@rspress/core/dist/theme/components/ReadPercent/index.js:1:1-41
  × Module not found: Can't resolve 'react/jsx-runtime' in '/home/dev/.yarn/berry/cache/@rspress-core-npm-2.0.3-c87d0adf5b-10c0.zip/node_modules/@rspress/core/dist/theme/components/ReadPercent'
   ╭─[1:0]
 1 │ import { jsx } from "react/jsx-runtime";
   · ────────────────────────────────────────
 2 │ import { ProgressCircle } from "./ProgressCircle.js";
 3 │ import { useReadPercent } from "./useReadPercent.js";
   ╰────
Import traces (entry → error):
  ../../.yarn/berry/cache/@rspress-core-npm-2.0.3-c87d0adf5b-10c0.zip/node_modules/@rspress/core/dist/theme/index.js
  ../../.yarn/berry/cache/@rspress-core-npm-2.0.3-c87d0adf5b-10c0.zip/node_modules/@rspress/core/dist/theme/components/ReadPercent/index.js ×

File: ../../.yarn/berry/cache/@rspress-core-npm-2.0.3-c87d0adf5b-10c0.zip/node_modules/@rspress/core/dist/theme/components/ReadPercent/useReadPercent.js:2:1-54
  × Module not found: Can't resolve 'react' in '/home/dev/.yarn/berry/cache/@rspress-core-npm-2.0.3-c87d0adf5b-10c0.zip/node_modules/@rspress/core/dist/theme/components/ReadPercent'
   ╭─[2:0]
 1 │ import { useWindowSize } from "@rspress/core/runtime";
 2 │ import { useEffect, useMemo, useState } from "react";
   · ─────────────────────────────────────────────────────
 3 │ const useReadPercent = ()=>{
 4 │     const [scrollTop, setScrollTop] = useState(0);
   ╰────
Import traces (entry → error):
  ../../.yarn/berry/cache/@rspress-core-npm-2.0.3-c87d0adf5b-10c0.zip/node_modules/@rspress/core/dist/theme/index.js
  ../../.yarn/berry/cache/@rspress-core-npm-2.0.3-c87d0adf5b-10c0.zip/node_modules/@rspress/core/dist/theme/components/ReadPercent/index.js
  ../../.yarn/berry/cache/@rspress-core-npm-2.0.3-c87d0adf5b-10c0.zip/node_modules/@rspress/core/dist/theme/components/ReadPercent/useReadPercent.js ×

File: ../../.yarn/berry/cache/@rspress-core-npm-2.0.3-c87d0adf5b-10c0.zip/node_modules/@rspress/core/dist/theme/components/Root/index.js:1:1-51
  × Module not found: Can't resolve 'react/jsx-runtime' in '/home/dev/.yarn/berry/cache/@rspress-core-npm-2.0.3-c87d0adf5b-10c0.zip/node_modules/@rspress/core/dist/theme/components/Root'
   ╭─[1:0]
 1 │ import { Fragment, jsx } from "react/jsx-runtime";
   · ──────────────────────────────────────────────────
 2 │ function Root({ children }) {
 3 │     return /*#__PURE__*/ jsx(Fragment, {
   ╰────
Import traces (entry → error):
  ../../.yarn/berry/cache/@rspress-core-npm-2.0.3-c87d0adf5b-10c0.zip/node_modules/@rspress/core/dist/theme/index.js
  ../../.yarn/berry/cache/@rspress-core-npm-2.0.3-c87d0adf5b-10c0.zip/node_modules/@rspress/core/dist/theme/components/Root/index.js ×

File: ../../.yarn/berry/cache/@rspress-core-npm-2.0.3-c87d0adf5b-10c0.zip/node_modules/@rspress/core/dist/theme/components/Search/NoSearchResult.js:1:1-47
  × Module not found: Can't resolve 'react/jsx-runtime' in '/home/dev/.yarn/berry/cache/@rspress-core-npm-2.0.3-c87d0adf5b-10c0.zip/node_modules/@rspress/core/dist/theme/components/Search'
   ╭─[1:0]
 1 │ import { jsx, jsxs } from "react/jsx-runtime";
   · ──────────────────────────────────────────────
 2 │ import { useI18n } from "@rspress/core/runtime";
 3 │ import { IconEmpty, SvgWrapper } from "@theme";
   ╰────
Import traces (entry → error):
  ../../.yarn/berry/cache/@rspress-core-npm-2.0.3-c87d0adf5b-10c0.zip/node_modules/@rspress/core/dist/theme/index.js
  ../../.yarn/berry/cache/@rspress-core-npm-2.0.3-c87d0adf5b-10c0.zip/node_modules/@rspress/core/dist/theme/components/Search/SearchPanel.js
  ../../.yarn/berry/cache/@rspress-core-npm-2.0.3-c87d0adf5b-10c0.zip/node_modules/@rspress/core/dist/theme/components/Search/NoSearchResult.js ×

File: ../../.yarn/berry/cache/@rspress-core-npm-2.0.3-c87d0adf5b-10c0.zip/node_modules/@rspress/core/dist/theme/components/Search/SearchButton.js:1:1-57
  × Module not found: Can't resolve 'react/jsx-runtime' in '/home/dev/.yarn/berry/cache/@rspress-core-npm-2.0.3-c87d0adf5b-10c0.zip/node_modules/@rspress/core/dist/theme/components/Search'
   ╭─[1:0]
 1 │ import { Fragment, jsx, jsxs } from "react/jsx-runtime";
   · ────────────────────────────────────────────────────────
 2 │ import { useI18n } from "@rspress/core/runtime";
 3 │ import { IconSearch, SvgWrapper } from "@theme";
   ╰────
Import traces (entry → error):
  ../../.yarn/berry/cache/@rspress-core-npm-2.0.3-c87d0adf5b-10c0.zip/node_modules/@rspress/core/dist/theme/index.js
  ../../.yarn/berry/cache/@rspress-core-npm-2.0.3-c87d0adf5b-10c0.zip/node_modules/@rspress/core/dist/theme/components/Search/SearchButton.js ×

File: ../../.yarn/berry/cache/@rspress-core-npm-2.0.3-c87d0adf5b-10c0.zip/node_modules/@rspress/core/dist/theme/components/Search/SearchButton.js:4:1-45
  × Module not found: Can't resolve 'react' in '/home/dev/.yarn/berry/cache/@rspress-core-npm-2.0.3-c87d0adf5b-10c0.zip/node_modules/@rspress/core/dist/theme/components/Search'
   ╭─[4:0]
 2 │ import { useI18n } from "@rspress/core/runtime";
 3 │ import { IconSearch, SvgWrapper } from "@theme";
 4 │ import { useEffect, useState } from "react";
   · ────────────────────────────────────────────
 5 │ import "./SearchButton.css";
 6 │ function SearchButton({ setFocused }) {
   ╰────
Import traces (entry → error):
  ../../.yarn/berry/cache/@rspress-core-npm-2.0.3-c87d0adf5b-10c0.zip/node_modules/@rspress/core/dist/theme/index.js
  ../../.yarn/berry/cache/@rspress-core-npm-2.0.3-c87d0adf5b-10c0.zip/node_modules/@rspress/core/dist/theme/components/Search/SearchButton.js ×

File: ../../.yarn/berry/cache/@rspress-core-npm-2.0.3-c87d0adf5b-10c0.zip/node_modules/@rspress/core/dist/theme/components/Search/SearchPanel.js:1:1-57
  × Module not found: Can't resolve 'react/jsx-runtime' in '/home/dev/.yarn/berry/cache/@rspress-core-npm-2.0.3-c87d0adf5b-10c0.zip/node_modules/@rspress/core/dist/theme/components/Search'
   ╭─[1:0]
 1 │ import { Fragment, jsx, jsxs } from "react/jsx-runtime";
   · ────────────────────────────────────────────────────────
 2 │ import { useI18n, usePageData } from "@rspress/core/runtime";
 3 │ import { IconClose, IconLoading, IconSearch, SvgWrapper, Tab, Tabs, useLinkNavigate } from "@theme";
   ╰────
Import traces (entry → error):
  ../../.yarn/berry/cache/@rspress-core-npm-2.0.3-c87d0adf5b-10c0.zip/node_modules/@rspress/core/dist/theme/index.js
  ../../.yarn/berry/cache/@rspress-core-npm-2.0.3-c87d0adf5b-10c0.zip/node_modules/@rspress/core/dist/theme/components/Search/SearchPanel.js ×

File: ../../.yarn/berry/cache/@rspress-core-npm-2.0.3-c87d0adf5b-10c0.zip/node_modules/@rspress/core/dist/theme/components/Search/SearchPanel.js:4:1-38
  × Module not found: Can't resolve 'lodash-es' in '/home/dev/.yarn/berry/cache/@rspress-core-npm-2.0.3-c87d0adf5b-10c0.zip/node_modules/@rspress/core/dist/theme/components/Search'
   ╭─[4:0]
 2 │ import { useI18n, usePageData } from "@rspress/core/runtime";
 3 │ import { IconClose, IconLoading, IconSearch, SvgWrapper, Tab, Tabs, useLinkNavigate } from "@theme";
 4 │ import { debounce } from "lodash-es";
   · ─────────────────────────────────────
 5 │ import { useCallback, useEffect, useRef, useState } from "react";
 6 │ import { createPortal } from "react-dom";
   ╰────
Import traces (entry → error):
  ../../.yarn/berry/cache/@rspress-core-npm-2.0.3-c87d0adf5b-10c0.zip/node_modules/@rspress/core/dist/theme/index.js
  ../../.yarn/berry/cache/@rspress-core-npm-2.0.3-c87d0adf5b-10c0.zip/node_modules/@rspress/core/dist/theme/components/Search/SearchPanel.js ×

File: ../../.yarn/berry/cache/@rspress-core-npm-2.0.3-c87d0adf5b-10c0.zip/node_modules/@rspress/core/dist/theme/components/Search/SearchPanel.js:5:1-66
  × Module not found: Can't resolve 'react' in '/home/dev/.yarn/berry/cache/@rspress-core-npm-2.0.3-c87d0adf5b-10c0.zip/node_modules/@rspress/core/dist/theme/components/Search'
   ╭─[5:0]
 3 │ import { IconClose, IconLoading, IconSearch, SvgWrapper, Tab, Tabs, useLinkNavigate } from "@theme";
 4 │ import { debounce } from "lodash-es";
 5 │ import { useCallback, useEffect, useRef, useState } from "react";
   · ─────────────────────────────────────────────────────────────────
 6 │ import { createPortal } from "react-dom";
 7 │ import { PageSearcher } from "./logic/search.js";
   ╰────
Import traces (entry → error):
  ../../.yarn/berry/cache/@rspress-core-npm-2.0.3-c87d0adf5b-10c0.zip/node_modules/@rspress/core/dist/theme/index.js
  ../../.yarn/berry/cache/@rspress-core-npm-2.0.3-c87d0adf5b-10c0.zip/node_modules/@rspress/core/dist/theme/components/Search/SearchPanel.js ×

File: ../../.yarn/berry/cache/@rspress-core-npm-2.0.3-c87d0adf5b-10c0.zip/node_modules/@rspress/core/dist/theme/components/Search/SearchPanel.js:6:1-42
  × Module not found: Can't resolve 'react-dom' in '/home/dev/.yarn/berry/cache/@rspress-core-npm-2.0.3-c87d0adf5b-10c0.zip/node_modules/@rspress/core/dist/theme/components/Search'
   ╭─[6:0]
 4 │ import { debounce } from "lodash-es";
 5 │ import { useCallback, useEffect, useRef, useState } from "react";
 6 │ import { createPortal } from "react-dom";
   · ─────────────────────────────────────────
 7 │ import { PageSearcher } from "./logic/search.js";
 8 │ import { RenderType } from "./logic/types.js";
   ╰────
Import traces (entry → error):
  ../../.yarn/berry/cache/@rspress-core-npm-2.0.3-c87d0adf5b-10c0.zip/node_modules/@rspress/core/dist/theme/index.js
  ../../.yarn/berry/cache/@rspress-core-npm-2.0.3-c87d0adf5b-10c0.zip/node_modules/@rspress/core/dist/theme/components/Search/SearchPanel.js ×

File: ../../.yarn/berry/cache/@rspress-core-npm-2.0.3-c87d0adf5b-10c0.zip/node_modules/@rspress/core/dist/theme/components/Search/SuggestItem.js:1:1-57
  × Module not found: Can't resolve 'react/jsx-runtime' in '/home/dev/.yarn/berry/cache/@rspress-core-npm-2.0.3-c87d0adf5b-10c0.zip/node_modules/@rspress/core/dist/theme/components/Search'
   ╭─[1:0]
 1 │ import { Fragment, jsx, jsxs } from "react/jsx-runtime";
   · ────────────────────────────────────────────────────────
 2 │ import { IconFile, IconHeader, IconJump, IconTitle, Link, SvgWrapper } from "@theme";
 3 │ import { useRef } from "react";
   ╰────
Import traces (entry → error):
  ../../.yarn/berry/cache/@rspress-core-npm-2.0.3-c87d0adf5b-10c0.zip/node_modules/@rspress/core/dist/theme/index.js
  ../../.yarn/berry/cache/@rspress-core-npm-2.0.3-c87d0adf5b-10c0.zip/node_modules/@rspress/core/dist/theme/components/Search/SearchPanel.js
  ../../.yarn/berry/cache/@rspress-core-npm-2.0.3-c87d0adf5b-10c0.zip/node_modules/@rspress/core/dist/theme/components/Search/SuggestItem.js ×

File: ../../.yarn/berry/cache/@rspress-core-npm-2.0.3-c87d0adf5b-10c0.zip/node_modules/@rspress/core/dist/theme/components/Search/SuggestItem.js:3:1-32
  × Module not found: Can't resolve 'react' in '/home/dev/.yarn/berry/cache/@rspress-core-npm-2.0.3-c87d0adf5b-10c0.zip/node_modules/@rspress/core/dist/theme/components/Search'
   ╭─[3:0]
 1 │ import { Fragment, jsx, jsxs } from "react/jsx-runtime";
 2 │ import { IconFile, IconHeader, IconJump, IconTitle, Link, SvgWrapper } from "@theme";
 3 │ import { useRef } from "react";
   · ───────────────────────────────
 4 │ import "./SuggestItem.css";
 5 │ import { getSlicedStrByByteLength } from "./logic/util.js";
   ╰────
Import traces (entry → error):
  ../../.yarn/berry/cache/@rspress-core-npm-2.0.3-c87d0adf5b-10c0.zip/node_modules/@rspress/core/dist/theme/index.js
  ../../.yarn/berry/cache/@rspress-core-npm-2.0.3-c87d0adf5b-10c0.zip/node_modules/@rspress/core/dist/theme/components/Search/SearchPanel.js
  ../../.yarn/berry/cache/@rspress-core-npm-2.0.3-c87d0adf5b-10c0.zip/node_modules/@rspress/core/dist/theme/components/Search/SuggestItem.js ×

File: ../../.yarn/berry/cache/@rspress-core-npm-2.0.3-c87d0adf5b-10c0.zip/node_modules/@rspress/core/dist/theme/components/Search/index.js:1:1-57
  × Module not found: Can't resolve 'react/jsx-runtime' in '/home/dev/.yarn/berry/cache/@rspress-core-npm-2.0.3-c87d0adf5b-10c0.zip/node_modules/@rspress/core/dist/theme/components/Search'
   ╭─[1:0]
 1 │ import { Fragment, jsx, jsxs } from "react/jsx-runtime";
   · ────────────────────────────────────────────────────────
 2 │ import { NoSSR } from "@rspress/core/runtime";
 3 │ import { SearchButton, SearchPanel } from "@theme";
   ╰────
Import traces (entry → error):
  ../../.yarn/berry/cache/@rspress-core-npm-2.0.3-c87d0adf5b-10c0.zip/node_modules/@rspress/core/dist/theme/index.js
  ../../.yarn/berry/cache/@rspress-core-npm-2.0.3-c87d0adf5b-10c0.zip/node_modules/@rspress/core/dist/theme/components/Search/index.js ×

File: ../../.yarn/berry/cache/@rspress-core-npm-2.0.3-c87d0adf5b-10c0.zip/node_modules/@rspress/core/dist/theme/components/Search/index.js:4:1-34
  × Module not found: Can't resolve 'react' in '/home/dev/.yarn/berry/cache/@rspress-core-npm-2.0.3-c87d0adf5b-10c0.zip/node_modules/@rspress/core/dist/theme/components/Search'
   ╭─[4:0]
 2 │ import { NoSSR } from "@rspress/core/runtime";
 3 │ import { SearchButton, SearchPanel } from "@theme";
 4 │ import { useState } from "react";
   · ─────────────────────────────────
 5 │ function Search() {
 6 │     const [focused, setFocused] = useState(false);
   ╰────
Import traces (entry → error):
  ../../.yarn/berry/cache/@rspress-core-npm-2.0.3-c87d0adf5b-10c0.zip/node_modules/@rspress/core/dist/theme/index.js
  ../../.yarn/berry/cache/@rspress-core-npm-2.0.3-c87d0adf5b-10c0.zip/node_modules/@rspress/core/dist/theme/components/Search/index.js ×

File: ../../.yarn/berry/cache/@rspress-core-npm-2.0.3-c87d0adf5b-10c0.zip/node_modules/@rspress/core/dist/theme/components/Search/logic/providers/LocalProvider.js:1:1-74
  × Module not found: Can't resolve '@rspress/shared' in '/home/dev/.yarn/berry/cache/@rspress-core-npm-2.0.3-c87d0adf5b-10c0.zip/node_modules/@rspress/core/dist/theme/components/Search/logic/providers'
   ╭─[1:0]
 1 │ import { SEARCH_INDEX_NAME, removeTrailingSlash } from "@rspress/shared";
   · ─────────────────────────────────────────────────────────────────────────
 2 │ import { Document } from "flexsearch";
 3 │ import { searchIndexHash } from "virtual-page-data";
   ╰────
Import traces (entry → error):
  ../../.yarn/berry/cache/@rspress-core-npm-2.0.3-c87d0adf5b-10c0.zip/node_modules/@rspress/core/dist/theme/index.js
  ../../.yarn/berry/cache/@rspress-core-npm-2.0.3-c87d0adf5b-10c0.zip/node_modules/@rspress/core/dist/theme/logic/useFullTextSearch.js
  ../../.yarn/berry/cache/@rspress-core-npm-2.0.3-c87d0adf5b-10c0.zip/node_modules/@rspress/core/dist/theme/components/Search/logic/search.js
  ../../.yarn/berry/cache/@rspress-core-npm-2.0.3-c87d0adf5b-10c0.zip/node_modules/@rspress/core/dist/theme/components/Search/logic/providers/LocalProvider.js ×

File: ../../.yarn/berry/cache/@rspress-core-npm-2.0.3-c87d0adf5b-10c0.zip/node_modules/@rspress/core/dist/theme/components/Search/logic/providers/LocalProvider.js:2:1-39
  × Module not found: Can't resolve 'flexsearch' in '/home/dev/.yarn/berry/cache/@rspress-core-npm-2.0.3-c87d0adf5b-10c0.zip/node_modules/@rspress/core/dist/theme/components/Search/logic/providers'
   ╭─[2:0]
 1 │ import { SEARCH_INDEX_NAME, removeTrailingSlash } from "@rspress/shared";
 2 │ import { Document } from "flexsearch";
   · ──────────────────────────────────────
 3 │ import { searchIndexHash } from "virtual-page-data";
 4 │ import { LOCAL_INDEX } from "../Provider.js";
   ╰────
Import traces (entry → error):
  ../../.yarn/berry/cache/@rspress-core-npm-2.0.3-c87d0adf5b-10c0.zip/node_modules/@rspress/core/dist/theme/index.js
  ../../.yarn/berry/cache/@rspress-core-npm-2.0.3-c87d0adf5b-10c0.zip/node_modules/@rspress/core/dist/theme/logic/useFullTextSearch.js
  ../../.yarn/berry/cache/@rspress-core-npm-2.0.3-c87d0adf5b-10c0.zip/node_modules/@rspress/core/dist/theme/components/Search/logic/search.js
  ../../.yarn/berry/cache/@rspress-core-npm-2.0.3-c87d0adf5b-10c0.zip/node_modules/@rspress/core/dist/theme/components/Search/logic/providers/LocalProvider.js ×

File: ../../.yarn/berry/cache/@rspress-core-npm-2.0.3-c87d0adf5b-10c0.zip/node_modules/@rspress/core/dist/theme/components/Sidebar/SidebarDivider.js:1:1-41
  × Module not found: Can't resolve 'react/jsx-runtime' in '/home/dev/.yarn/berry/cache/@rspress-core-npm-2.0.3-c87d0adf5b-10c0.zip/node_modules/@rspress/core/dist/theme/components/Sidebar'
   ╭─[1:0]
 1 │ import { jsx } from "react/jsx-runtime";
   · ────────────────────────────────────────
 2 │ import "./SidebarDivider.css";
 3 │ function SidebarDivider(props) {
   ╰────
Import traces (entry → error):
  ../../.yarn/berry/cache/@rspress-core-npm-2.0.3-c87d0adf5b-10c0.zip/node_modules/@rspress/core/dist/theme/index.js
  ../../.yarn/berry/cache/@rspress-core-npm-2.0.3-c87d0adf5b-10c0.zip/node_modules/@rspress/core/dist/theme/components/Sidebar/index.js
  ../../.yarn/berry/cache/@rspress-core-npm-2.0.3-c87d0adf5b-10c0.zip/node_modules/@rspress/core/dist/theme/components/Sidebar/SidebarDivider.js ×

File: ../../.yarn/berry/cache/@rspress-core-npm-2.0.3-c87d0adf5b-10c0.zip/node_modules/@rspress/core/dist/theme/components/Sidebar/SidebarGroup.js:1:1-57
  × Module not found: Can't resolve 'react/jsx-runtime' in '/home/dev/.yarn/berry/cache/@rspress-core-npm-2.0.3-c87d0adf5b-10c0.zip/node_modules/@rspress/core/dist/theme/components/Sidebar'
   ╭─[1:0]
 1 │ import { Fragment, jsx, jsxs } from "react/jsx-runtime";
   · ────────────────────────────────────────────────────────
 2 │ import { useActiveMatcher } from "@rspress/core/runtime";
 3 │ import { IconArrowRight, SvgWrapper, useLinkNavigate } from "@theme";
   ╰────
Import traces (entry → error):
  ../../.yarn/berry/cache/@rspress-core-npm-2.0.3-c87d0adf5b-10c0.zip/node_modules/@rspress/core/dist/theme/index.js
  ../../.yarn/berry/cache/@rspress-core-npm-2.0.3-c87d0adf5b-10c0.zip/node_modules/@rspress/core/dist/theme/components/Sidebar/index.js
  ../../.yarn/berry/cache/@rspress-core-npm-2.0.3-c87d0adf5b-10c0.zip/node_modules/@rspress/core/dist/theme/components/Sidebar/SidebarGroup.js ×

File: ../../.yarn/berry/cache/@rspress-core-npm-2.0.3-c87d0adf5b-10c0.zip/node_modules/@rspress/core/dist/theme/components/Sidebar/SidebarGroup.js:4:1-25
  × Module not found: Can't resolve 'clsx' in '/home/dev/.yarn/berry/cache/@rspress-core-npm-2.0.3-c87d0adf5b-10c0.zip/node_modules/@rspress/core/dist/theme/components/Sidebar'
   ╭─[4:0]
 2 │ import { useActiveMatcher } from "@rspress/core/runtime";
 3 │ import { IconArrowRight, SvgWrapper, useLinkNavigate } from "@theme";
 4 │ import clsx from "clsx";
   · ────────────────────────
 5 │ import { SidebarDivider } from "./SidebarDivider.js";
 6 │ import "./SidebarGroup.css";
   ╰────
Import traces (entry → error):
  ../../.yarn/berry/cache/@rspress-core-npm-2.0.3-c87d0adf5b-10c0.zip/node_modules/@rspress/core/dist/theme/index.js
  ../../.yarn/berry/cache/@rspress-core-npm-2.0.3-c87d0adf5b-10c0.zip/node_modules/@rspress/core/dist/theme/components/Sidebar/index.js
  ../../.yarn/berry/cache/@rspress-core-npm-2.0.3-c87d0adf5b-10c0.zip/node_modules/@rspress/core/dist/theme/components/Sidebar/SidebarGroup.js ×

File: ../../.yarn/berry/cache/@rspress-core-npm-2.0.3-c87d0adf5b-10c0.zip/node_modules/@rspress/core/dist/theme/components/Sidebar/SidebarItem.js:1:1-57
  × Module not found: Can't resolve 'react/jsx-runtime' in '/home/dev/.yarn/berry/cache/@rspress-core-npm-2.0.3-c87d0adf5b-10c0.zip/node_modules/@rspress/core/dist/theme/components/Sidebar'
   ╭─[1:0]
 1 │ import { Fragment, jsx, jsxs } from "react/jsx-runtime";
   · ────────────────────────────────────────────────────────
 2 │ import { useActiveMatcher } from "@rspress/core/runtime";
 3 │ import { Link, Tag, renderInlineMarkdown } from "@theme";
   ╰────
Import traces (entry → error):
  ../../.yarn/berry/cache/@rspress-core-npm-2.0.3-c87d0adf5b-10c0.zip/node_modules/@rspress/core/dist/theme/index.js
  ../../.yarn/berry/cache/@rspress-core-npm-2.0.3-c87d0adf5b-10c0.zip/node_modules/@rspress/core/dist/theme/components/Sidebar/index.js
  ../../.yarn/berry/cache/@rspress-core-npm-2.0.3-c87d0adf5b-10c0.zip/node_modules/@rspress/core/dist/theme/components/Sidebar/SidebarItem.js ×

File: ../../.yarn/berry/cache/@rspress-core-npm-2.0.3-c87d0adf5b-10c0.zip/node_modules/@rspress/core/dist/theme/components/Sidebar/SidebarItem.js:4:1-25
  × Module not found: Can't resolve 'clsx' in '/home/dev/.yarn/berry/cache/@rspress-core-npm-2.0.3-c87d0adf5b-10c0.zip/node_modules/@rspress/core/dist/theme/components/Sidebar'
   ╭─[4:0]
 2 │ import { useActiveMatcher } from "@rspress/core/runtime";
 3 │ import { Link, Tag, renderInlineMarkdown } from "@theme";
 4 │ import clsx from "clsx";
   · ────────────────────────
 5 │ import { useEffect, useRef, useTransition } from "react";
 6 │ import "./SidebarItem.css";
   ╰────
Import traces (entry → error):
  ../../.yarn/berry/cache/@rspress-core-npm-2.0.3-c87d0adf5b-10c0.zip/node_modules/@rspress/core/dist/theme/index.js
  ../../.yarn/berry/cache/@rspress-core-npm-2.0.3-c87d0adf5b-10c0.zip/node_modules/@rspress/core/dist/theme/components/Sidebar/index.js
  ../../.yarn/berry/cache/@rspress-core-npm-2.0.3-c87d0adf5b-10c0.zip/node_modules/@rspress/core/dist/theme/components/Sidebar/SidebarItem.js ×

File: ../../.yarn/berry/cache/@rspress-core-npm-2.0.3-c87d0adf5b-10c0.zip/node_modules/@rspress/core/dist/theme/components/Sidebar/SidebarItem.js:5:1-58
  × Module not found: Can't resolve 'react' in '/home/dev/.yarn/berry/cache/@rspress-core-npm-2.0.3-c87d0adf5b-10c0.zip/node_modules/@rspress/core/dist/theme/components/Sidebar'
   ╭─[5:0]
 3 │ import { Link, Tag, renderInlineMarkdown } from "@theme";
 4 │ import clsx from "clsx";
 5 │ import { useEffect, useRef, useTransition } from "react";
   · ─────────────────────────────────────────────────────────
 6 │ import "./SidebarItem.css";
 7 │ import scroll_into_view_if_needed from "scroll-into-view-if-needed";
   ╰────
Import traces (entry → error):
  ../../.yarn/berry/cache/@rspress-core-npm-2.0.3-c87d0adf5b-10c0.zip/node_modules/@rspress/core/dist/theme/index.js
  ../../.yarn/berry/cache/@rspress-core-npm-2.0.3-c87d0adf5b-10c0.zip/node_modules/@rspress/core/dist/theme/components/Sidebar/index.js
  ../../.yarn/berry/cache/@rspress-core-npm-2.0.3-c87d0adf5b-10c0.zip/node_modules/@rspress/core/dist/theme/components/Sidebar/SidebarItem.js ×

File: ../../.yarn/berry/cache/@rspress-core-npm-2.0.3-c87d0adf5b-10c0.zip/node_modules/@rspress/core/dist/theme/components/Sidebar/SidebarItem.js:7:1-69
  × Module not found: Can't resolve 'scroll-into-view-if-needed' in '/home/dev/.yarn/berry/cache/@rspress-core-npm-2.0.3-c87d0adf5b-10c0.zip/node_modules/@rspress/core/dist/theme/components/Sidebar'
   ╭─[7:0]
 5 │ import { useEffect, useRef, useTransition } from "react";
 6 │ import "./SidebarItem.css";
 7 │ import scroll_into_view_if_needed from "scroll-into-view-if-needed";
   · ────────────────────────────────────────────────────────────────────
 8 │ function SidebarItemRaw({ active, text, tag, link, context, className, left, right, onClick, depth }) {
 9 │     const ref = useRef(null);
   ╰────
Import traces (entry → error):
  ../../.yarn/berry/cache/@rspress-core-npm-2.0.3-c87d0adf5b-10c0.zip/node_modules/@rspress/core/dist/theme/index.js
  ../../.yarn/berry/cache/@rspress-core-npm-2.0.3-c87d0adf5b-10c0.zip/node_modules/@rspress/core/dist/theme/components/Sidebar/index.js
  ../../.yarn/berry/cache/@rspress-core-npm-2.0.3-c87d0adf5b-10c0.zip/node_modules/@rspress/core/dist/theme/components/Sidebar/SidebarItem.js ×

File: ../../.yarn/berry/cache/@rspress-core-npm-2.0.3-c87d0adf5b-10c0.zip/node_modules/@rspress/core/dist/theme/components/Sidebar/SidebarSectionHeader.js:1:1-47
  × Module not found: Can't resolve 'react/jsx-runtime' in '/home/dev/.yarn/berry/cache/@rspress-core-npm-2.0.3-c87d0adf5b-10c0.zip/node_modules/@rspress/core/dist/theme/components/Sidebar'
   ╭─[1:0]
 1 │ import { jsx, jsxs } from "react/jsx-runtime";
   · ──────────────────────────────────────────────
 2 │ import { Tag, renderInlineMarkdown } from "@theme";
 3 │ import "./SidebarSectionHeader.css";
   ╰────
Import traces (entry → error):
  ../../.yarn/berry/cache/@rspress-core-npm-2.0.3-c87d0adf5b-10c0.zip/node_modules/@rspress/core/dist/theme/index.js
  ../../.yarn/berry/cache/@rspress-core-npm-2.0.3-c87d0adf5b-10c0.zip/node_modules/@rspress/core/dist/theme/components/Sidebar/index.js
  ../../.yarn/berry/cache/@rspress-core-npm-2.0.3-c87d0adf5b-10c0.zip/node_modules/@rspress/core/dist/theme/components/Sidebar/SidebarSectionHeader.js ×

File: ../../.yarn/berry/cache/@rspress-core-npm-2.0.3-c87d0adf5b-10c0.zip/node_modules/@rspress/core/dist/theme/components/Sidebar/index.js:1:1-51
  × Module not found: Can't resolve 'react/jsx-runtime' in '/home/dev/.yarn/berry/cache/@rspress-core-npm-2.0.3-c87d0adf5b-10c0.zip/node_modules/@rspress/core/dist/theme/components/Sidebar'
   ╭─[1:0]
 1 │ import { Fragment, jsx } from "react/jsx-runtime";
   · ──────────────────────────────────────────────────
 2 │ import { useSidebarDynamic } from "@rspress/core/runtime";
 3 │ import { SidebarDivider } from "./SidebarDivider.js";
   ╰────
Import traces (entry → error):
  ../../.yarn/berry/cache/@rspress-core-npm-2.0.3-c87d0adf5b-10c0.zip/node_modules/@rspress/core/dist/theme/index.js
  ../../.yarn/berry/cache/@rspress-core-npm-2.0.3-c87d0adf5b-10c0.zip/node_modules/@rspress/core/dist/theme/components/Sidebar/index.js ×

File: ../../.yarn/berry/cache/@rspress-core-npm-2.0.3-c87d0adf5b-10c0.zip/node_modules/@rspress/core/dist/theme/components/SidebarMenu/index.js:1:1-57
  × Module not found: Can't resolve 'react/jsx-runtime' in '/home/dev/.yarn/berry/cache/@rspress-core-npm-2.0.3-c87d0adf5b-10c0.zip/node_modules/@rspress/core/dist/theme/components/SidebarMenu'
   ╭─[1:0]
 1 │ import { Fragment, jsx, jsxs } from "react/jsx-runtime";
   · ────────────────────────────────────────────────────────
 2 │ import { useFrontmatter, useI18n, useLocation } from "@rspress/core/runtime";
 3 │ import { IconArrowRight, IconMenu, ReadPercent, SvgWrapper, renderInlineMarkdown, useActiveAnchor, useDynamicToc } from "@theme";
   ╰────
Import traces (entry → error):
  ../../.yarn/berry/cache/@rspress-core-npm-2.0.3-c87d0adf5b-10c0.zip/node_modules/@rspress/core/dist/theme/index.js
  ../../.yarn/berry/cache/@rspress-core-npm-2.0.3-c87d0adf5b-10c0.zip/node_modules/@rspress/core/dist/theme/layout/DocLayout/index.js
  ../../.yarn/berry/cache/@rspress-core-npm-2.0.3-c87d0adf5b-10c0.zip/node_modules/@rspress/core/dist/theme/components/SidebarMenu/useSidebarMenu.js
  ../../.yarn/berry/cache/@rspress-core-npm-2.0.3-c87d0adf5b-10c0.zip/node_modules/@rspress/core/dist/theme/components/SidebarMenu/index.js ×

File: ../../.yarn/berry/cache/@rspress-core-npm-2.0.3-c87d0adf5b-10c0.zip/node_modules/@rspress/core/dist/theme/components/SidebarMenu/index.js:4:1-55
  × Module not found: Can't resolve 'react' in '/home/dev/.yarn/berry/cache/@rspress-core-npm-2.0.3-c87d0adf5b-10c0.zip/node_modules/@rspress/core/dist/theme/components/SidebarMenu'
   ╭─[4:0]
 2 │ import { useFrontmatter, useI18n, useLocation } from "@rspress/core/runtime";
 3 │ import { IconArrowRight, IconMenu, ReadPercent, SvgWrapper, renderInlineMarkdown, useActiveAnchor, useDynamicToc } from "@theme";
 4 │ import { forwardRef, useEffect, useRef } from "react";
   · ──────────────────────────────────────────────────────
 5 │ import { createPortal } from "react-dom";
 6 │ import "./index.css";
   ╰────
Import traces (entry → error):
  ../../.yarn/berry/cache/@rspress-core-npm-2.0.3-c87d0adf5b-10c0.zip/node_modules/@rspress/core/dist/theme/index.js
  ../../.yarn/berry/cache/@rspress-core-npm-2.0.3-c87d0adf5b-10c0.zip/node_modules/@rspress/core/dist/theme/layout/DocLayout/index.js
  ../../.yarn/berry/cache/@rspress-core-npm-2.0.3-c87d0adf5b-10c0.zip/node_modules/@rspress/core/dist/theme/components/SidebarMenu/useSidebarMenu.js
  ../../.yarn/berry/cache/@rspress-core-npm-2.0.3-c87d0adf5b-10c0.zip/node_modules/@rspress/core/dist/theme/components/SidebarMenu/index.js ×

File: ../../.yarn/berry/cache/@rspress-core-npm-2.0.3-c87d0adf5b-10c0.zip/node_modules/@rspress/core/dist/theme/components/SidebarMenu/index.js:5:1-42
  × Module not found: Can't resolve 'react-dom' in '/home/dev/.yarn/berry/cache/@rspress-core-npm-2.0.3-c87d0adf5b-10c0.zip/node_modules/@rspress/core/dist/theme/components/SidebarMenu'
   ╭─[5:0]
 3 │ import { IconArrowRight, IconMenu, ReadPercent, SvgWrapper, renderInlineMarkdown, useActiveAnchor, useDynamicToc } from "@theme";
 4 │ import { forwardRef, useEffect, useRef } from "react";
 5 │ import { createPortal } from "react-dom";
   · ─────────────────────────────────────────
 6 │ import "./index.css";
 7 │ const SidebarMenu = /*#__PURE__*/ forwardRef(({ isSidebarOpen, onIsSidebarOpenChange, isOutlineOpen, onIsOutlineOpenChange }, forwardedRef)=>{
   ╰────
Import traces (entry → error):
  ../../.yarn/berry/cache/@rspress-core-npm-2.0.3-c87d0adf5b-10c0.zip/node_modules/@rspress/core/dist/theme/index.js
  ../../.yarn/berry/cache/@rspress-core-npm-2.0.3-c87d0adf5b-10c0.zip/node_modules/@rspress/core/dist/theme/layout/DocLayout/index.js
  ../../.yarn/berry/cache/@rspress-core-npm-2.0.3-c87d0adf5b-10c0.zip/node_modules/@rspress/core/dist/theme/components/SidebarMenu/useSidebarMenu.js
  ../../.yarn/berry/cache/@rspress-core-npm-2.0.3-c87d0adf5b-10c0.zip/node_modules/@rspress/core/dist/theme/components/SidebarMenu/index.js ×

File: ../../.yarn/berry/cache/@rspress-core-npm-2.0.3-c87d0adf5b-10c0.zip/node_modules/@rspress/core/dist/theme/components/SidebarMenu/index.js:10:32-43
  × ESModulesLinkingError: export 'useLocation' (imported as 'useLocation') was not found in '@rspress/core/runtime' (possible exports: Content, NoSSR, PageContext, ThemeContext, addLeadingSlash, addTrailingSlash, cleanUrlByConfig, getSidebarDataGroup, isActive, isEqualPath, isProduction, normalizeHrefInRuntime, normalizeImagePath, pathnameToRouteService, preloadLink, removeBase, removeTrailingSlash, routePathToMdPath, useActiveMatcher, useDark, useFrontmatter, useI18n, useLang, useLocaleSiteData, useNav, usePage, usePageData, useSidebar, useSidebarDynamic, useSite, useVersion, useWindowSize, withBase)
    ╭─[10:31]
  8 │     const sidebarMenuRef = useRef(null);
  9 │     const t = useI18n();
 10 │     const { pathname, hash } = useLocation();
    ·                                ───────────
 11 │     const headers = useDynamicToc();
 12 │     const { scrolledHeader } = useActiveAnchor(headers);
    ╰────
Import traces (entry → error):
  ../../.yarn/berry/cache/@rspress-core-npm-2.0.3-c87d0adf5b-10c0.zip/node_modules/@rspress/core/dist/theme/index.js
  ../../.yarn/berry/cache/@rspress-core-npm-2.0.3-c87d0adf5b-10c0.zip/node_modules/@rspress/core/dist/theme/layout/DocLayout/index.js
  ../../.yarn/berry/cache/@rspress-core-npm-2.0.3-c87d0adf5b-10c0.zip/node_modules/@rspress/core/dist/theme/components/SidebarMenu/useSidebarMenu.js
  ../../.yarn/berry/cache/@rspress-core-npm-2.0.3-c87d0adf5b-10c0.zip/node_modules/@rspress/core/dist/theme/components/SidebarMenu/index.js ×

File: ../../.yarn/berry/cache/@rspress-core-npm-2.0.3-c87d0adf5b-10c0.zip/node_modules/@rspress/core/dist/theme/components/SidebarMenu/useClickOutside.js:1:1-35
  × Module not found: Can't resolve 'react' in '/home/dev/.yarn/berry/cache/@rspress-core-npm-2.0.3-c87d0adf5b-10c0.zip/node_modules/@rspress/core/dist/theme/components/SidebarMenu'
   ╭─[1:0]
 1 │ import { useEffect } from "react";
   · ──────────────────────────────────
 2 │ function useClickOutside(ref, handler) {
 3 │     useEffect(()=>{
   ╰────
Import traces (entry → error):
  ../../.yarn/berry/cache/@rspress-core-npm-2.0.3-c87d0adf5b-10c0.zip/node_modules/@rspress/core/dist/theme/index.js
  ../../.yarn/berry/cache/@rspress-core-npm-2.0.3-c87d0adf5b-10c0.zip/node_modules/@rspress/core/dist/theme/layout/DocLayout/index.js
  ../../.yarn/berry/cache/@rspress-core-npm-2.0.3-c87d0adf5b-10c0.zip/node_modules/@rspress/core/dist/theme/components/SidebarMenu/useSidebarMenu.js
  ../../.yarn/berry/cache/@rspress-core-npm-2.0.3-c87d0adf5b-10c0.zip/node_modules/@rspress/core/dist/theme/components/SidebarMenu/useClickOutside.js ×

File: ../../.yarn/berry/cache/@rspress-core-npm-2.0.3-c87d0adf5b-10c0.zip/node_modules/@rspress/core/dist/theme/components/SidebarMenu/useSidebarMenu.js:1:1-41
  × Module not found: Can't resolve 'react/jsx-runtime' in '/home/dev/.yarn/berry/cache/@rspress-core-npm-2.0.3-c87d0adf5b-10c0.zip/node_modules/@rspress/core/dist/theme/components/SidebarMenu'
   ╭─[1:0]
 1 │ import { jsx } from "react/jsx-runtime";
   · ────────────────────────────────────────
 2 │ import { clearAllBodyScrollLocks, disableBodyScroll } from "body-scroll-lock";
 3 │ import { useEffect, useMemo, useRef, useState } from "react";
   ╰────
Import traces (entry → error):
  ../../.yarn/berry/cache/@rspress-core-npm-2.0.3-c87d0adf5b-10c0.zip/node_modules/@rspress/core/dist/theme/index.js
  ../../.yarn/berry/cache/@rspress-core-npm-2.0.3-c87d0adf5b-10c0.zip/node_modules/@rspress/core/dist/theme/layout/DocLayout/index.js
  ../../.yarn/berry/cache/@rspress-core-npm-2.0.3-c87d0adf5b-10c0.zip/node_modules/@rspress/core/dist/theme/components/SidebarMenu/useSidebarMenu.js ×

File: ../../.yarn/berry/cache/@rspress-core-npm-2.0.3-c87d0adf5b-10c0.zip/node_modules/@rspress/core/dist/theme/components/SidebarMenu/useSidebarMenu.js:2:1-79
  × Module not found: Can't resolve 'body-scroll-lock' in '/home/dev/.yarn/berry/cache/@rspress-core-npm-2.0.3-c87d0adf5b-10c0.zip/node_modules/@rspress/core/dist/theme/components/SidebarMenu'
   ╭─[2:0]
 1 │ import { jsx } from "react/jsx-runtime";
 2 │ import { clearAllBodyScrollLocks, disableBodyScroll } from "body-scroll-lock";
   · ──────────────────────────────────────────────────────────────────────────────
 3 │ import { useEffect, useMemo, useRef, useState } from "react";
 4 │ import { SidebarMenu } from "./index.js";
   ╰────
Import traces (entry → error):
  ../../.yarn/berry/cache/@rspress-core-npm-2.0.3-c87d0adf5b-10c0.zip/node_modules/@rspress/core/dist/theme/index.js
  ../../.yarn/berry/cache/@rspress-core-npm-2.0.3-c87d0adf5b-10c0.zip/node_modules/@rspress/core/dist/theme/layout/DocLayout/index.js
  ../../.yarn/berry/cache/@rspress-core-npm-2.0.3-c87d0adf5b-10c0.zip/node_modules/@rspress/core/dist/theme/components/SidebarMenu/useSidebarMenu.js ×

File: ../../.yarn/berry/cache/@rspress-core-npm-2.0.3-c87d0adf5b-10c0.zip/node_modules/@rspress/core/dist/theme/components/SidebarMenu/useSidebarMenu.js:3:1-62
  × Module not found: Can't resolve 'react' in '/home/dev/.yarn/berry/cache/@rspress-core-npm-2.0.3-c87d0adf5b-10c0.zip/node_modules/@rspress/core/dist/theme/components/SidebarMenu'
   ╭─[3:0]
 1 │ import { jsx } from "react/jsx-runtime";
 2 │ import { clearAllBodyScrollLocks, disableBodyScroll } from "body-scroll-lock";
 3 │ import { useEffect, useMemo, useRef, useState } from "react";
   · ─────────────────────────────────────────────────────────────
 4 │ import { SidebarMenu } from "./index.js";
 5 │ import { useClickOutside } from "./useClickOutside.js";
   ╰────
Import traces (entry → error):
  ../../.yarn/berry/cache/@rspress-core-npm-2.0.3-c87d0adf5b-10c0.zip/node_modules/@rspress/core/dist/theme/index.js
  ../../.yarn/berry/cache/@rspress-core-npm-2.0.3-c87d0adf5b-10c0.zip/node_modules/@rspress/core/dist/theme/layout/DocLayout/index.js
  ../../.yarn/berry/cache/@rspress-core-npm-2.0.3-c87d0adf5b-10c0.zip/node_modules/@rspress/core/dist/theme/components/SidebarMenu/useSidebarMenu.js ×

File: ../../.yarn/berry/cache/@rspress-core-npm-2.0.3-c87d0adf5b-10c0.zip/node_modules/@rspress/core/dist/theme/components/SocialLinks/SocialLink.js:1:1-57
  × Module not found: Can't resolve 'react/jsx-runtime' in '/home/dev/.yarn/berry/cache/@rspress-core-npm-2.0.3-c87d0adf5b-10c0.zip/node_modules/@rspress/core/dist/theme/components/SocialLinks'
   ╭─[1:0]
 1 │ import { Fragment, jsx, jsxs } from "react/jsx-runtime";
   · ────────────────────────────────────────────────────────
 2 │ import virtual_social_links from "virtual-social-links";
 3 │ import "./index.css";
   ╰────
Import traces (entry → error):
  ../../.yarn/berry/cache/@rspress-core-npm-2.0.3-c87d0adf5b-10c0.zip/node_modules/@rspress/core/dist/theme/index.js
  ../../.yarn/berry/cache/@rspress-core-npm-2.0.3-c87d0adf5b-10c0.zip/node_modules/@rspress/core/dist/theme/components/SocialLinks/index.js
  ../../.yarn/berry/cache/@rspress-core-npm-2.0.3-c87d0adf5b-10c0.zip/node_modules/@rspress/core/dist/theme/components/SocialLinks/SocialLink.js ×

File: ../../.yarn/berry/cache/@rspress-core-npm-2.0.3-c87d0adf5b-10c0.zip/node_modules/@rspress/core/dist/theme/components/SocialLinks/index.js:1:1-57
  × Module not found: Can't resolve 'react/jsx-runtime' in '/home/dev/.yarn/berry/cache/@rspress-core-npm-2.0.3-c87d0adf5b-10c0.zip/node_modules/@rspress/core/dist/theme/components/SocialLinks'
   ╭─[1:0]
 1 │ import { Fragment, jsx, jsxs } from "react/jsx-runtime";
   · ────────────────────────────────────────────────────────
 2 │ import { useSite } from "@rspress/core/runtime";
 3 │ import { IconArrowDown, SvgWrapper } from "@theme";
   ╰────
Import traces (entry → error):
  ../../.yarn/berry/cache/@rspress-core-npm-2.0.3-c87d0adf5b-10c0.zip/node_modules/@rspress/core/dist/theme/index.js
  ../../.yarn/berry/cache/@rspress-core-npm-2.0.3-c87d0adf5b-10c0.zip/node_modules/@rspress/core/dist/theme/components/SocialLinks/index.js ×

File: ../../.yarn/berry/cache/@rspress-core-npm-2.0.3-c87d0adf5b-10c0.zip/node_modules/@rspress/core/dist/theme/components/SourceCode/index.js:1:1-47
  × Module not found: Can't resolve 'react/jsx-runtime' in '/home/dev/.yarn/berry/cache/@rspress-core-npm-2.0.3-c87d0adf5b-10c0.zip/node_modules/@rspress/core/dist/theme/components/SourceCode'
   ╭─[1:0]
 1 │ import { jsx, jsxs } from "react/jsx-runtime";
   · ──────────────────────────────────────────────
 2 │ import { useI18n } from "@rspress/core/runtime";
 3 │ import { IconGithub, IconGitlab, SvgWrapper } from "@theme";
   ╰────
Import traces (entry → error):
  ../../.yarn/berry/cache/@rspress-core-npm-2.0.3-c87d0adf5b-10c0.zip/node_modules/@rspress/core/dist/theme/index.js
  ../../.yarn/berry/cache/@rspress-core-npm-2.0.3-c87d0adf5b-10c0.zip/node_modules/@rspress/core/dist/theme/components/SourceCode/index.js ×

File: ../../.yarn/berry/cache/@rspress-core-npm-2.0.3-c87d0adf5b-10c0.zip/node_modules/@rspress/core/dist/theme/components/Steps/index.js:1:1-41
  × Module not found: Can't resolve 'react/jsx-runtime' in '/home/dev/.yarn/berry/cache/@rspress-core-npm-2.0.3-c87d0adf5b-10c0.zip/node_modules/@rspress/core/dist/theme/components/Steps'
   ╭─[1:0]
 1 │ import { jsx } from "react/jsx-runtime";
   · ────────────────────────────────────────
 2 │ import "./index.css";
 3 │ function Steps({ children }) {
   ╰────
Import traces (entry → error):
  ../../.yarn/berry/cache/@rspress-core-npm-2.0.3-c87d0adf5b-10c0.zip/node_modules/@rspress/core/dist/theme/index.js
  ../../.yarn/berry/cache/@rspress-core-npm-2.0.3-c87d0adf5b-10c0.zip/node_modules/@rspress/core/dist/theme/components/Steps/index.js ×

File: ../../.yarn/berry/cache/@rspress-core-npm-2.0.3-c87d0adf5b-10c0.zip/node_modules/@rspress/core/dist/theme/components/SvgWrapper/index.js:1:1-41
  × Module not found: Can't resolve 'react/jsx-runtime' in '/home/dev/.yarn/berry/cache/@rspress-core-npm-2.0.3-c87d0adf5b-10c0.zip/node_modules/@rspress/core/dist/theme/components/SvgWrapper'
   ╭─[1:0]
 1 │ import { jsx } from "react/jsx-runtime";
   · ────────────────────────────────────────
 2 │ import { renderHtmlOrText } from "@theme";
 3 │ function isUrlOrPath(str) {
   ╰────
Import traces (entry → error):
  ../../.yarn/berry/cache/@rspress-core-npm-2.0.3-c87d0adf5b-10c0.zip/node_modules/@rspress/core/dist/theme/index.js
  ../../.yarn/berry/cache/@rspress-core-npm-2.0.3-c87d0adf5b-10c0.zip/node_modules/@rspress/core/dist/theme/components/SvgWrapper/index.js ×

File: ../../.yarn/berry/cache/@rspress-core-npm-2.0.3-c87d0adf5b-10c0.zip/node_modules/@rspress/core/dist/theme/components/SwitchAppearance/index.js:1:1-47
  × Module not found: Can't resolve 'react/jsx-runtime' in '/home/dev/.yarn/berry/cache/@rspress-core-npm-2.0.3-c87d0adf5b-10c0.zip/node_modules/@rspress/core/dist/theme/components/SwitchAppearance'
   ╭─[1:0]
 1 │ import { jsx, jsxs } from "react/jsx-runtime";
   · ──────────────────────────────────────────────
 2 │ import { ThemeContext, useSite } from "@rspress/core/runtime";
 3 │ import { IconMoon, IconSun, SvgWrapper } from "@theme";
   ╰────
Import traces (entry → error):
  ../../.yarn/berry/cache/@rspress-core-npm-2.0.3-c87d0adf5b-10c0.zip/node_modules/@rspress/core/dist/theme/index.js
  ../../.yarn/berry/cache/@rspress-core-npm-2.0.3-c87d0adf5b-10c0.zip/node_modules/@rspress/core/dist/theme/components/SwitchAppearance/index.js ×

File: ../../.yarn/berry/cache/@rspress-core-npm-2.0.3-c87d0adf5b-10c0.zip/node_modules/@rspress/core/dist/theme/components/SwitchAppearance/index.js:4:1-36
  × Module not found: Can't resolve 'react' in '/home/dev/.yarn/berry/cache/@rspress-core-npm-2.0.3-c87d0adf5b-10c0.zip/node_modules/@rspress/core/dist/theme/components/SwitchAppearance'
   ╭─[4:0]
 2 │ import { ThemeContext, useSite } from "@rspress/core/runtime";
 3 │ import { IconMoon, IconSun, SvgWrapper } from "@theme";
 4 │ import { useContext } from "react";
   · ───────────────────────────────────
 5 │ import "./global.css";
 6 │ import "./index.css";
   ╰────
Import traces (entry → error):
  ../../.yarn/berry/cache/@rspress-core-npm-2.0.3-c87d0adf5b-10c0.zip/node_modules/@rspress/core/dist/theme/index.js
  ../../.yarn/berry/cache/@rspress-core-npm-2.0.3-c87d0adf5b-10c0.zip/node_modules/@rspress/core/dist/theme/components/SwitchAppearance/index.js ×

File: ../../.yarn/berry/cache/@rspress-core-npm-2.0.3-c87d0adf5b-10c0.zip/node_modules/@rspress/core/dist/theme/components/SwitchAppearance/index.js:7:1-39
  × Module not found: Can't resolve 'react-dom' in '/home/dev/.yarn/berry/cache/@rspress-core-npm-2.0.3-c87d0adf5b-10c0.zip/node_modules/@rspress/core/dist/theme/components/SwitchAppearance'
   ╭─[7:0]
 5 │ import "./global.css";
 6 │ import "./index.css";
 7 │ import { flushSync } from "react-dom";
   · ──────────────────────────────────────
 8 │ const supportAppearanceTransition = ()=>'function' == typeof document?.startViewTransition && !window.matchMedia('(prefers-reduced-motion: reduce)').matches;
 9 │ const removeClipViewTransition = ()=>{
   ╰────
Import traces (entry → error):
  ../../.yarn/berry/cache/@rspress-core-npm-2.0.3-c87d0adf5b-10c0.zip/node_modules/@rspress/core/dist/theme/index.js
  ../../.yarn/berry/cache/@rspress-core-npm-2.0.3-c87d0adf5b-10c0.zip/node_modules/@rspress/core/dist/theme/components/SwitchAppearance/index.js ×

File: ../../.yarn/berry/cache/@rspress-core-npm-2.0.3-c87d0adf5b-10c0.zip/node_modules/@rspress/core/dist/theme/components/Tabs/index.js:1:1-57
  × Module not found: Can't resolve 'react/jsx-runtime' in '/home/dev/.yarn/berry/cache/@rspress-core-npm-2.0.3-c87d0adf5b-10c0.zip/node_modules/@rspress/core/dist/theme/components/Tabs'
   ╭─[1:0]
 1 │ import { Fragment, jsx, jsxs } from "react/jsx-runtime";
   · ────────────────────────────────────────────────────────
 2 │ import { useStorageValue } from "@theme";
 3 │ import clsx from "clsx";
   ╰────
Import traces (entry → error):
  ../../.yarn/berry/cache/@rspress-core-npm-2.0.3-c87d0adf5b-10c0.zip/node_modules/@rspress/core/dist/theme/index.js
  ../../.yarn/berry/cache/@rspress-core-npm-2.0.3-c87d0adf5b-10c0.zip/node_modules/@rspress/core/dist/theme/components/Tabs/index.js ×

File: ../../.yarn/berry/cache/@rspress-core-npm-2.0.3-c87d0adf5b-10c0.zip/node_modules/@rspress/core/dist/theme/components/Tabs/index.js:3:1-25
  × Module not found: Can't resolve 'clsx' in '/home/dev/.yarn/berry/cache/@rspress-core-npm-2.0.3-c87d0adf5b-10c0.zip/node_modules/@rspress/core/dist/theme/components/Tabs'
   ╭─[3:0]
 1 │ import { Fragment, jsx, jsxs } from "react/jsx-runtime";
 2 │ import { useStorageValue } from "@theme";
 3 │ import clsx from "clsx";
   · ────────────────────────
 4 │ import { Children, forwardRef, isValidElement, useMemo, useState } from "react";
 5 │ import "./index.css";
   ╰────
Import traces (entry → error):
  ../../.yarn/berry/cache/@rspress-core-npm-2.0.3-c87d0adf5b-10c0.zip/node_modules/@rspress/core/dist/theme/index.js
  ../../.yarn/berry/cache/@rspress-core-npm-2.0.3-c87d0adf5b-10c0.zip/node_modules/@rspress/core/dist/theme/components/Tabs/index.js ×

File: ../../.yarn/berry/cache/@rspress-core-npm-2.0.3-c87d0adf5b-10c0.zip/node_modules/@rspress/core/dist/theme/components/Tabs/index.js:4:1-81
  × Module not found: Can't resolve 'react' in '/home/dev/.yarn/berry/cache/@rspress-core-npm-2.0.3-c87d0adf5b-10c0.zip/node_modules/@rspress/core/dist/theme/components/Tabs'
   ╭─[4:0]
 2 │ import { useStorageValue } from "@theme";
 3 │ import clsx from "clsx";
 4 │ import { Children, forwardRef, isValidElement, useMemo, useState } from "react";
   · ────────────────────────────────────────────────────────────────────────────────
 5 │ import "./index.css";
 6 │ function getTabValuesFromChildren(children, defaultValues) {
   ╰────
Import traces (entry → error):
  ../../.yarn/berry/cache/@rspress-core-npm-2.0.3-c87d0adf5b-10c0.zip/node_modules/@rspress/core/dist/theme/index.js
  ../../.yarn/berry/cache/@rspress-core-npm-2.0.3-c87d0adf5b-10c0.zip/node_modules/@rspress/core/dist/theme/components/Tabs/index.js ×

File: ../../.yarn/berry/cache/@rspress-core-npm-2.0.3-c87d0adf5b-10c0.zip/node_modules/@rspress/core/dist/theme/components/Tag/index.js:1:1-57
  × Module not found: Can't resolve 'react/jsx-runtime' in '/home/dev/.yarn/berry/cache/@rspress-core-npm-2.0.3-c87d0adf5b-10c0.zip/node_modules/@rspress/core/dist/theme/components/Tag'
   ╭─[1:0]
 1 │ import { Fragment, jsx, jsxs } from "react/jsx-runtime";
   · ────────────────────────────────────────────────────────
 2 │ import { isDataUrl, isExternalUrl } from "@rspress/core/runtime";
 3 │ import { Badge, IconDeprecated, IconExperimental, SvgWrapper, Tag } from "@theme";
   ╰────
Import traces (entry → error):
  ../../.yarn/berry/cache/@rspress-core-npm-2.0.3-c87d0adf5b-10c0.zip/node_modules/@rspress/core/dist/theme/index.js
  ../../.yarn/berry/cache/@rspress-core-npm-2.0.3-c87d0adf5b-10c0.zip/node_modules/@rspress/core/dist/theme/components/Tag/index.js ×

File: ../../.yarn/berry/cache/@rspress-core-npm-2.0.3-c87d0adf5b-10c0.zip/node_modules/@rspress/core/dist/theme/components/Tag/index.js:4:1-33
  × Module not found: Can't resolve 'react' in '/home/dev/.yarn/berry/cache/@rspress-core-npm-2.0.3-c87d0adf5b-10c0.zip/node_modules/@rspress/core/dist/theme/components/Tag'
   ╭─[4:0]
 2 │ import { isDataUrl, isExternalUrl } from "@rspress/core/runtime";
 3 │ import { Badge, IconDeprecated, IconExperimental, SvgWrapper, Tag } from "@theme";
 4 │ import { useMemo } from "react";
   · ────────────────────────────────
 5 │ const BADGE_TAGS = {
 6 │     tip: 'tip',
   ╰────
Import traces (entry → error):
  ../../.yarn/berry/cache/@rspress-core-npm-2.0.3-c87d0adf5b-10c0.zip/node_modules/@rspress/core/dist/theme/index.js
  ../../.yarn/berry/cache/@rspress-core-npm-2.0.3-c87d0adf5b-10c0.zip/node_modules/@rspress/core/dist/theme/components/Tag/index.js ×

File: ../../.yarn/berry/cache/@rspress-core-npm-2.0.3-c87d0adf5b-10c0.zip/node_modules/@rspress/core/dist/theme/components/Tag/index.js:18:19-32
  × ESModulesLinkingError: export 'isExternalUrl' (imported as 'isExternalUrl') was not found in '@rspress/core/runtime' (possible exports: Content, NoSSR, PageContext, ThemeContext, addLeadingSlash, addTrailingSlash, cleanUrlByConfig, getSidebarDataGroup, isActive, isEqualPath, isProduction, normalizeHrefInRuntime, normalizeImagePath, pathnameToRouteService, preloadLink, removeBase, removeTrailingSlash, routePathToMdPath, useActiveMatcher, useDark, useFrontmatter, useI18n, useLang, useLocaleSiteData, useNav, usePage, usePageData, useSidebar, useSidebarDynamic, useSite, useVersion, useWindowSize, withBase)
    ╭─[18:18]
 16 │     const normalizedTag = tag.trim();
 17 │     const isSvgTagString = normalizedTag.startsWith('<svg');
 18 │     const isPic = isExternalUrl(normalizedTag) || isDataUrl(normalizedTag);
    ·                   ─────────────
 19 │     const tagsArray = parseCommonTagsArrayStr(normalizedTag);
 20 │     return {
    ╰────
Import traces (entry → error):
  ../../.yarn/berry/cache/@rspress-core-npm-2.0.3-c87d0adf5b-10c0.zip/node_modules/@rspress/core/dist/theme/index.js
  ../../.yarn/berry/cache/@rspress-core-npm-2.0.3-c87d0adf5b-10c0.zip/node_modules/@rspress/core/dist/theme/components/Tag/index.js ×

File: ../../.yarn/berry/cache/@rspress-core-npm-2.0.3-c87d0adf5b-10c0.zip/node_modules/@rspress/core/dist/theme/components/Tag/index.js:18:51-60
  × ESModulesLinkingError: export 'isDataUrl' (imported as 'isDataUrl') was not found in '@rspress/core/runtime' (possible exports: Content, NoSSR, PageContext, ThemeContext, addLeadingSlash, addTrailingSlash, cleanUrlByConfig, getSidebarDataGroup, isActive, isEqualPath, isProduction, normalizeHrefInRuntime, normalizeImagePath, pathnameToRouteService, preloadLink, removeBase, removeTrailingSlash, routePathToMdPath, useActiveMatcher, useDark, useFrontmatter, useI18n, useLang, useLocaleSiteData, useNav, usePage, usePageData, useSidebar, useSidebarDynamic, useSite, useVersion, useWindowSize, withBase)
    ╭─[18:50]
 16 │     const normalizedTag = tag.trim();
 17 │     const isSvgTagString = normalizedTag.startsWith('<svg');
 18 │     const isPic = isExternalUrl(normalizedTag) || isDataUrl(normalizedTag);
    ·                                                   ─────────
 19 │     const tagsArray = parseCommonTagsArrayStr(normalizedTag);
 20 │     return {
    ╰────
Import traces (entry → error):
  ../../.yarn/berry/cache/@rspress-core-npm-2.0.3-c87d0adf5b-10c0.zip/node_modules/@rspress/core/dist/theme/index.js
  ../../.yarn/berry/cache/@rspress-core-npm-2.0.3-c87d0adf5b-10c0.zip/node_modules/@rspress/core/dist/theme/components/Tag/index.js ×

File: ../../.yarn/berry/cache/@rspress-core-npm-2.0.3-c87d0adf5b-10c0.zip/node_modules/@rspress/core/dist/theme/components/Toc/TocItem.js:1:1-41
  × Module not found: Can't resolve 'react/jsx-runtime' in '/home/dev/.yarn/berry/cache/@rspress-core-npm-2.0.3-c87d0adf5b-10c0.zip/node_modules/@rspress/core/dist/theme/components/Toc'
   ╭─[1:0]
 1 │ import { jsx } from "react/jsx-runtime";
   · ────────────────────────────────────────
 2 │ import { Link, parseInlineMarkdownText, renderInlineMarkdown } from "@theme";
 3 │ import clsx from "clsx";
   ╰────
Import traces (entry → error):
  ../../.yarn/berry/cache/@rspress-core-npm-2.0.3-c87d0adf5b-10c0.zip/node_modules/@rspress/core/dist/theme/index.js
  ../../.yarn/berry/cache/@rspress-core-npm-2.0.3-c87d0adf5b-10c0.zip/node_modules/@rspress/core/dist/theme/components/Toc/index.js
  ../../.yarn/berry/cache/@rspress-core-npm-2.0.3-c87d0adf5b-10c0.zip/node_modules/@rspress/core/dist/theme/components/Toc/TocItem.js ×

File: ../../.yarn/berry/cache/@rspress-core-npm-2.0.3-c87d0adf5b-10c0.zip/node_modules/@rspress/core/dist/theme/components/Toc/TocItem.js:3:1-25
  × Module not found: Can't resolve 'clsx' in '/home/dev/.yarn/berry/cache/@rspress-core-npm-2.0.3-c87d0adf5b-10c0.zip/node_modules/@rspress/core/dist/theme/components/Toc'
   ╭─[3:0]
 1 │ import { jsx } from "react/jsx-runtime";
 2 │ import { Link, parseInlineMarkdownText, renderInlineMarkdown } from "@theme";
 3 │ import clsx from "clsx";
   · ────────────────────────
 4 │ import "./TocItem.css";
 5 │ import { useEffect, useRef } from "react";
   ╰────
Import traces (entry → error):
  ../../.yarn/berry/cache/@rspress-core-npm-2.0.3-c87d0adf5b-10c0.zip/node_modules/@rspress/core/dist/theme/index.js
  ../../.yarn/berry/cache/@rspress-core-npm-2.0.3-c87d0adf5b-10c0.zip/node_modules/@rspress/core/dist/theme/components/Toc/index.js
  ../../.yarn/berry/cache/@rspress-core-npm-2.0.3-c87d0adf5b-10c0.zip/node_modules/@rspress/core/dist/theme/components/Toc/TocItem.js ×

File: ../../.yarn/berry/cache/@rspress-core-npm-2.0.3-c87d0adf5b-10c0.zip/node_modules/@rspress/core/dist/theme/components/Toc/TocItem.js:5:1-43
  × Module not found: Can't resolve 'react' in '/home/dev/.yarn/berry/cache/@rspress-core-npm-2.0.3-c87d0adf5b-10c0.zip/node_modules/@rspress/core/dist/theme/components/Toc'
   ╭─[5:0]
 3 │ import clsx from "clsx";
 4 │ import "./TocItem.css";
 5 │ import { useEffect, useRef } from "react";
   · ──────────────────────────────────────────
 6 │ import scroll_into_view_if_needed from "scroll-into-view-if-needed";
 7 │ const TocItem = ({ header, baseHeaderLevel, active })=>{
   ╰────
Import traces (entry → error):
  ../../.yarn/berry/cache/@rspress-core-npm-2.0.3-c87d0adf5b-10c0.zip/node_modules/@rspress/core/dist/theme/index.js
  ../../.yarn/berry/cache/@rspress-core-npm-2.0.3-c87d0adf5b-10c0.zip/node_modules/@rspress/core/dist/theme/components/Toc/index.js
  ../../.yarn/berry/cache/@rspress-core-npm-2.0.3-c87d0adf5b-10c0.zip/node_modules/@rspress/core/dist/theme/components/Toc/TocItem.js ×

File: ../../.yarn/berry/cache/@rspress-core-npm-2.0.3-c87d0adf5b-10c0.zip/node_modules/@rspress/core/dist/theme/components/Toc/TocItem.js:6:1-69
  × Module not found: Can't resolve 'scroll-into-view-if-needed' in '/home/dev/.yarn/berry/cache/@rspress-core-npm-2.0.3-c87d0adf5b-10c0.zip/node_modules/@rspress/core/dist/theme/components/Toc'
   ╭─[6:0]
 4 │ import "./TocItem.css";
 5 │ import { useEffect, useRef } from "react";
 6 │ import scroll_into_view_if_needed from "scroll-into-view-if-needed";
   · ────────────────────────────────────────────────────────────────────
 7 │ const TocItem = ({ header, baseHeaderLevel, active })=>{
 8 │     const ref = useRef(null);
   ╰────
Import traces (entry → error):
  ../../.yarn/berry/cache/@rspress-core-npm-2.0.3-c87d0adf5b-10c0.zip/node_modules/@rspress/core/dist/theme/index.js
  ../../.yarn/berry/cache/@rspress-core-npm-2.0.3-c87d0adf5b-10c0.zip/node_modules/@rspress/core/dist/theme/components/Toc/index.js
  ../../.yarn/berry/cache/@rspress-core-npm-2.0.3-c87d0adf5b-10c0.zip/node_modules/@rspress/core/dist/theme/components/Toc/TocItem.js ×

File: ../../.yarn/berry/cache/@rspress-core-npm-2.0.3-c87d0adf5b-10c0.zip/node_modules/@rspress/core/dist/theme/components/Toc/index.js:1:1-51
  × Module not found: Can't resolve 'react/jsx-runtime' in '/home/dev/.yarn/berry/cache/@rspress-core-npm-2.0.3-c87d0adf5b-10c0.zip/node_modules/@rspress/core/dist/theme/components/Toc'
   ╭─[1:0]
 1 │ import { Fragment, jsx } from "react/jsx-runtime";
   · ──────────────────────────────────────────────────
 2 │ import { useActiveAnchor, useDynamicToc } from "@theme";
 3 │ import { TocItem } from "./TocItem.js";
   ╰────
Import traces (entry → error):
  ../../.yarn/berry/cache/@rspress-core-npm-2.0.3-c87d0adf5b-10c0.zip/node_modules/@rspress/core/dist/theme/index.js
  ../../.yarn/berry/cache/@rspress-core-npm-2.0.3-c87d0adf5b-10c0.zip/node_modules/@rspress/core/dist/theme/components/Toc/index.js ×

File: ../../.yarn/berry/cache/@rspress-core-npm-2.0.3-c87d0adf5b-10c0.zip/node_modules/@rspress/core/dist/theme/hooks/useActiveAnchor.js:2:1-45
  × Module not found: Can't resolve 'react' in '/home/dev/.yarn/berry/cache/@rspress-core-npm-2.0.3-c87d0adf5b-10c0.zip/node_modules/@rspress/core/dist/theme/hooks'
   ╭─[2:0]
 1 │ import { useLocation } from "@rspress/core/runtime";
 2 │ import { useEffect, useState } from "react";
   · ────────────────────────────────────────────
 3 │ function parseCSSLength(value) {
 4 │     if (!value || 'auto' === value || 'none' === value) return 0;
   ╰────
Import traces (entry → error):
  ../../.yarn/berry/cache/@rspress-core-npm-2.0.3-c87d0adf5b-10c0.zip/node_modules/@rspress/core/dist/theme/index.js
  ../../.yarn/berry/cache/@rspress-core-npm-2.0.3-c87d0adf5b-10c0.zip/node_modules/@rspress/core/dist/theme/hooks/useActiveAnchor.js ×

File: ../../.yarn/berry/cache/@rspress-core-npm-2.0.3-c87d0adf5b-10c0.zip/node_modules/@rspress/core/dist/theme/hooks/useActiveAnchor.js:12:22-33
  × ESModulesLinkingError: export 'useLocation' (imported as 'useLocation') was not found in '@rspress/core/runtime' (possible exports: Content, NoSSR, PageContext, ThemeContext, addLeadingSlash, addTrailingSlash, cleanUrlByConfig, getSidebarDataGroup, isActive, isEqualPath, isProduction, normalizeHrefInRuntime, normalizeImagePath, pathnameToRouteService, preloadLink, removeBase, removeTrailingSlash, routePathToMdPath, useActiveMatcher, useDark, useFrontmatter, useI18n, useLang, useLocaleSiteData, useNav, usePage, usePageData, useSidebar, useSidebarDynamic, useSite, useVersion, useWindowSize, withBase)
    ╭─[12:21]
 10 │     const [activeAnchorId, setActiveAnchorId] = useState();
 11 │     const [scrolledHeader, setScrolledHeader] = useState();
 12 │     const { hash } = useLocation();
    ·                      ───────────
 13 │     useEffect(()=>{
 14 │         if ("u" < typeof window) return;
    ╰────
Import traces (entry → error):
  ../../.yarn/berry/cache/@rspress-core-npm-2.0.3-c87d0adf5b-10c0.zip/node_modules/@rspress/core/dist/theme/index.js
  ../../.yarn/berry/cache/@rspress-core-npm-2.0.3-c87d0adf5b-10c0.zip/node_modules/@rspress/core/dist/theme/hooks/useActiveAnchor.js ×

File: ../../.yarn/berry/cache/@rspress-core-npm-2.0.3-c87d0adf5b-10c0.zip/node_modules/@rspress/core/dist/theme/hooks/useDynamicToc.js:2:1-58
  × Module not found: Can't resolve 'react' in '/home/dev/.yarn/berry/cache/@rspress-core-npm-2.0.3-c87d0adf5b-10c0.zip/node_modules/@rspress/core/dist/theme/hooks'
   ╭─[2:0]
 1 │ import { usePage } from "@rspress/core/runtime";
 2 │ import { useCallback, useEffect, useState } from "react";
   · ─────────────────────────────────────────────────────────
 3 │ import { processTitleElement } from "./processTitleElement.js";
 4 │ const updateFns = {};
   ╰────
Import traces (entry → error):
  ../../.yarn/berry/cache/@rspress-core-npm-2.0.3-c87d0adf5b-10c0.zip/node_modules/@rspress/core/dist/theme/index.js
  ../../.yarn/berry/cache/@rspress-core-npm-2.0.3-c87d0adf5b-10c0.zip/node_modules/@rspress/core/dist/theme/hooks/useDynamicToc.js ×

File: ../../.yarn/berry/cache/@rspress-core-npm-2.0.3-c87d0adf5b-10c0.zip/node_modules/@rspress/core/dist/theme/layout/DocLayout/index.js:1:1-57
  × Module not found: Can't resolve 'react/jsx-runtime' in '/home/dev/.yarn/berry/cache/@rspress-core-npm-2.0.3-c87d0adf5b-10c0.zip/node_modules/@rspress/core/dist/theme/layout/DocLayout'
   ╭─[1:0]
 1 │ import { Fragment, jsx, jsxs } from "react/jsx-runtime";
   · ────────────────────────────────────────────────────────
 2 │ import { useFrontmatter } from "@rspress/core/runtime";
 3 │ import { DocContent, DocFooter, Outline, Overview, Sidebar, useWatchToc } from "@theme";
   ╰────
Import traces (entry → error):
  ../../.yarn/berry/cache/@rspress-core-npm-2.0.3-c87d0adf5b-10c0.zip/node_modules/@rspress/core/dist/theme/index.js
  ../../.yarn/berry/cache/@rspress-core-npm-2.0.3-c87d0adf5b-10c0.zip/node_modules/@rspress/core/dist/theme/layout/DocLayout/index.js ×

File: ../../.yarn/berry/cache/@rspress-core-npm-2.0.3-c87d0adf5b-10c0.zip/node_modules/@rspress/core/dist/theme/layout/DocLayout/index.js:4:1-25
  × Module not found: Can't resolve 'clsx' in '/home/dev/.yarn/berry/cache/@rspress-core-npm-2.0.3-c87d0adf5b-10c0.zip/node_modules/@rspress/core/dist/theme/layout/DocLayout'
   ╭─[4:0]
 2 │ import { useFrontmatter } from "@rspress/core/runtime";
 3 │ import { DocContent, DocFooter, Outline, Overview, Sidebar, useWatchToc } from "@theme";
 4 │ import clsx from "clsx";
   · ────────────────────────
 5 │ import { useSidebarMenu } from "../../components/SidebarMenu/useSidebarMenu.js";
 6 │ import "./index.css";
   ╰────
Import traces (entry → error):
  ../../.yarn/berry/cache/@rspress-core-npm-2.0.3-c87d0adf5b-10c0.zip/node_modules/@rspress/core/dist/theme/index.js
  ../../.yarn/berry/cache/@rspress-core-npm-2.0.3-c87d0adf5b-10c0.zip/node_modules/@rspress/core/dist/theme/layout/DocLayout/index.js ×

File: ../../.yarn/berry/cache/@rspress-core-npm-2.0.3-c87d0adf5b-10c0.zip/node_modules/@rspress/core/dist/theme/layout/HomeLayout/index.js:1:1-57
  × Module not found: Can't resolve 'react/jsx-runtime' in '/home/dev/.yarn/berry/cache/@rspress-core-npm-2.0.3-c87d0adf5b-10c0.zip/node_modules/@rspress/core/dist/theme/layout/HomeLayout'
   ╭─[1:0]
 1 │ import { Fragment, jsx, jsxs } from "react/jsx-runtime";
   · ────────────────────────────────────────────────────────
 2 │ import { useFrontmatter } from "@rspress/core/runtime";
 3 │ import { HomeBackground, HomeFeature, HomeFooter, HomeHero } from "@theme";
   ╰────
Import traces (entry → error):
  ../../.yarn/berry/cache/@rspress-core-npm-2.0.3-c87d0adf5b-10c0.zip/node_modules/@rspress/core/dist/theme/index.js
  ../../.yarn/berry/cache/@rspress-core-npm-2.0.3-c87d0adf5b-10c0.zip/node_modules/@rspress/core/dist/theme/layout/HomeLayout/index.js ×

File: ../../.yarn/berry/cache/@rspress-core-npm-2.0.3-c87d0adf5b-10c0.zip/node_modules/@rspress/core/dist/theme/layout/Layout/index.js:1:1-57
  × Module not found: Can't resolve 'react/jsx-runtime' in '/home/dev/.yarn/berry/cache/@rspress-core-npm-2.0.3-c87d0adf5b-10c0.zip/node_modules/@rspress/core/dist/theme/layout/Layout'
   ╭─[1:0]
 1 │ import { Fragment, jsx, jsxs } from "react/jsx-runtime";
   · ────────────────────────────────────────────────────────
 2 │ import { Content, useFrontmatter, useLocaleSiteData, usePage, useSite } from "@rspress/core/runtime";
 3 │ import { DocLayout, HomeLayout as external_theme_HomeLayout, Nav, NotFoundLayout as external_theme_NotFoundLayout, useRedirect4FirstVisit, useScrollReset, useSetup } from "@theme";
   ╰────
Import traces (entry → error):
  ../../.yarn/berry/cache/@rspress-core-npm-2.0.3-c87d0adf5b-10c0.zip/node_modules/@rspress/core/dist/theme/index.js
  ../../.yarn/berry/cache/@rspress-core-npm-2.0.3-c87d0adf5b-10c0.zip/node_modules/@rspress/core/dist/theme/layout/Layout/index.js ×

File: ../../.yarn/berry/cache/@rspress-core-npm-2.0.3-c87d0adf5b-10c0.zip/node_modules/@rspress/core/dist/theme/layout/Layout/index.js:4:1-47
  × Module not found: Can't resolve '@unhead/react' in '/home/dev/.yarn/berry/cache/@rspress-core-npm-2.0.3-c87d0adf5b-10c0.zip/node_modules/@rspress/core/dist/theme/layout/Layout'
   ╭─[4:0]
 2 │ import { Content, useFrontmatter, useLocaleSiteData, usePage, useSite } from "@rspress/core/runtime";
 3 │ import { DocLayout, HomeLayout as external_theme_HomeLayout, Nav, NotFoundLayout as external_theme_NotFoundLayout, useRedirect4FirstVisit, useScrollReset, useSetup } from "@theme";
 4 │ import { Head, useHead } from "@unhead/react";
   · ──────────────────────────────────────────────
 5 │ import react, { memo, useMemo } from "react";
 6 │ const concatTitle = (title, suffix)=>{
   ╰────
Import traces (entry → error):
  ../../.yarn/berry/cache/@rspress-core-npm-2.0.3-c87d0adf5b-10c0.zip/node_modules/@rspress/core/dist/theme/index.js
  ../../.yarn/berry/cache/@rspress-core-npm-2.0.3-c87d0adf5b-10c0.zip/node_modules/@rspress/core/dist/theme/layout/Layout/index.js ×

File: ../../.yarn/berry/cache/@rspress-core-npm-2.0.3-c87d0adf5b-10c0.zip/node_modules/@rspress/core/dist/theme/layout/Layout/index.js:5:1-46
  × Module not found: Can't resolve 'react' in '/home/dev/.yarn/berry/cache/@rspress-core-npm-2.0.3-c87d0adf5b-10c0.zip/node_modules/@rspress/core/dist/theme/layout/Layout'
   ╭─[5:0]
 3 │ import { DocLayout, HomeLayout as external_theme_HomeLayout, Nav, NotFoundLayout as external_theme_NotFoundLayout, useRedirect4FirstVisit, useScrollReset, useSetup } from "@theme";
 4 │ import { Head, useHead } from "@unhead/react";
 5 │ import react, { memo, useMemo } from "react";
   · ─────────────────────────────────────────────
 6 │ const concatTitle = (title, suffix)=>{
 7 │     if (!suffix) return title;
   ╰────
Import traces (entry → error):
  ../../.yarn/berry/cache/@rspress-core-npm-2.0.3-c87d0adf5b-10c0.zip/node_modules/@rspress/core/dist/theme/index.js
  ../../.yarn/berry/cache/@rspress-core-npm-2.0.3-c87d0adf5b-10c0.zip/node_modules/@rspress/core/dist/theme/layout/Layout/index.js ×

File: ../../.yarn/berry/cache/@rspress-core-npm-2.0.3-c87d0adf5b-10c0.zip/node_modules/@rspress/core/dist/theme/layout/NotFountLayout/index.js:1:1-47
  × Module not found: Can't resolve 'react/jsx-runtime' in '/home/dev/.yarn/berry/cache/@rspress-core-npm-2.0.3-c87d0adf5b-10c0.zip/node_modules/@rspress/core/dist/theme/layout/NotFountLayout'
   ╭─[1:0]
 1 │ import { jsx, jsxs } from "react/jsx-runtime";
   · ──────────────────────────────────────────────
 2 │ import { useI18n, usePageData } from "@rspress/core/runtime";
 3 │ import { Link } from "@theme";
   ╰────
Import traces (entry → error):
  ../../.yarn/berry/cache/@rspress-core-npm-2.0.3-c87d0adf5b-10c0.zip/node_modules/@rspress/core/dist/theme/index.js
  ../../.yarn/berry/cache/@rspress-core-npm-2.0.3-c87d0adf5b-10c0.zip/node_modules/@rspress/core/dist/theme/layout/NotFountLayout/index.js ×

File: ../../.yarn/berry/cache/@rspress-core-npm-2.0.3-c87d0adf5b-10c0.zip/node_modules/@rspress/core/dist/theme/logic/useFullTextSearch.js:2:1-53
  × Module not found: Can't resolve 'react' in '/home/dev/.yarn/berry/cache/@rspress-core-npm-2.0.3-c87d0adf5b-10c0.zip/node_modules/@rspress/core/dist/theme/logic'
   ╭─[2:0]
 1 │ import { usePageData } from "@rspress/core/runtime";
 2 │ import { useEffect, useRef, useState } from "react";
   · ────────────────────────────────────────────────────
 3 │ import { PageSearcher } from "../components/Search/logic/search.js";
 4 │ function useFullTextSearch() {
   ╰────
Import traces (entry → error):
  ../../.yarn/berry/cache/@rspress-core-npm-2.0.3-c87d0adf5b-10c0.zip/node_modules/@rspress/core/dist/theme/index.js
  ../../.yarn/berry/cache/@rspress-core-npm-2.0.3-c87d0adf5b-10c0.zip/node_modules/@rspress/core/dist/theme/logic/useFullTextSearch.js ×

File: ../../.yarn/berry/cache/@rspress-core-npm-2.0.3-c87d0adf5b-10c0.zip/node_modules/@rspress/core/dist/theme/logic/useMediaQuery.js:1:1-45
  × Module not found: Can't resolve 'react' in '/home/dev/.yarn/berry/cache/@rspress-core-npm-2.0.3-c87d0adf5b-10c0.zip/node_modules/@rspress/core/dist/theme/logic'
   ╭─[1:0]
 1 │ import { useEffect, useState } from "react";
   · ────────────────────────────────────────────
 2 │ const useMediaQuery = (query)=>{
 3 │     const [matches, setMatches] = useState(()=>"u" > typeof window ? window.matchMedia(query).matches : false);
   ╰────
Import traces (entry → error):
  ../../.yarn/berry/cache/@rspress-core-npm-2.0.3-c87d0adf5b-10c0.zip/node_modules/@rspress/core/dist/theme/index.js
  ../../.yarn/berry/cache/@rspress-core-npm-2.0.3-c87d0adf5b-10c0.zip/node_modules/@rspress/core/dist/theme/logic/useThemeState.js
  ../../.yarn/berry/cache/@rspress-core-npm-2.0.3-c87d0adf5b-10c0.zip/node_modules/@rspress/core/dist/theme/logic/useMediaQuery.js ×

File: ../../.yarn/berry/cache/@rspress-core-npm-2.0.3-c87d0adf5b-10c0.zip/node_modules/@rspress/core/dist/theme/logic/usePrevNextPage.js:3:26-37
  × ESModulesLinkingError: export 'useLocation' (imported as 'useLocation') was not found in '@rspress/core/runtime' (possible exports: Content, NoSSR, PageContext, ThemeContext, addLeadingSlash, addTrailingSlash, cleanUrlByConfig, getSidebarDataGroup, isActive, isEqualPath, isProduction, normalizeHrefInRuntime, normalizeImagePath, pathnameToRouteService, preloadLink, removeBase, removeTrailingSlash, routePathToMdPath, useActiveMatcher, useDark, useFrontmatter, useI18n, useLang, useLocaleSiteData, useNav, usePage, usePageData, useSidebar, useSidebarDynamic, useSite, useVersion, useWindowSize, withBase)
   ╭─[3:25]
 1 │ import { isEqualPath, useLocation, useSidebar } from "@rspress/core/runtime";
 2 │ function usePrevNextPage() {
 3 │     const { pathname } = useLocation();
   ·                          ───────────
 4 │     const items = useSidebar();
 5 │     const flattenTitles = [];
   ╰────
Import traces (entry → error):
  ../../.yarn/berry/cache/@rspress-core-npm-2.0.3-c87d0adf5b-10c0.zip/node_modules/@rspress/core/dist/theme/index.js
  ../../.yarn/berry/cache/@rspress-core-npm-2.0.3-c87d0adf5b-10c0.zip/node_modules/@rspress/core/dist/theme/logic/usePrevNextPage.js ×

File: ../../.yarn/berry/cache/@rspress-core-npm-2.0.3-c87d0adf5b-10c0.zip/node_modules/@rspress/core/dist/theme/logic/useRedirect4FirstVisit.js:2:1-35
  × Module not found: Can't resolve 'react' in '/home/dev/.yarn/berry/cache/@rspress-core-npm-2.0.3-c87d0adf5b-10c0.zip/node_modules/@rspress/core/dist/theme/logic'
   ╭─[2:0]
 1 │ import { removeBase, usePageData, withBase } from "@rspress/core/runtime";
 2 │ import { useEffect } from "react";
   · ──────────────────────────────────
 3 │ function useRedirect4FirstVisit() {
 4 │     const { siteData, page } = usePageData();
   ╰────
Import traces (entry → error):
  ../../.yarn/berry/cache/@rspress-core-npm-2.0.3-c87d0adf5b-10c0.zip/node_modules/@rspress/core/dist/theme/index.js
  ../../.yarn/berry/cache/@rspress-core-npm-2.0.3-c87d0adf5b-10c0.zip/node_modules/@rspress/core/dist/theme/logic/useRedirect4FirstVisit.js ×

File: ../../.yarn/berry/cache/@rspress-core-npm-2.0.3-c87d0adf5b-10c0.zip/node_modules/@rspress/core/dist/theme/logic/useScrollAfterNav.js:2:1-41
  × Module not found: Can't resolve 'react' in '/home/dev/.yarn/berry/cache/@rspress-core-npm-2.0.3-c87d0adf5b-10c0.zip/node_modules/@rspress/core/dist/theme/logic'
   ╭─[2:0]
 1 │ import { useLocation } from "@rspress/core/runtime";
 2 │ import { useLayoutEffect } from "react";
   · ────────────────────────────────────────
 3 │ function parseCSSLength(value) {
 4 │     if (!value || 'auto' === value || 'none' === value) return 0;
   ╰────
Import traces (entry → error):
  ../../.yarn/berry/cache/@rspress-core-npm-2.0.3-c87d0adf5b-10c0.zip/node_modules/@rspress/core/dist/theme/index.js
  ../../.yarn/berry/cache/@rspress-core-npm-2.0.3-c87d0adf5b-10c0.zip/node_modules/@rspress/core/dist/theme/logic/useScrollAfterNav.js ×

File: ../../.yarn/berry/cache/@rspress-core-npm-2.0.3-c87d0adf5b-10c0.zip/node_modules/@rspress/core/dist/theme/logic/useScrollAfterNav.js:22:22-33
  × ESModulesLinkingError: export 'useLocation' (imported as 'useLocation') was not found in '@rspress/core/runtime' (possible exports: Content, NoSSR, PageContext, ThemeContext, addLeadingSlash, addTrailingSlash, cleanUrlByConfig, getSidebarDataGroup, isActive, isEqualPath, isProduction, normalizeHrefInRuntime, normalizeImagePath, pathnameToRouteService, preloadLink, removeBase, removeTrailingSlash, routePathToMdPath, useActiveMatcher, useDark, useFrontmatter, useI18n, useLang, useLocaleSiteData, useNav, usePage, usePageData, useSidebar, useSidebarDynamic, useSite, useVersion, useWindowSize, withBase)
    ╭─[22:21]
 20 │ }
 21 │ function useScrollAfterNav() {
 22 │     const location = useLocation();
    ·                      ───────────
 23 │     useLayoutEffect(()=>{
 24 │         if ("u" < typeof window) return;
    ╰────
Import traces (entry → error):
  ../../.yarn/berry/cache/@rspress-core-npm-2.0.3-c87d0adf5b-10c0.zip/node_modules/@rspress/core/dist/theme/index.js
  ../../.yarn/berry/cache/@rspress-core-npm-2.0.3-c87d0adf5b-10c0.zip/node_modules/@rspress/core/dist/theme/logic/useScrollAfterNav.js ×

File: ../../.yarn/berry/cache/@rspress-core-npm-2.0.3-c87d0adf5b-10c0.zip/node_modules/@rspress/core/dist/theme/logic/useScrollReset.js:1:1-41
  × Module not found: Can't resolve 'react' in '/home/dev/.yarn/berry/cache/@rspress-core-npm-2.0.3-c87d0adf5b-10c0.zip/node_modules/@rspress/core/dist/theme/logic'
   ╭─[1:0]
 1 │ import { useLayoutEffect } from "react";
   · ────────────────────────────────────────
 2 │ import { useLocation } from "react-router-dom";
 3 │ function useScrollReset() {
   ╰────
Import traces (entry → error):
  ../../.yarn/berry/cache/@rspress-core-npm-2.0.3-c87d0adf5b-10c0.zip/node_modules/@rspress/core/dist/theme/index.js
  ../../.yarn/berry/cache/@rspress-core-npm-2.0.3-c87d0adf5b-10c0.zip/node_modules/@rspress/core/dist/theme/logic/useScrollReset.js ×

File: ../../.yarn/berry/cache/@rspress-core-npm-2.0.3-c87d0adf5b-10c0.zip/node_modules/@rspress/core/dist/theme/logic/useScrollReset.js:2:1-48
  × Module not found: Can't resolve 'react-router-dom' in '/home/dev/.yarn/berry/cache/@rspress-core-npm-2.0.3-c87d0adf5b-10c0.zip/node_modules/@rspress/core/dist/theme/logic'
   ╭─[2:0]
 1 │ import { useLayoutEffect } from "react";
 2 │ import { useLocation } from "react-router-dom";
   · ───────────────────────────────────────────────
 3 │ function useScrollReset() {
 4 │     const { pathname } = useLocation();
   ╰────
Import traces (entry → error):
  ../../.yarn/berry/cache/@rspress-core-npm-2.0.3-c87d0adf5b-10c0.zip/node_modules/@rspress/core/dist/theme/index.js
  ../../.yarn/berry/cache/@rspress-core-npm-2.0.3-c87d0adf5b-10c0.zip/node_modules/@rspress/core/dist/theme/logic/useScrollReset.js ×

File: ../../.yarn/berry/cache/@rspress-core-npm-2.0.3-c87d0adf5b-10c0.zip/node_modules/@rspress/core/dist/theme/logic/useStorageValue.js:1:1-58
  × Module not found: Can't resolve 'react' in '/home/dev/.yarn/berry/cache/@rspress-core-npm-2.0.3-c87d0adf5b-10c0.zip/node_modules/@rspress/core/dist/theme/logic'
   ╭─[1:0]
 1 │ import { useCallback, useEffect, useState } from "react";
   · ─────────────────────────────────────────────────────────
 2 │ const SYNC_STORAGE_EVENT_NAME = 'RSPRESS_SYNC_STORAGE_EVENT_NAME';
 3 │ const useStorageValue = (key, defaultValue)=>{
   ╰────
Import traces (entry → error):
  ../../.yarn/berry/cache/@rspress-core-npm-2.0.3-c87d0adf5b-10c0.zip/node_modules/@rspress/core/dist/theme/index.js
  ../../.yarn/berry/cache/@rspress-core-npm-2.0.3-c87d0adf5b-10c0.zip/node_modules/@rspress/core/dist/theme/logic/useStorageValue.js ×

File: ../../.yarn/berry/cache/@rspress-core-npm-2.0.3-c87d0adf5b-10c0.zip/node_modules/@rspress/core/dist/theme/logic/useThemeState.js:2:1-63
  × Module not found: Can't resolve 'react' in '/home/dev/.yarn/berry/cache/@rspress-core-npm-2.0.3-c87d0adf5b-10c0.zip/node_modules/@rspress/core/dist/theme/logic'
   ╭─[2:0]
 1 │ import { useSite } from "@rspress/core/runtime";
 2 │ import { useCallback, useLayoutEffect, useMemo } from "react";
   · ──────────────────────────────────────────────────────────────
 3 │ import { useMediaQuery } from "./useMediaQuery.js";
 4 │ import { useStorageValue } from "./useStorageValue.js";
   ╰────
Import traces (entry → error):
  ../../.yarn/berry/cache/@rspress-core-npm-2.0.3-c87d0adf5b-10c0.zip/node_modules/@rspress/core/dist/theme/index.js
  ../../.yarn/berry/cache/@rspress-core-npm-2.0.3-c87d0adf5b-10c0.zip/node_modules/@rspress/core/dist/theme/logic/useThemeState.js ×

File: ../../.yarn/berry/cache/@rspress-core-npm-2.0.3-c87d0adf5b-10c0.zip/node_modules/@rspress/core/dist/theme/styles/index.js:1:1-34
  × Module not found: Can't resolve 'nprogress/nprogress.css' in '/home/dev/.yarn/berry/cache/@rspress-core-npm-2.0.3-c87d0adf5b-10c0.zip/node_modules/@rspress/core/dist/theme/styles'
   ╭─[1:0]
 1 │ import "nprogress/nprogress.css";
   · ─────────────────────────────────
 2 │ import "./vars/brand-vars.css";
 3 │ import "./vars/shiki-vars.css";
   ╰────

File: ../../.yarn/berry/cache/@rspress-core-npm-2.0.3-c87d0adf5b-10c0.zip/node_modules/@rspress/core/static/MediumZoom.tsx:2:1-38
  × Module not found: Can't resolve 'medium-zoom' in '/home/dev/.yarn/berry/cache/@rspress-core-npm-2.0.3-c87d0adf5b-10c0.zip/node_modules/@rspress/core/static'
   ╭─[2:0]
 1 │ import { useLocation } from '@rspress/core/runtime';
 2 │ import mediumZoom from 'medium-zoom';
   · ─────────────────────────────────────
 3 │ import { useEffect } from 'react';
 4 │ import './MediumZoom.css';
   ╰────
Import traces (entry → error):
  ../../.yarn/berry/cache/@rspress-core-npm-2.0.3-c87d0adf5b-10c0.zip/node_modules/@rspress/core/dist/runtime/ssrServerEntry.js
  ../../.yarn/berry/cache/@rspress-core-npm-2.0.3-c87d0adf5b-10c0.zip/node_modules/@rspress/core/dist/runtime/App.js
  ./.rspress/runtime/virtual-global-components.js
  ../../.yarn/berry/cache/@rspress-core-npm-2.0.3-c87d0adf5b-10c0.zip/node_modules/@rspress/core/static/MediumZoom.tsx ×

File: ../../.yarn/berry/cache/@rspress-core-npm-2.0.3-c87d0adf5b-10c0.zip/node_modules/@rspress/core/static/MediumZoom.tsx:3:1-35
  × Module not found: Can't resolve 'react' in '/home/dev/.yarn/berry/cache/@rspress-core-npm-2.0.3-c87d0adf5b-10c0.zip/node_modules/@rspress/core/static'
   ╭─[3:0]
 1 │ import { useLocation } from '@rspress/core/runtime';
 2 │ import mediumZoom from 'medium-zoom';
 3 │ import { useEffect } from 'react';
   · ──────────────────────────────────
 4 │ import './MediumZoom.css';
 5 │ export default function MediumZoom(props) {
   ╰────
Import traces (entry → error):
  ../../.yarn/berry/cache/@rspress-core-npm-2.0.3-c87d0adf5b-10c0.zip/node_modules/@rspress/core/dist/runtime/ssrServerEntry.js
  ../../.yarn/berry/cache/@rspress-core-npm-2.0.3-c87d0adf5b-10c0.zip/node_modules/@rspress/core/dist/runtime/App.js
  ./.rspress/runtime/virtual-global-components.js
  ../../.yarn/berry/cache/@rspress-core-npm-2.0.3-c87d0adf5b-10c0.zip/node_modules/@rspress/core/static/MediumZoom.tsx ×

File: ../../.yarn/berry/cache/@rspress-core-npm-2.0.3-c87d0adf5b-10c0.zip/node_modules/@rspress/core/static/MediumZoom.tsx:6:26-37
  × ESModulesLinkingError: export 'useLocation' (imported as 'useLocation') was not found in '@rspress/core/runtime' (possible exports: Content, NoSSR, PageContext, ThemeContext, addLeadingSlash, addTrailingSlash, cleanUrlByConfig, getSidebarDataGroup, isActive, isEqualPath, isProduction, normalizeHrefInRuntime, normalizeImagePath, pathnameToRouteService, preloadLink, removeBase, removeTrailingSlash, routePathToMdPath, useActiveMatcher, useDark, useFrontmatter, useI18n, useLang, useLocaleSiteData, useNav, usePage, usePageData, useSidebar, useSidebarDynamic, useSite, useVersion, useWindowSize, withBase)
   ╭─[6:25]
 4 │ import './MediumZoom.css';
 5 │ export default function MediumZoom(props) {
 6 │     const { pathname } = useLocation();
   ·                          ───────────
 7 │     const { selector = '.rspress-doc img', options = {} } = props;
 8 │     useEffect(()=>{
   ╰────
Import traces (entry → error):
  ../../.yarn/berry/cache/@rspress-core-npm-2.0.3-c87d0adf5b-10c0.zip/node_modules/@rspress/core/dist/runtime/ssrServerEntry.js
  ../../.yarn/berry/cache/@rspress-core-npm-2.0.3-c87d0adf5b-10c0.zip/node_modules/@rspress/core/dist/runtime/App.js
  ./.rspress/runtime/virtual-global-components.js
  ../../.yarn/berry/cache/@rspress-core-npm-2.0.3-c87d0adf5b-10c0.zip/node_modules/@rspress/core/static/MediumZoom.tsx ×

error   build failed in 0.65 s (web)
error   Rspack build failed.
    at file:///home/dev/rspress-yarn/.yarn/__virtual__/@rsbuild-core-virtual-94efbf5785/3/.yarn/berry/cache/@rsbuild-core-npm-2.0.0-beta.3-9610d4247d-10c0.zip/node_modules/@rsbuild/core/dist/131.js:4129:145
    at file:///home/dev/rspress-yarn/.yarn/__virtual__/@rspack-core-virtual-3de37d39a5/3/.yarn/berry/cache/@rspack-core-npm-2.0.0-beta.0-e4df6630c5-10c0.zip/node_modules/@rspack/core/dist/index.js:7649:31
    at callback1 (file:///home/dev/rspress-yarn/.yarn/__virtual__/@rspack-core-virtual-3de37d39a5/3/.yarn/berry/cache/@rspack-core-npm-2.0.0-beta.0-e4df6630c5-10c0.zip/node_modules/@rspack/core/dist/index.js:7657:78)
    at file:///home/dev/rspress-yarn/.yarn/__virtual__/@rspack-core-virtual-3de37d39a5/3/.yarn/berry/cache/@rspack-core-npm-2.0.0-beta.0-e4df6630c5-10c0.zip/node_modules/@rspack/core/dist/index.js:7663:36
    at file:///home/dev/rspress-yarn/.yarn/__virtual__/@rspack-core-virtual-3de37d39a5/3/.yarn/berry/cache/@rspack-core-npm-2.0.0-beta.0-e4df6630c5-10c0.zip/node_modules/@rspack/core/dist/index.js:11042:42
    at file:///home/dev/rspress-yarn/.yarn/__virtual__/@rspack-core-virtual-3de37d39a5/3/.yarn/berry/cache/@rspack-core-npm-2.0.0-beta.0-e4df6630c5-10c0.zip/node_modules/@rspack/core/dist/index.js:7263:109
    at done (file:///home/dev/.yarn/berry/cache/@rspack-lite-tapable-npm-1.1.0-99ac700faa-10c0.zip/node_modules/@rspack/lite-tapable/dist/index.js:331:13)
    at AsyncParallelHook.callAsyncStageRange (file:///home/dev/.yarn/berry/cache/@rspack-lite-tapable-npm-1.1.0-99ac700faa-10c0.zip/node_modules/@rspack/lite-tapable/dist/index.js:369:51)
    at AsyncParallelHook.callAsync (file:///home/dev/.yarn/berry/cache/@rspack-lite-tapable-npm-1.1.0-99ac700faa-10c0.zip/node_modules/@rspack/lite-tapable/dist/index.js:59:21)
    at Cache.shutdown (file:///home/dev/rspress-yarn/.yarn/__virtual__/@rspack-core-virtual-3de37d39a5/3/.yarn/berry/cache/@rspack-core-npm-2.0.0-beta.0-e4df6630c5-10c0.zip/node_modules/@rspack/core/dist/index.js:7316:29)
